 * Serving Flask app 'app'
 * Debug mode: off
[31m[1mWARNING: This is a development server. Do not use it in a production deployment. Use a production WSGI server instead.[0m
 * Running on all addresses (0.0.0.0)
 * Running on http://127.0.0.1:5000
 * Running on http://10.100.130.76:5000
[33mPress CTRL+C to quit[0m
10.100.140.241 - - [30/Jul/2024 15:45:29] "POST /api/login HTTP/1.1" 200 -
[2024-07-30 15:45:38,587] ERROR in app: Exception on /api/data [GET]
Traceback (most recent call last):
  File "/home/administrator/flask/myenv/lib/python3.8/site-packages/sqlalchemy/engine/base.py", line 1967, in _exec_single_context
    self.dialect.do_execute(
  File "/home/administrator/flask/myenv/lib/python3.8/site-packages/sqlalchemy/engine/default.py", line 924, in do_execute
    cursor.execute(statement, parameters)
  File "/home/administrator/flask/myenv/lib/python3.8/site-packages/MySQLdb/cursors.py", line 179, in execute
    res = self._query(mogrified_query)
  File "/home/administrator/flask/myenv/lib/python3.8/site-packages/MySQLdb/cursors.py", line 330, in _query
    db.query(q)
  File "/home/administrator/flask/myenv/lib/python3.8/site-packages/MySQLdb/connections.py", line 261, in query
    _mysql.connection.query(self, query)
MySQLdb.OperationalError: (1054, "Unknown column 'eod_dump.Qty_2' in 'field list'")

The above exception was the direct cause of the following exception:

Traceback (most recent call last):
  File "/home/administrator/flask/myenv/lib/python3.8/site-packages/flask/app.py", line 1473, in wsgi_app
    response = self.full_dispatch_request()
  File "/home/administrator/flask/myenv/lib/python3.8/site-packages/flask/app.py", line 882, in full_dispatch_request
    rv = self.handle_user_exception(e)
  File "/home/administrator/flask/myenv/lib/python3.8/site-packages/flask_cors/extension.py", line 178, in wrapped_function
    return cors_after_request(app.make_response(f(*args, **kwargs)))
  File "/home/administrator/flask/myenv/lib/python3.8/site-packages/flask/app.py", line 880, in full_dispatch_request
    rv = self.dispatch_request()
  File "/home/administrator/flask/myenv/lib/python3.8/site-packages/flask/app.py", line 865, in dispatch_request
    return self.ensure_sync(self.view_functions[rule.endpoint])(**view_args)  # type: ignore[no-any-return]
  File "app.py", line 186, in get_data
    data = query.all()
  File "/home/administrator/flask/myenv/lib/python3.8/site-packages/sqlalchemy/orm/query.py", line 2673, in all
    return self._iter().all()  # type: ignore
  File "/home/administrator/flask/myenv/lib/python3.8/site-packages/sqlalchemy/orm/query.py", line 2827, in _iter
    result: Union[ScalarResult[_T], Result[_T]] = self.session.execute(
  File "/home/administrator/flask/myenv/lib/python3.8/site-packages/sqlalchemy/orm/session.py", line 2351, in execute
    return self._execute_internal(
  File "/home/administrator/flask/myenv/lib/python3.8/site-packages/sqlalchemy/orm/session.py", line 2236, in _execute_internal
    result: Result[Any] = compile_state_cls.orm_execute_statement(
  File "/home/administrator/flask/myenv/lib/python3.8/site-packages/sqlalchemy/orm/context.py", line 293, in orm_execute_statement
    result = conn.execute(
  File "/home/administrator/flask/myenv/lib/python3.8/site-packages/sqlalchemy/engine/base.py", line 1418, in execute
    return meth(
  File "/home/administrator/flask/myenv/lib/python3.8/site-packages/sqlalchemy/sql/elements.py", line 515, in _execute_on_connection
    return connection._execute_clauseelement(
  File "/home/administrator/flask/myenv/lib/python3.8/site-packages/sqlalchemy/engine/base.py", line 1640, in _execute_clauseelement
    ret = self._execute_context(
  File "/home/administrator/flask/myenv/lib/python3.8/site-packages/sqlalchemy/engine/base.py", line 1846, in _execute_context
    return self._exec_single_context(
  File "/home/administrator/flask/myenv/lib/python3.8/site-packages/sqlalchemy/engine/base.py", line 1986, in _exec_single_context
    self._handle_dbapi_exception(
  File "/home/administrator/flask/myenv/lib/python3.8/site-packages/sqlalchemy/engine/base.py", line 2353, in _handle_dbapi_exception
    raise sqlalchemy_exception.with_traceback(exc_info[2]) from e
  File "/home/administrator/flask/myenv/lib/python3.8/site-packages/sqlalchemy/engine/base.py", line 1967, in _exec_single_context
    self.dialect.do_execute(
  File "/home/administrator/flask/myenv/lib/python3.8/site-packages/sqlalchemy/engine/default.py", line 924, in do_execute
    cursor.execute(statement, parameters)
  File "/home/administrator/flask/myenv/lib/python3.8/site-packages/MySQLdb/cursors.py", line 179, in execute
    res = self._query(mogrified_query)
  File "/home/administrator/flask/myenv/lib/python3.8/site-packages/MySQLdb/cursors.py", line 330, in _query
    db.query(q)
  File "/home/administrator/flask/myenv/lib/python3.8/site-packages/MySQLdb/connections.py", line 261, in query
    _mysql.connection.query(self, query)
sqlalchemy.exc.OperationalError: (MySQLdb.OperationalError) (1054, "Unknown column 'eod_dump.Qty_2' in 'field list'")
[SQL: SELECT eod_dump.`Date` AS `eod_dump_Date`, eod_dump.`TeamLeader` AS `eod_dump_TeamLeader`, eod_dump.`Gang` AS `eod_dump_Gang`, eod_dump.`Work_Type` AS `eod_dump_Work_Type`, eod_dump.`Item_Mst_ID` AS `eod_dump_Item_Mst_ID`, eod_dump.`Item_Description` AS `eod_dump_Item_Description`, eod_dump.`Activity` AS `eod_dump_Activity`, eod_dump.`WeekNumber` AS `eod_dump_WeekNumber`, eod_dump.`Output_Date_MonthYear` AS `eod_dump_Output_Date_MonthYear`, eod_dump.`Qty` AS `eod_dump_Qty`, eod_dump.`UOM` AS `eod_dump_UOM`, eod_dump.`Rate` AS `eod_dump_Rate`, eod_dump.`Total` AS `eod_dump_Total`, eod_dump.`Area` AS `eod_dump_Area`, eod_dump.`Mst_Item_Rpt_Group1` AS `eod_dump_Mst_Item_Rpt_Group1`, eod_dump.`Project_ID` AS `eod_dump_Project_ID`, eod_dump.`Project_Name` AS `eod_dump_Project_Name`, eod_dump.`Seed` AS `eod_dump_Seed`, eod_dump.`Comment` AS `eod_dump_Comment`, eod_dump.`Planning_KPI1` AS `eod_dump_Planning_KPI1`, eod_dump.`Email_ID` AS `eod_dump_Email_ID`, eod_dump.`User_Name` AS `eod_dump_User_Name`, eod_dump.`AuditLog` AS `eod_dump_AuditLog`, eod_dump.`Work_Period` AS `eod_dump_Work_Period`, eod_dump.`Job_Pack_No` AS `eod_dump_Job_Pack_No`, eod_dump.`Route` AS `eod_dump_Route`, eod_dump.`Work_Category` AS `eod_dump_Work_Category`, eod_dump.`Approved_Status` AS `eod_dump_Approved_Status`, eod_dump.`PMO_Coordinator` AS `eod_dump_PMO_Coordinator`, eod_dump.`QA_remarks` AS `eod_dump_QA_remarks`, eod_dump.`Span_length` AS `eod_dump_Span_length`, eod_dump.`Qty_2` AS `eod_dump_Qty_2`, eod_dump.`Taken_To_Revenue` AS `eod_dump_Taken_To_Revenue` 
FROM eod_dump]
(Background on this error at: https://sqlalche.me/e/20/e3q8)
10.100.140.241 - - [30/Jul/2024 15:45:38] "[35m[1mGET /api/data HTTP/1.1[0m" 500 -
10.100.140.241 - - [30/Jul/2024 15:51:24] "POST /api/login HTTP/1.1" 200 -
[2024-07-30 15:52:39,570] ERROR in app: Exception on /api/data [GET]
Traceback (most recent call last):
  File "/home/administrator/flask/myenv/lib/python3.8/site-packages/sqlalchemy/engine/base.py", line 1967, in _exec_single_context
    self.dialect.do_execute(
  File "/home/administrator/flask/myenv/lib/python3.8/site-packages/sqlalchemy/engine/default.py", line 924, in do_execute
    cursor.execute(statement, parameters)
  File "/home/administrator/flask/myenv/lib/python3.8/site-packages/MySQLdb/cursors.py", line 179, in execute
    res = self._query(mogrified_query)
  File "/home/administrator/flask/myenv/lib/python3.8/site-packages/MySQLdb/cursors.py", line 330, in _query
    db.query(q)
  File "/home/administrator/flask/myenv/lib/python3.8/site-packages/MySQLdb/connections.py", line 261, in query
    _mysql.connection.query(self, query)
MySQLdb.OperationalError: (1054, "Unknown column 'eod_dump.Qty_2' in 'field list'")

The above exception was the direct cause of the following exception:

Traceback (most recent call last):
  File "/home/administrator/flask/myenv/lib/python3.8/site-packages/flask/app.py", line 1473, in wsgi_app
    response = self.full_dispatch_request()
  File "/home/administrator/flask/myenv/lib/python3.8/site-packages/flask/app.py", line 882, in full_dispatch_request
    rv = self.handle_user_exception(e)
  File "/home/administrator/flask/myenv/lib/python3.8/site-packages/flask_cors/extension.py", line 178, in wrapped_function
    return cors_after_request(app.make_response(f(*args, **kwargs)))
  File "/home/administrator/flask/myenv/lib/python3.8/site-packages/flask/app.py", line 880, in full_dispatch_request
    rv = self.dispatch_request()
  File "/home/administrator/flask/myenv/lib/python3.8/site-packages/flask/app.py", line 865, in dispatch_request
    return self.ensure_sync(self.view_functions[rule.endpoint])(**view_args)  # type: ignore[no-any-return]
  File "app.py", line 186, in get_data
    data = query.all()
  File "/home/administrator/flask/myenv/lib/python3.8/site-packages/sqlalchemy/orm/query.py", line 2673, in all
    return self._iter().all()  # type: ignore
  File "/home/administrator/flask/myenv/lib/python3.8/site-packages/sqlalchemy/orm/query.py", line 2827, in _iter
    result: Union[ScalarResult[_T], Result[_T]] = self.session.execute(
  File "/home/administrator/flask/myenv/lib/python3.8/site-packages/sqlalchemy/orm/session.py", line 2351, in execute
    return self._execute_internal(
  File "/home/administrator/flask/myenv/lib/python3.8/site-packages/sqlalchemy/orm/session.py", line 2236, in _execute_internal
    result: Result[Any] = compile_state_cls.orm_execute_statement(
  File "/home/administrator/flask/myenv/lib/python3.8/site-packages/sqlalchemy/orm/context.py", line 293, in orm_execute_statement
    result = conn.execute(
  File "/home/administrator/flask/myenv/lib/python3.8/site-packages/sqlalchemy/engine/base.py", line 1418, in execute
    return meth(
  File "/home/administrator/flask/myenv/lib/python3.8/site-packages/sqlalchemy/sql/elements.py", line 515, in _execute_on_connection
    return connection._execute_clauseelement(
  File "/home/administrator/flask/myenv/lib/python3.8/site-packages/sqlalchemy/engine/base.py", line 1640, in _execute_clauseelement
    ret = self._execute_context(
  File "/home/administrator/flask/myenv/lib/python3.8/site-packages/sqlalchemy/engine/base.py", line 1846, in _execute_context
    return self._exec_single_context(
  File "/home/administrator/flask/myenv/lib/python3.8/site-packages/sqlalchemy/engine/base.py", line 1986, in _exec_single_context
    self._handle_dbapi_exception(
  File "/home/administrator/flask/myenv/lib/python3.8/site-packages/sqlalchemy/engine/base.py", line 2353, in _handle_dbapi_exception
    raise sqlalchemy_exception.with_traceback(exc_info[2]) from e
  File "/home/administrator/flask/myenv/lib/python3.8/site-packages/sqlalchemy/engine/base.py", line 1967, in _exec_single_context
    self.dialect.do_execute(
  File "/home/administrator/flask/myenv/lib/python3.8/site-packages/sqlalchemy/engine/default.py", line 924, in do_execute
    cursor.execute(statement, parameters)
  File "/home/administrator/flask/myenv/lib/python3.8/site-packages/MySQLdb/cursors.py", line 179, in execute
    res = self._query(mogrified_query)
  File "/home/administrator/flask/myenv/lib/python3.8/site-packages/MySQLdb/cursors.py", line 330, in _query
    db.query(q)
  File "/home/administrator/flask/myenv/lib/python3.8/site-packages/MySQLdb/connections.py", line 261, in query
    _mysql.connection.query(self, query)
sqlalchemy.exc.OperationalError: (MySQLdb.OperationalError) (1054, "Unknown column 'eod_dump.Qty_2' in 'field list'")
[SQL: SELECT eod_dump.`Date` AS `eod_dump_Date`, eod_dump.`TeamLeader` AS `eod_dump_TeamLeader`, eod_dump.`Gang` AS `eod_dump_Gang`, eod_dump.`Work_Type` AS `eod_dump_Work_Type`, eod_dump.`Item_Mst_ID` AS `eod_dump_Item_Mst_ID`, eod_dump.`Item_Description` AS `eod_dump_Item_Description`, eod_dump.`Activity` AS `eod_dump_Activity`, eod_dump.`WeekNumber` AS `eod_dump_WeekNumber`, eod_dump.`Output_Date_MonthYear` AS `eod_dump_Output_Date_MonthYear`, eod_dump.`Qty` AS `eod_dump_Qty`, eod_dump.`UOM` AS `eod_dump_UOM`, eod_dump.`Rate` AS `eod_dump_Rate`, eod_dump.`Total` AS `eod_dump_Total`, eod_dump.`Area` AS `eod_dump_Area`, eod_dump.`Mst_Item_Rpt_Group1` AS `eod_dump_Mst_Item_Rpt_Group1`, eod_dump.`Project_ID` AS `eod_dump_Project_ID`, eod_dump.`Project_Name` AS `eod_dump_Project_Name`, eod_dump.`Seed` AS `eod_dump_Seed`, eod_dump.`Comment` AS `eod_dump_Comment`, eod_dump.`Planning_KPI1` AS `eod_dump_Planning_KPI1`, eod_dump.`Email_ID` AS `eod_dump_Email_ID`, eod_dump.`User_Name` AS `eod_dump_User_Name`, eod_dump.`AuditLog` AS `eod_dump_AuditLog`, eod_dump.`Work_Period` AS `eod_dump_Work_Period`, eod_dump.`Job_Pack_No` AS `eod_dump_Job_Pack_No`, eod_dump.`Route` AS `eod_dump_Route`, eod_dump.`Work_Category` AS `eod_dump_Work_Category`, eod_dump.`Approved_Status` AS `eod_dump_Approved_Status`, eod_dump.`PMO_Coordinator` AS `eod_dump_PMO_Coordinator`, eod_dump.`QA_remarks` AS `eod_dump_QA_remarks`, eod_dump.`Span_length` AS `eod_dump_Span_length`, eod_dump.`Qty_2` AS `eod_dump_Qty_2`, eod_dump.`Taken_To_Revenue` AS `eod_dump_Taken_To_Revenue` 
FROM eod_dump]
(Background on this error at: https://sqlalche.me/e/20/e3q8)
10.100.140.241 - - [30/Jul/2024 15:52:39] "[35m[1mGET /api/data HTTP/1.1[0m" 500 -
[2024-07-30 15:54:02,812] ERROR in app: Exception on /api/data [GET]
Traceback (most recent call last):
  File "/home/administrator/flask/myenv/lib/python3.8/site-packages/sqlalchemy/engine/base.py", line 1967, in _exec_single_context
    self.dialect.do_execute(
  File "/home/administrator/flask/myenv/lib/python3.8/site-packages/sqlalchemy/engine/default.py", line 924, in do_execute
    cursor.execute(statement, parameters)
  File "/home/administrator/flask/myenv/lib/python3.8/site-packages/MySQLdb/cursors.py", line 179, in execute
    res = self._query(mogrified_query)
  File "/home/administrator/flask/myenv/lib/python3.8/site-packages/MySQLdb/cursors.py", line 330, in _query
    db.query(q)
  File "/home/administrator/flask/myenv/lib/python3.8/site-packages/MySQLdb/connections.py", line 261, in query
    _mysql.connection.query(self, query)
MySQLdb.OperationalError: (1054, "Unknown column 'eod_dump.Qty_2' in 'field list'")

The above exception was the direct cause of the following exception:

Traceback (most recent call last):
  File "/home/administrator/flask/myenv/lib/python3.8/site-packages/flask/app.py", line 1473, in wsgi_app
    response = self.full_dispatch_request()
  File "/home/administrator/flask/myenv/lib/python3.8/site-packages/flask/app.py", line 882, in full_dispatch_request
    rv = self.handle_user_exception(e)
  File "/home/administrator/flask/myenv/lib/python3.8/site-packages/flask_cors/extension.py", line 178, in wrapped_function
    return cors_after_request(app.make_response(f(*args, **kwargs)))
  File "/home/administrator/flask/myenv/lib/python3.8/site-packages/flask/app.py", line 880, in full_dispatch_request
    rv = self.dispatch_request()
  File "/home/administrator/flask/myenv/lib/python3.8/site-packages/flask/app.py", line 865, in dispatch_request
    return self.ensure_sync(self.view_functions[rule.endpoint])(**view_args)  # type: ignore[no-any-return]
  File "app.py", line 186, in get_data
    data = query.all()
  File "/home/administrator/flask/myenv/lib/python3.8/site-packages/sqlalchemy/orm/query.py", line 2673, in all
    return self._iter().all()  # type: ignore
  File "/home/administrator/flask/myenv/lib/python3.8/site-packages/sqlalchemy/orm/query.py", line 2827, in _iter
    result: Union[ScalarResult[_T], Result[_T]] = self.session.execute(
  File "/home/administrator/flask/myenv/lib/python3.8/site-packages/sqlalchemy/orm/session.py", line 2351, in execute
    return self._execute_internal(
  File "/home/administrator/flask/myenv/lib/python3.8/site-packages/sqlalchemy/orm/session.py", line 2236, in _execute_internal
    result: Result[Any] = compile_state_cls.orm_execute_statement(
  File "/home/administrator/flask/myenv/lib/python3.8/site-packages/sqlalchemy/orm/context.py", line 293, in orm_execute_statement
    result = conn.execute(
  File "/home/administrator/flask/myenv/lib/python3.8/site-packages/sqlalchemy/engine/base.py", line 1418, in execute
    return meth(
  File "/home/administrator/flask/myenv/lib/python3.8/site-packages/sqlalchemy/sql/elements.py", line 515, in _execute_on_connection
    return connection._execute_clauseelement(
  File "/home/administrator/flask/myenv/lib/python3.8/site-packages/sqlalchemy/engine/base.py", line 1640, in _execute_clauseelement
    ret = self._execute_context(
  File "/home/administrator/flask/myenv/lib/python3.8/site-packages/sqlalchemy/engine/base.py", line 1846, in _execute_context
    return self._exec_single_context(
  File "/home/administrator/flask/myenv/lib/python3.8/site-packages/sqlalchemy/engine/base.py", line 1986, in _exec_single_context
    self._handle_dbapi_exception(
  File "/home/administrator/flask/myenv/lib/python3.8/site-packages/sqlalchemy/engine/base.py", line 2353, in _handle_dbapi_exception
    raise sqlalchemy_exception.with_traceback(exc_info[2]) from e
  File "/home/administrator/flask/myenv/lib/python3.8/site-packages/sqlalchemy/engine/base.py", line 1967, in _exec_single_context
    self.dialect.do_execute(
  File "/home/administrator/flask/myenv/lib/python3.8/site-packages/sqlalchemy/engine/default.py", line 924, in do_execute
    cursor.execute(statement, parameters)
  File "/home/administrator/flask/myenv/lib/python3.8/site-packages/MySQLdb/cursors.py", line 179, in execute
    res = self._query(mogrified_query)
  File "/home/administrator/flask/myenv/lib/python3.8/site-packages/MySQLdb/cursors.py", line 330, in _query
    db.query(q)
  File "/home/administrator/flask/myenv/lib/python3.8/site-packages/MySQLdb/connections.py", line 261, in query
    _mysql.connection.query(self, query)
sqlalchemy.exc.OperationalError: (MySQLdb.OperationalError) (1054, "Unknown column 'eod_dump.Qty_2' in 'field list'")
[SQL: SELECT eod_dump.`Date` AS `eod_dump_Date`, eod_dump.`TeamLeader` AS `eod_dump_TeamLeader`, eod_dump.`Gang` AS `eod_dump_Gang`, eod_dump.`Work_Type` AS `eod_dump_Work_Type`, eod_dump.`Item_Mst_ID` AS `eod_dump_Item_Mst_ID`, eod_dump.`Item_Description` AS `eod_dump_Item_Description`, eod_dump.`Activity` AS `eod_dump_Activity`, eod_dump.`WeekNumber` AS `eod_dump_WeekNumber`, eod_dump.`Output_Date_MonthYear` AS `eod_dump_Output_Date_MonthYear`, eod_dump.`Qty` AS `eod_dump_Qty`, eod_dump.`UOM` AS `eod_dump_UOM`, eod_dump.`Rate` AS `eod_dump_Rate`, eod_dump.`Total` AS `eod_dump_Total`, eod_dump.`Area` AS `eod_dump_Area`, eod_dump.`Mst_Item_Rpt_Group1` AS `eod_dump_Mst_Item_Rpt_Group1`, eod_dump.`Project_ID` AS `eod_dump_Project_ID`, eod_dump.`Project_Name` AS `eod_dump_Project_Name`, eod_dump.`Seed` AS `eod_dump_Seed`, eod_dump.`Comment` AS `eod_dump_Comment`, eod_dump.`Planning_KPI1` AS `eod_dump_Planning_KPI1`, eod_dump.`Email_ID` AS `eod_dump_Email_ID`, eod_dump.`User_Name` AS `eod_dump_User_Name`, eod_dump.`AuditLog` AS `eod_dump_AuditLog`, eod_dump.`Work_Period` AS `eod_dump_Work_Period`, eod_dump.`Job_Pack_No` AS `eod_dump_Job_Pack_No`, eod_dump.`Route` AS `eod_dump_Route`, eod_dump.`Work_Category` AS `eod_dump_Work_Category`, eod_dump.`Approved_Status` AS `eod_dump_Approved_Status`, eod_dump.`PMO_Coordinator` AS `eod_dump_PMO_Coordinator`, eod_dump.`QA_remarks` AS `eod_dump_QA_remarks`, eod_dump.`Span_length` AS `eod_dump_Span_length`, eod_dump.`Qty_2` AS `eod_dump_Qty_2`, eod_dump.`Taken_To_Revenue` AS `eod_dump_Taken_To_Revenue` 
FROM eod_dump]
(Background on this error at: https://sqlalche.me/e/20/e3q8)
10.100.140.241 - - [30/Jul/2024 15:54:02] "[35m[1mGET /api/data HTTP/1.1[0m" 500 -
[2024-07-30 15:54:16,813] ERROR in app: Exception on /api/data [GET]
Traceback (most recent call last):
  File "/home/administrator/flask/myenv/lib/python3.8/site-packages/sqlalchemy/engine/base.py", line 1967, in _exec_single_context
    self.dialect.do_execute(
  File "/home/administrator/flask/myenv/lib/python3.8/site-packages/sqlalchemy/engine/default.py", line 924, in do_execute
    cursor.execute(statement, parameters)
  File "/home/administrator/flask/myenv/lib/python3.8/site-packages/MySQLdb/cursors.py", line 179, in execute
    res = self._query(mogrified_query)
  File "/home/administrator/flask/myenv/lib/python3.8/site-packages/MySQLdb/cursors.py", line 330, in _query
    db.query(q)
  File "/home/administrator/flask/myenv/lib/python3.8/site-packages/MySQLdb/connections.py", line 261, in query
    _mysql.connection.query(self, query)
MySQLdb.OperationalError: (1054, "Unknown column 'eod_dump.Qty_2' in 'field list'")

The above exception was the direct cause of the following exception:

Traceback (most recent call last):
  File "/home/administrator/flask/myenv/lib/python3.8/site-packages/flask/app.py", line 1473, in wsgi_app
    response = self.full_dispatch_request()
  File "/home/administrator/flask/myenv/lib/python3.8/site-packages/flask/app.py", line 882, in full_dispatch_request
    rv = self.handle_user_exception(e)
  File "/home/administrator/flask/myenv/lib/python3.8/site-packages/flask_cors/extension.py", line 178, in wrapped_function
    return cors_after_request(app.make_response(f(*args, **kwargs)))
  File "/home/administrator/flask/myenv/lib/python3.8/site-packages/flask/app.py", line 880, in full_dispatch_request
    rv = self.dispatch_request()
  File "/home/administrator/flask/myenv/lib/python3.8/site-packages/flask/app.py", line 865, in dispatch_request
    return self.ensure_sync(self.view_functions[rule.endpoint])(**view_args)  # type: ignore[no-any-return]
  File "app.py", line 186, in get_data
    data = query.all()
  File "/home/administrator/flask/myenv/lib/python3.8/site-packages/sqlalchemy/orm/query.py", line 2673, in all
    return self._iter().all()  # type: ignore
  File "/home/administrator/flask/myenv/lib/python3.8/site-packages/sqlalchemy/orm/query.py", line 2827, in _iter
    result: Union[ScalarResult[_T], Result[_T]] = self.session.execute(
  File "/home/administrator/flask/myenv/lib/python3.8/site-packages/sqlalchemy/orm/session.py", line 2351, in execute
    return self._execute_internal(
  File "/home/administrator/flask/myenv/lib/python3.8/site-packages/sqlalchemy/orm/session.py", line 2236, in _execute_internal
    result: Result[Any] = compile_state_cls.orm_execute_statement(
  File "/home/administrator/flask/myenv/lib/python3.8/site-packages/sqlalchemy/orm/context.py", line 293, in orm_execute_statement
    result = conn.execute(
  File "/home/administrator/flask/myenv/lib/python3.8/site-packages/sqlalchemy/engine/base.py", line 1418, in execute
    return meth(
  File "/home/administrator/flask/myenv/lib/python3.8/site-packages/sqlalchemy/sql/elements.py", line 515, in _execute_on_connection
    return connection._execute_clauseelement(
  File "/home/administrator/flask/myenv/lib/python3.8/site-packages/sqlalchemy/engine/base.py", line 1640, in _execute_clauseelement
    ret = self._execute_context(
  File "/home/administrator/flask/myenv/lib/python3.8/site-packages/sqlalchemy/engine/base.py", line 1846, in _execute_context
    return self._exec_single_context(
  File "/home/administrator/flask/myenv/lib/python3.8/site-packages/sqlalchemy/engine/base.py", line 1986, in _exec_single_context
    self._handle_dbapi_exception(
  File "/home/administrator/flask/myenv/lib/python3.8/site-packages/sqlalchemy/engine/base.py", line 2353, in _handle_dbapi_exception
    raise sqlalchemy_exception.with_traceback(exc_info[2]) from e
  File "/home/administrator/flask/myenv/lib/python3.8/site-packages/sqlalchemy/engine/base.py", line 1967, in _exec_single_context
    self.dialect.do_execute(
  File "/home/administrator/flask/myenv/lib/python3.8/site-packages/sqlalchemy/engine/default.py", line 924, in do_execute
    cursor.execute(statement, parameters)
  File "/home/administrator/flask/myenv/lib/python3.8/site-packages/MySQLdb/cursors.py", line 179, in execute
    res = self._query(mogrified_query)
  File "/home/administrator/flask/myenv/lib/python3.8/site-packages/MySQLdb/cursors.py", line 330, in _query
    db.query(q)
  File "/home/administrator/flask/myenv/lib/python3.8/site-packages/MySQLdb/connections.py", line 261, in query
    _mysql.connection.query(self, query)
sqlalchemy.exc.OperationalError: (MySQLdb.OperationalError) (1054, "Unknown column 'eod_dump.Qty_2' in 'field list'")
[SQL: SELECT eod_dump.`Date` AS `eod_dump_Date`, eod_dump.`TeamLeader` AS `eod_dump_TeamLeader`, eod_dump.`Gang` AS `eod_dump_Gang`, eod_dump.`Work_Type` AS `eod_dump_Work_Type`, eod_dump.`Item_Mst_ID` AS `eod_dump_Item_Mst_ID`, eod_dump.`Item_Description` AS `eod_dump_Item_Description`, eod_dump.`Activity` AS `eod_dump_Activity`, eod_dump.`WeekNumber` AS `eod_dump_WeekNumber`, eod_dump.`Output_Date_MonthYear` AS `eod_dump_Output_Date_MonthYear`, eod_dump.`Qty` AS `eod_dump_Qty`, eod_dump.`UOM` AS `eod_dump_UOM`, eod_dump.`Rate` AS `eod_dump_Rate`, eod_dump.`Total` AS `eod_dump_Total`, eod_dump.`Area` AS `eod_dump_Area`, eod_dump.`Mst_Item_Rpt_Group1` AS `eod_dump_Mst_Item_Rpt_Group1`, eod_dump.`Project_ID` AS `eod_dump_Project_ID`, eod_dump.`Project_Name` AS `eod_dump_Project_Name`, eod_dump.`Seed` AS `eod_dump_Seed`, eod_dump.`Comment` AS `eod_dump_Comment`, eod_dump.`Planning_KPI1` AS `eod_dump_Planning_KPI1`, eod_dump.`Email_ID` AS `eod_dump_Email_ID`, eod_dump.`User_Name` AS `eod_dump_User_Name`, eod_dump.`AuditLog` AS `eod_dump_AuditLog`, eod_dump.`Work_Period` AS `eod_dump_Work_Period`, eod_dump.`Job_Pack_No` AS `eod_dump_Job_Pack_No`, eod_dump.`Route` AS `eod_dump_Route`, eod_dump.`Work_Category` AS `eod_dump_Work_Category`, eod_dump.`Approved_Status` AS `eod_dump_Approved_Status`, eod_dump.`PMO_Coordinator` AS `eod_dump_PMO_Coordinator`, eod_dump.`QA_remarks` AS `eod_dump_QA_remarks`, eod_dump.`Span_length` AS `eod_dump_Span_length`, eod_dump.`Qty_2` AS `eod_dump_Qty_2`, eod_dump.`Taken_To_Revenue` AS `eod_dump_Taken_To_Revenue` 
FROM eod_dump]
(Background on this error at: https://sqlalche.me/e/20/e3q8)
10.100.140.241 - - [30/Jul/2024 15:54:16] "[35m[1mGET /api/data HTTP/1.1[0m" 500 -
10.100.140.241 - - [30/Jul/2024 15:54:23] "[31m[1mPOST /api/data HTTP/1.1[0m" 405 -
[2024-07-30 15:54:31,107] ERROR in app: Exception on /api/data [GET]
Traceback (most recent call last):
  File "/home/administrator/flask/myenv/lib/python3.8/site-packages/sqlalchemy/engine/base.py", line 1967, in _exec_single_context
    self.dialect.do_execute(
  File "/home/administrator/flask/myenv/lib/python3.8/site-packages/sqlalchemy/engine/default.py", line 924, in do_execute
    cursor.execute(statement, parameters)
  File "/home/administrator/flask/myenv/lib/python3.8/site-packages/MySQLdb/cursors.py", line 179, in execute
    res = self._query(mogrified_query)
  File "/home/administrator/flask/myenv/lib/python3.8/site-packages/MySQLdb/cursors.py", line 330, in _query
    db.query(q)
  File "/home/administrator/flask/myenv/lib/python3.8/site-packages/MySQLdb/connections.py", line 261, in query
    _mysql.connection.query(self, query)
MySQLdb.OperationalError: (1054, "Unknown column 'eod_dump.Qty_2' in 'field list'")

The above exception was the direct cause of the following exception:

Traceback (most recent call last):
  File "/home/administrator/flask/myenv/lib/python3.8/site-packages/flask/app.py", line 1473, in wsgi_app
    response = self.full_dispatch_request()
  File "/home/administrator/flask/myenv/lib/python3.8/site-packages/flask/app.py", line 882, in full_dispatch_request
    rv = self.handle_user_exception(e)
  File "/home/administrator/flask/myenv/lib/python3.8/site-packages/flask_cors/extension.py", line 178, in wrapped_function
    return cors_after_request(app.make_response(f(*args, **kwargs)))
  File "/home/administrator/flask/myenv/lib/python3.8/site-packages/flask/app.py", line 880, in full_dispatch_request
    rv = self.dispatch_request()
  File "/home/administrator/flask/myenv/lib/python3.8/site-packages/flask/app.py", line 865, in dispatch_request
    return self.ensure_sync(self.view_functions[rule.endpoint])(**view_args)  # type: ignore[no-any-return]
  File "app.py", line 186, in get_data
    data = query.all()
  File "/home/administrator/flask/myenv/lib/python3.8/site-packages/sqlalchemy/orm/query.py", line 2673, in all
    return self._iter().all()  # type: ignore
  File "/home/administrator/flask/myenv/lib/python3.8/site-packages/sqlalchemy/orm/query.py", line 2827, in _iter
    result: Union[ScalarResult[_T], Result[_T]] = self.session.execute(
  File "/home/administrator/flask/myenv/lib/python3.8/site-packages/sqlalchemy/orm/session.py", line 2351, in execute
    return self._execute_internal(
  File "/home/administrator/flask/myenv/lib/python3.8/site-packages/sqlalchemy/orm/session.py", line 2236, in _execute_internal
    result: Result[Any] = compile_state_cls.orm_execute_statement(
  File "/home/administrator/flask/myenv/lib/python3.8/site-packages/sqlalchemy/orm/context.py", line 293, in orm_execute_statement
    result = conn.execute(
  File "/home/administrator/flask/myenv/lib/python3.8/site-packages/sqlalchemy/engine/base.py", line 1418, in execute
    return meth(
  File "/home/administrator/flask/myenv/lib/python3.8/site-packages/sqlalchemy/sql/elements.py", line 515, in _execute_on_connection
    return connection._execute_clauseelement(
  File "/home/administrator/flask/myenv/lib/python3.8/site-packages/sqlalchemy/engine/base.py", line 1640, in _execute_clauseelement
    ret = self._execute_context(
  File "/home/administrator/flask/myenv/lib/python3.8/site-packages/sqlalchemy/engine/base.py", line 1846, in _execute_context
    return self._exec_single_context(
  File "/home/administrator/flask/myenv/lib/python3.8/site-packages/sqlalchemy/engine/base.py", line 1986, in _exec_single_context
    self._handle_dbapi_exception(
  File "/home/administrator/flask/myenv/lib/python3.8/site-packages/sqlalchemy/engine/base.py", line 2353, in _handle_dbapi_exception
    raise sqlalchemy_exception.with_traceback(exc_info[2]) from e
  File "/home/administrator/flask/myenv/lib/python3.8/site-packages/sqlalchemy/engine/base.py", line 1967, in _exec_single_context
    self.dialect.do_execute(
  File "/home/administrator/flask/myenv/lib/python3.8/site-packages/sqlalchemy/engine/default.py", line 924, in do_execute
    cursor.execute(statement, parameters)
  File "/home/administrator/flask/myenv/lib/python3.8/site-packages/MySQLdb/cursors.py", line 179, in execute
    res = self._query(mogrified_query)
  File "/home/administrator/flask/myenv/lib/python3.8/site-packages/MySQLdb/cursors.py", line 330, in _query
    db.query(q)
  File "/home/administrator/flask/myenv/lib/python3.8/site-packages/MySQLdb/connections.py", line 261, in query
    _mysql.connection.query(self, query)
sqlalchemy.exc.OperationalError: (MySQLdb.OperationalError) (1054, "Unknown column 'eod_dump.Qty_2' in 'field list'")
[SQL: SELECT eod_dump.`Date` AS `eod_dump_Date`, eod_dump.`TeamLeader` AS `eod_dump_TeamLeader`, eod_dump.`Gang` AS `eod_dump_Gang`, eod_dump.`Work_Type` AS `eod_dump_Work_Type`, eod_dump.`Item_Mst_ID` AS `eod_dump_Item_Mst_ID`, eod_dump.`Item_Description` AS `eod_dump_Item_Description`, eod_dump.`Activity` AS `eod_dump_Activity`, eod_dump.`WeekNumber` AS `eod_dump_WeekNumber`, eod_dump.`Output_Date_MonthYear` AS `eod_dump_Output_Date_MonthYear`, eod_dump.`Qty` AS `eod_dump_Qty`, eod_dump.`UOM` AS `eod_dump_UOM`, eod_dump.`Rate` AS `eod_dump_Rate`, eod_dump.`Total` AS `eod_dump_Total`, eod_dump.`Area` AS `eod_dump_Area`, eod_dump.`Mst_Item_Rpt_Group1` AS `eod_dump_Mst_Item_Rpt_Group1`, eod_dump.`Project_ID` AS `eod_dump_Project_ID`, eod_dump.`Project_Name` AS `eod_dump_Project_Name`, eod_dump.`Seed` AS `eod_dump_Seed`, eod_dump.`Comment` AS `eod_dump_Comment`, eod_dump.`Planning_KPI1` AS `eod_dump_Planning_KPI1`, eod_dump.`Email_ID` AS `eod_dump_Email_ID`, eod_dump.`User_Name` AS `eod_dump_User_Name`, eod_dump.`AuditLog` AS `eod_dump_AuditLog`, eod_dump.`Work_Period` AS `eod_dump_Work_Period`, eod_dump.`Job_Pack_No` AS `eod_dump_Job_Pack_No`, eod_dump.`Route` AS `eod_dump_Route`, eod_dump.`Work_Category` AS `eod_dump_Work_Category`, eod_dump.`Approved_Status` AS `eod_dump_Approved_Status`, eod_dump.`PMO_Coordinator` AS `eod_dump_PMO_Coordinator`, eod_dump.`QA_remarks` AS `eod_dump_QA_remarks`, eod_dump.`Span_length` AS `eod_dump_Span_length`, eod_dump.`Qty_2` AS `eod_dump_Qty_2`, eod_dump.`Taken_To_Revenue` AS `eod_dump_Taken_To_Revenue` 
FROM eod_dump]
(Background on this error at: https://sqlalche.me/e/20/e3q8)
10.100.140.241 - - [30/Jul/2024 15:54:31] "[35m[1mGET /api/data HTTP/1.1[0m" 500 -
[2024-07-30 15:54:53,025] ERROR in app: Exception on /api/data [GET]
Traceback (most recent call last):
  File "/home/administrator/flask/myenv/lib/python3.8/site-packages/sqlalchemy/engine/base.py", line 1967, in _exec_single_context
    self.dialect.do_execute(
  File "/home/administrator/flask/myenv/lib/python3.8/site-packages/sqlalchemy/engine/default.py", line 924, in do_execute
    cursor.execute(statement, parameters)
  File "/home/administrator/flask/myenv/lib/python3.8/site-packages/MySQLdb/cursors.py", line 179, in execute
    res = self._query(mogrified_query)
  File "/home/administrator/flask/myenv/lib/python3.8/site-packages/MySQLdb/cursors.py", line 330, in _query
    db.query(q)
  File "/home/administrator/flask/myenv/lib/python3.8/site-packages/MySQLdb/connections.py", line 261, in query
    _mysql.connection.query(self, query)
MySQLdb.OperationalError: (1054, "Unknown column 'eod_dump.Qty_2' in 'field list'")

The above exception was the direct cause of the following exception:

Traceback (most recent call last):
  File "/home/administrator/flask/myenv/lib/python3.8/site-packages/flask/app.py", line 1473, in wsgi_app
    response = self.full_dispatch_request()
  File "/home/administrator/flask/myenv/lib/python3.8/site-packages/flask/app.py", line 882, in full_dispatch_request
    rv = self.handle_user_exception(e)
  File "/home/administrator/flask/myenv/lib/python3.8/site-packages/flask_cors/extension.py", line 178, in wrapped_function
    return cors_after_request(app.make_response(f(*args, **kwargs)))
  File "/home/administrator/flask/myenv/lib/python3.8/site-packages/flask/app.py", line 880, in full_dispatch_request
    rv = self.dispatch_request()
  File "/home/administrator/flask/myenv/lib/python3.8/site-packages/flask/app.py", line 865, in dispatch_request
    return self.ensure_sync(self.view_functions[rule.endpoint])(**view_args)  # type: ignore[no-any-return]
  File "app.py", line 186, in get_data
    data = query.all()
  File "/home/administrator/flask/myenv/lib/python3.8/site-packages/sqlalchemy/orm/query.py", line 2673, in all
    return self._iter().all()  # type: ignore
  File "/home/administrator/flask/myenv/lib/python3.8/site-packages/sqlalchemy/orm/query.py", line 2827, in _iter
    result: Union[ScalarResult[_T], Result[_T]] = self.session.execute(
  File "/home/administrator/flask/myenv/lib/python3.8/site-packages/sqlalchemy/orm/session.py", line 2351, in execute
    return self._execute_internal(
  File "/home/administrator/flask/myenv/lib/python3.8/site-packages/sqlalchemy/orm/session.py", line 2236, in _execute_internal
    result: Result[Any] = compile_state_cls.orm_execute_statement(
  File "/home/administrator/flask/myenv/lib/python3.8/site-packages/sqlalchemy/orm/context.py", line 293, in orm_execute_statement
    result = conn.execute(
  File "/home/administrator/flask/myenv/lib/python3.8/site-packages/sqlalchemy/engine/base.py", line 1418, in execute
    return meth(
  File "/home/administrator/flask/myenv/lib/python3.8/site-packages/sqlalchemy/sql/elements.py", line 515, in _execute_on_connection
    return connection._execute_clauseelement(
  File "/home/administrator/flask/myenv/lib/python3.8/site-packages/sqlalchemy/engine/base.py", line 1640, in _execute_clauseelement
    ret = self._execute_context(
  File "/home/administrator/flask/myenv/lib/python3.8/site-packages/sqlalchemy/engine/base.py", line 1846, in _execute_context
    return self._exec_single_context(
  File "/home/administrator/flask/myenv/lib/python3.8/site-packages/sqlalchemy/engine/base.py", line 1986, in _exec_single_context
    self._handle_dbapi_exception(
  File "/home/administrator/flask/myenv/lib/python3.8/site-packages/sqlalchemy/engine/base.py", line 2353, in _handle_dbapi_exception
    raise sqlalchemy_exception.with_traceback(exc_info[2]) from e
  File "/home/administrator/flask/myenv/lib/python3.8/site-packages/sqlalchemy/engine/base.py", line 1967, in _exec_single_context
    self.dialect.do_execute(
  File "/home/administrator/flask/myenv/lib/python3.8/site-packages/sqlalchemy/engine/default.py", line 924, in do_execute
    cursor.execute(statement, parameters)
  File "/home/administrator/flask/myenv/lib/python3.8/site-packages/MySQLdb/cursors.py", line 179, in execute
    res = self._query(mogrified_query)
  File "/home/administrator/flask/myenv/lib/python3.8/site-packages/MySQLdb/cursors.py", line 330, in _query
    db.query(q)
  File "/home/administrator/flask/myenv/lib/python3.8/site-packages/MySQLdb/connections.py", line 261, in query
    _mysql.connection.query(self, query)
sqlalchemy.exc.OperationalError: (MySQLdb.OperationalError) (1054, "Unknown column 'eod_dump.Qty_2' in 'field list'")
[SQL: SELECT eod_dump.`Date` AS `eod_dump_Date`, eod_dump.`TeamLeader` AS `eod_dump_TeamLeader`, eod_dump.`Gang` AS `eod_dump_Gang`, eod_dump.`Work_Type` AS `eod_dump_Work_Type`, eod_dump.`Item_Mst_ID` AS `eod_dump_Item_Mst_ID`, eod_dump.`Item_Description` AS `eod_dump_Item_Description`, eod_dump.`Activity` AS `eod_dump_Activity`, eod_dump.`WeekNumber` AS `eod_dump_WeekNumber`, eod_dump.`Output_Date_MonthYear` AS `eod_dump_Output_Date_MonthYear`, eod_dump.`Qty` AS `eod_dump_Qty`, eod_dump.`UOM` AS `eod_dump_UOM`, eod_dump.`Rate` AS `eod_dump_Rate`, eod_dump.`Total` AS `eod_dump_Total`, eod_dump.`Area` AS `eod_dump_Area`, eod_dump.`Mst_Item_Rpt_Group1` AS `eod_dump_Mst_Item_Rpt_Group1`, eod_dump.`Project_ID` AS `eod_dump_Project_ID`, eod_dump.`Project_Name` AS `eod_dump_Project_Name`, eod_dump.`Seed` AS `eod_dump_Seed`, eod_dump.`Comment` AS `eod_dump_Comment`, eod_dump.`Planning_KPI1` AS `eod_dump_Planning_KPI1`, eod_dump.`Email_ID` AS `eod_dump_Email_ID`, eod_dump.`User_Name` AS `eod_dump_User_Name`, eod_dump.`AuditLog` AS `eod_dump_AuditLog`, eod_dump.`Work_Period` AS `eod_dump_Work_Period`, eod_dump.`Job_Pack_No` AS `eod_dump_Job_Pack_No`, eod_dump.`Route` AS `eod_dump_Route`, eod_dump.`Work_Category` AS `eod_dump_Work_Category`, eod_dump.`Approved_Status` AS `eod_dump_Approved_Status`, eod_dump.`PMO_Coordinator` AS `eod_dump_PMO_Coordinator`, eod_dump.`QA_remarks` AS `eod_dump_QA_remarks`, eod_dump.`Span_length` AS `eod_dump_Span_length`, eod_dump.`Qty_2` AS `eod_dump_Qty_2`, eod_dump.`Taken_To_Revenue` AS `eod_dump_Taken_To_Revenue` 
FROM eod_dump]
(Background on this error at: https://sqlalche.me/e/20/e3q8)
10.100.140.241 - - [30/Jul/2024 15:54:53] "[35m[1mGET /api/data HTTP/1.1[0m" 500 -
10.100.140.241 - - [30/Jul/2024 15:55:07] "POST /api/login HTTP/1.1" 200 -
[2024-07-30 15:55:24,077] ERROR in app: Exception on /api/data [GET]
Traceback (most recent call last):
  File "/home/administrator/flask/myenv/lib/python3.8/site-packages/sqlalchemy/engine/base.py", line 1967, in _exec_single_context
    self.dialect.do_execute(
  File "/home/administrator/flask/myenv/lib/python3.8/site-packages/sqlalchemy/engine/default.py", line 924, in do_execute
    cursor.execute(statement, parameters)
  File "/home/administrator/flask/myenv/lib/python3.8/site-packages/MySQLdb/cursors.py", line 179, in execute
    res = self._query(mogrified_query)
  File "/home/administrator/flask/myenv/lib/python3.8/site-packages/MySQLdb/cursors.py", line 330, in _query
    db.query(q)
  File "/home/administrator/flask/myenv/lib/python3.8/site-packages/MySQLdb/connections.py", line 261, in query
    _mysql.connection.query(self, query)
MySQLdb.OperationalError: (1054, "Unknown column 'eod_dump.Qty_2' in 'field list'")

The above exception was the direct cause of the following exception:

Traceback (most recent call last):
  File "/home/administrator/flask/myenv/lib/python3.8/site-packages/flask/app.py", line 1473, in wsgi_app
    response = self.full_dispatch_request()
  File "/home/administrator/flask/myenv/lib/python3.8/site-packages/flask/app.py", line 882, in full_dispatch_request
    rv = self.handle_user_exception(e)
  File "/home/administrator/flask/myenv/lib/python3.8/site-packages/flask_cors/extension.py", line 178, in wrapped_function
    return cors_after_request(app.make_response(f(*args, **kwargs)))
  File "/home/administrator/flask/myenv/lib/python3.8/site-packages/flask/app.py", line 880, in full_dispatch_request
    rv = self.dispatch_request()
  File "/home/administrator/flask/myenv/lib/python3.8/site-packages/flask/app.py", line 865, in dispatch_request
    return self.ensure_sync(self.view_functions[rule.endpoint])(**view_args)  # type: ignore[no-any-return]
  File "app.py", line 186, in get_data
    data = query.all()
  File "/home/administrator/flask/myenv/lib/python3.8/site-packages/sqlalchemy/orm/query.py", line 2673, in all
    return self._iter().all()  # type: ignore
  File "/home/administrator/flask/myenv/lib/python3.8/site-packages/sqlalchemy/orm/query.py", line 2827, in _iter
    result: Union[ScalarResult[_T], Result[_T]] = self.session.execute(
  File "/home/administrator/flask/myenv/lib/python3.8/site-packages/sqlalchemy/orm/session.py", line 2351, in execute
    return self._execute_internal(
  File "/home/administrator/flask/myenv/lib/python3.8/site-packages/sqlalchemy/orm/session.py", line 2236, in _execute_internal
    result: Result[Any] = compile_state_cls.orm_execute_statement(
  File "/home/administrator/flask/myenv/lib/python3.8/site-packages/sqlalchemy/orm/context.py", line 293, in orm_execute_statement
    result = conn.execute(
  File "/home/administrator/flask/myenv/lib/python3.8/site-packages/sqlalchemy/engine/base.py", line 1418, in execute
    return meth(
  File "/home/administrator/flask/myenv/lib/python3.8/site-packages/sqlalchemy/sql/elements.py", line 515, in _execute_on_connection
    return connection._execute_clauseelement(
  File "/home/administrator/flask/myenv/lib/python3.8/site-packages/sqlalchemy/engine/base.py", line 1640, in _execute_clauseelement
    ret = self._execute_context(
  File "/home/administrator/flask/myenv/lib/python3.8/site-packages/sqlalchemy/engine/base.py", line 1846, in _execute_context
    return self._exec_single_context(
  File "/home/administrator/flask/myenv/lib/python3.8/site-packages/sqlalchemy/engine/base.py", line 1986, in _exec_single_context
    self._handle_dbapi_exception(
  File "/home/administrator/flask/myenv/lib/python3.8/site-packages/sqlalchemy/engine/base.py", line 2353, in _handle_dbapi_exception
    raise sqlalchemy_exception.with_traceback(exc_info[2]) from e
  File "/home/administrator/flask/myenv/lib/python3.8/site-packages/sqlalchemy/engine/base.py", line 1967, in _exec_single_context
    self.dialect.do_execute(
  File "/home/administrator/flask/myenv/lib/python3.8/site-packages/sqlalchemy/engine/default.py", line 924, in do_execute
    cursor.execute(statement, parameters)
  File "/home/administrator/flask/myenv/lib/python3.8/site-packages/MySQLdb/cursors.py", line 179, in execute
    res = self._query(mogrified_query)
  File "/home/administrator/flask/myenv/lib/python3.8/site-packages/MySQLdb/cursors.py", line 330, in _query
    db.query(q)
  File "/home/administrator/flask/myenv/lib/python3.8/site-packages/MySQLdb/connections.py", line 261, in query
    _mysql.connection.query(self, query)
sqlalchemy.exc.OperationalError: (MySQLdb.OperationalError) (1054, "Unknown column 'eod_dump.Qty_2' in 'field list'")
[SQL: SELECT eod_dump.`Date` AS `eod_dump_Date`, eod_dump.`TeamLeader` AS `eod_dump_TeamLeader`, eod_dump.`Gang` AS `eod_dump_Gang`, eod_dump.`Work_Type` AS `eod_dump_Work_Type`, eod_dump.`Item_Mst_ID` AS `eod_dump_Item_Mst_ID`, eod_dump.`Item_Description` AS `eod_dump_Item_Description`, eod_dump.`Activity` AS `eod_dump_Activity`, eod_dump.`WeekNumber` AS `eod_dump_WeekNumber`, eod_dump.`Output_Date_MonthYear` AS `eod_dump_Output_Date_MonthYear`, eod_dump.`Qty` AS `eod_dump_Qty`, eod_dump.`UOM` AS `eod_dump_UOM`, eod_dump.`Rate` AS `eod_dump_Rate`, eod_dump.`Total` AS `eod_dump_Total`, eod_dump.`Area` AS `eod_dump_Area`, eod_dump.`Mst_Item_Rpt_Group1` AS `eod_dump_Mst_Item_Rpt_Group1`, eod_dump.`Project_ID` AS `eod_dump_Project_ID`, eod_dump.`Project_Name` AS `eod_dump_Project_Name`, eod_dump.`Seed` AS `eod_dump_Seed`, eod_dump.`Comment` AS `eod_dump_Comment`, eod_dump.`Planning_KPI1` AS `eod_dump_Planning_KPI1`, eod_dump.`Email_ID` AS `eod_dump_Email_ID`, eod_dump.`User_Name` AS `eod_dump_User_Name`, eod_dump.`AuditLog` AS `eod_dump_AuditLog`, eod_dump.`Work_Period` AS `eod_dump_Work_Period`, eod_dump.`Job_Pack_No` AS `eod_dump_Job_Pack_No`, eod_dump.`Route` AS `eod_dump_Route`, eod_dump.`Work_Category` AS `eod_dump_Work_Category`, eod_dump.`Approved_Status` AS `eod_dump_Approved_Status`, eod_dump.`PMO_Coordinator` AS `eod_dump_PMO_Coordinator`, eod_dump.`QA_remarks` AS `eod_dump_QA_remarks`, eod_dump.`Span_length` AS `eod_dump_Span_length`, eod_dump.`Qty_2` AS `eod_dump_Qty_2`, eod_dump.`Taken_To_Revenue` AS `eod_dump_Taken_To_Revenue` 
FROM eod_dump]
(Background on this error at: https://sqlalche.me/e/20/e3q8)
10.100.140.241 - - [30/Jul/2024 15:55:24] "[35m[1mGET /api/data HTTP/1.1[0m" 500 -
[2024-07-30 15:56:36,370] ERROR in app: Exception on /api/data [GET]
Traceback (most recent call last):
  File "/home/administrator/flask/myenv/lib/python3.8/site-packages/sqlalchemy/engine/base.py", line 1967, in _exec_single_context
    self.dialect.do_execute(
  File "/home/administrator/flask/myenv/lib/python3.8/site-packages/sqlalchemy/engine/default.py", line 924, in do_execute
    cursor.execute(statement, parameters)
  File "/home/administrator/flask/myenv/lib/python3.8/site-packages/MySQLdb/cursors.py", line 179, in execute
    res = self._query(mogrified_query)
  File "/home/administrator/flask/myenv/lib/python3.8/site-packages/MySQLdb/cursors.py", line 330, in _query
    db.query(q)
  File "/home/administrator/flask/myenv/lib/python3.8/site-packages/MySQLdb/connections.py", line 261, in query
    _mysql.connection.query(self, query)
MySQLdb.OperationalError: (1054, "Unknown column 'eod_dump.Qty_2' in 'field list'")

The above exception was the direct cause of the following exception:

Traceback (most recent call last):
  File "/home/administrator/flask/myenv/lib/python3.8/site-packages/flask/app.py", line 1473, in wsgi_app
    response = self.full_dispatch_request()
  File "/home/administrator/flask/myenv/lib/python3.8/site-packages/flask/app.py", line 882, in full_dispatch_request
    rv = self.handle_user_exception(e)
  File "/home/administrator/flask/myenv/lib/python3.8/site-packages/flask_cors/extension.py", line 178, in wrapped_function
    return cors_after_request(app.make_response(f(*args, **kwargs)))
  File "/home/administrator/flask/myenv/lib/python3.8/site-packages/flask/app.py", line 880, in full_dispatch_request
    rv = self.dispatch_request()
  File "/home/administrator/flask/myenv/lib/python3.8/site-packages/flask/app.py", line 865, in dispatch_request
    return self.ensure_sync(self.view_functions[rule.endpoint])(**view_args)  # type: ignore[no-any-return]
  File "app.py", line 186, in get_data
    data = query.all()
  File "/home/administrator/flask/myenv/lib/python3.8/site-packages/sqlalchemy/orm/query.py", line 2673, in all
    return self._iter().all()  # type: ignore
  File "/home/administrator/flask/myenv/lib/python3.8/site-packages/sqlalchemy/orm/query.py", line 2827, in _iter
    result: Union[ScalarResult[_T], Result[_T]] = self.session.execute(
  File "/home/administrator/flask/myenv/lib/python3.8/site-packages/sqlalchemy/orm/session.py", line 2351, in execute
    return self._execute_internal(
  File "/home/administrator/flask/myenv/lib/python3.8/site-packages/sqlalchemy/orm/session.py", line 2236, in _execute_internal
    result: Result[Any] = compile_state_cls.orm_execute_statement(
  File "/home/administrator/flask/myenv/lib/python3.8/site-packages/sqlalchemy/orm/context.py", line 293, in orm_execute_statement
    result = conn.execute(
  File "/home/administrator/flask/myenv/lib/python3.8/site-packages/sqlalchemy/engine/base.py", line 1418, in execute
    return meth(
  File "/home/administrator/flask/myenv/lib/python3.8/site-packages/sqlalchemy/sql/elements.py", line 515, in _execute_on_connection
    return connection._execute_clauseelement(
  File "/home/administrator/flask/myenv/lib/python3.8/site-packages/sqlalchemy/engine/base.py", line 1640, in _execute_clauseelement
    ret = self._execute_context(
  File "/home/administrator/flask/myenv/lib/python3.8/site-packages/sqlalchemy/engine/base.py", line 1846, in _execute_context
    return self._exec_single_context(
  File "/home/administrator/flask/myenv/lib/python3.8/site-packages/sqlalchemy/engine/base.py", line 1986, in _exec_single_context
    self._handle_dbapi_exception(
  File "/home/administrator/flask/myenv/lib/python3.8/site-packages/sqlalchemy/engine/base.py", line 2353, in _handle_dbapi_exception
    raise sqlalchemy_exception.with_traceback(exc_info[2]) from e
  File "/home/administrator/flask/myenv/lib/python3.8/site-packages/sqlalchemy/engine/base.py", line 1967, in _exec_single_context
    self.dialect.do_execute(
  File "/home/administrator/flask/myenv/lib/python3.8/site-packages/sqlalchemy/engine/default.py", line 924, in do_execute
    cursor.execute(statement, parameters)
  File "/home/administrator/flask/myenv/lib/python3.8/site-packages/MySQLdb/cursors.py", line 179, in execute
    res = self._query(mogrified_query)
  File "/home/administrator/flask/myenv/lib/python3.8/site-packages/MySQLdb/cursors.py", line 330, in _query
    db.query(q)
  File "/home/administrator/flask/myenv/lib/python3.8/site-packages/MySQLdb/connections.py", line 261, in query
    _mysql.connection.query(self, query)
sqlalchemy.exc.OperationalError: (MySQLdb.OperationalError) (1054, "Unknown column 'eod_dump.Qty_2' in 'field list'")
[SQL: SELECT eod_dump.`Date` AS `eod_dump_Date`, eod_dump.`TeamLeader` AS `eod_dump_TeamLeader`, eod_dump.`Gang` AS `eod_dump_Gang`, eod_dump.`Work_Type` AS `eod_dump_Work_Type`, eod_dump.`Item_Mst_ID` AS `eod_dump_Item_Mst_ID`, eod_dump.`Item_Description` AS `eod_dump_Item_Description`, eod_dump.`Activity` AS `eod_dump_Activity`, eod_dump.`WeekNumber` AS `eod_dump_WeekNumber`, eod_dump.`Output_Date_MonthYear` AS `eod_dump_Output_Date_MonthYear`, eod_dump.`Qty` AS `eod_dump_Qty`, eod_dump.`UOM` AS `eod_dump_UOM`, eod_dump.`Rate` AS `eod_dump_Rate`, eod_dump.`Total` AS `eod_dump_Total`, eod_dump.`Area` AS `eod_dump_Area`, eod_dump.`Mst_Item_Rpt_Group1` AS `eod_dump_Mst_Item_Rpt_Group1`, eod_dump.`Project_ID` AS `eod_dump_Project_ID`, eod_dump.`Project_Name` AS `eod_dump_Project_Name`, eod_dump.`Seed` AS `eod_dump_Seed`, eod_dump.`Comment` AS `eod_dump_Comment`, eod_dump.`Planning_KPI1` AS `eod_dump_Planning_KPI1`, eod_dump.`Email_ID` AS `eod_dump_Email_ID`, eod_dump.`User_Name` AS `eod_dump_User_Name`, eod_dump.`AuditLog` AS `eod_dump_AuditLog`, eod_dump.`Work_Period` AS `eod_dump_Work_Period`, eod_dump.`Job_Pack_No` AS `eod_dump_Job_Pack_No`, eod_dump.`Route` AS `eod_dump_Route`, eod_dump.`Work_Category` AS `eod_dump_Work_Category`, eod_dump.`Approved_Status` AS `eod_dump_Approved_Status`, eod_dump.`PMO_Coordinator` AS `eod_dump_PMO_Coordinator`, eod_dump.`QA_remarks` AS `eod_dump_QA_remarks`, eod_dump.`Span_length` AS `eod_dump_Span_length`, eod_dump.`Qty_2` AS `eod_dump_Qty_2`, eod_dump.`Taken_To_Revenue` AS `eod_dump_Taken_To_Revenue` 
FROM eod_dump]
(Background on this error at: https://sqlalche.me/e/20/e3q8)
10.100.140.241 - - [30/Jul/2024 15:56:36] "[35m[1mGET /api/data HTTP/1.1[0m" 500 -
[2024-07-30 15:56:40,863] ERROR in app: Exception on /api/data [GET]
Traceback (most recent call last):
  File "/home/administrator/flask/myenv/lib/python3.8/site-packages/sqlalchemy/engine/base.py", line 1967, in _exec_single_context
    self.dialect.do_execute(
  File "/home/administrator/flask/myenv/lib/python3.8/site-packages/sqlalchemy/engine/default.py", line 924, in do_execute
    cursor.execute(statement, parameters)
  File "/home/administrator/flask/myenv/lib/python3.8/site-packages/MySQLdb/cursors.py", line 179, in execute
    res = self._query(mogrified_query)
  File "/home/administrator/flask/myenv/lib/python3.8/site-packages/MySQLdb/cursors.py", line 330, in _query
    db.query(q)
  File "/home/administrator/flask/myenv/lib/python3.8/site-packages/MySQLdb/connections.py", line 261, in query
    _mysql.connection.query(self, query)
MySQLdb.OperationalError: (1054, "Unknown column 'eod_dump.Qty_2' in 'field list'")

The above exception was the direct cause of the following exception:

Traceback (most recent call last):
  File "/home/administrator/flask/myenv/lib/python3.8/site-packages/flask/app.py", line 1473, in wsgi_app
    response = self.full_dispatch_request()
  File "/home/administrator/flask/myenv/lib/python3.8/site-packages/flask/app.py", line 882, in full_dispatch_request
    rv = self.handle_user_exception(e)
  File "/home/administrator/flask/myenv/lib/python3.8/site-packages/flask_cors/extension.py", line 178, in wrapped_function
    return cors_after_request(app.make_response(f(*args, **kwargs)))
  File "/home/administrator/flask/myenv/lib/python3.8/site-packages/flask/app.py", line 880, in full_dispatch_request
    rv = self.dispatch_request()
  File "/home/administrator/flask/myenv/lib/python3.8/site-packages/flask/app.py", line 865, in dispatch_request
    return self.ensure_sync(self.view_functions[rule.endpoint])(**view_args)  # type: ignore[no-any-return]
  File "app.py", line 186, in get_data
    data = query.all()
  File "/home/administrator/flask/myenv/lib/python3.8/site-packages/sqlalchemy/orm/query.py", line 2673, in all
    return self._iter().all()  # type: ignore
  File "/home/administrator/flask/myenv/lib/python3.8/site-packages/sqlalchemy/orm/query.py", line 2827, in _iter
    result: Union[ScalarResult[_T], Result[_T]] = self.session.execute(
  File "/home/administrator/flask/myenv/lib/python3.8/site-packages/sqlalchemy/orm/session.py", line 2351, in execute
    return self._execute_internal(
  File "/home/administrator/flask/myenv/lib/python3.8/site-packages/sqlalchemy/orm/session.py", line 2236, in _execute_internal
    result: Result[Any] = compile_state_cls.orm_execute_statement(
  File "/home/administrator/flask/myenv/lib/python3.8/site-packages/sqlalchemy/orm/context.py", line 293, in orm_execute_statement
    result = conn.execute(
  File "/home/administrator/flask/myenv/lib/python3.8/site-packages/sqlalchemy/engine/base.py", line 1418, in execute
    return meth(
  File "/home/administrator/flask/myenv/lib/python3.8/site-packages/sqlalchemy/sql/elements.py", line 515, in _execute_on_connection
    return connection._execute_clauseelement(
  File "/home/administrator/flask/myenv/lib/python3.8/site-packages/sqlalchemy/engine/base.py", line 1640, in _execute_clauseelement
    ret = self._execute_context(
  File "/home/administrator/flask/myenv/lib/python3.8/site-packages/sqlalchemy/engine/base.py", line 1846, in _execute_context
    return self._exec_single_context(
  File "/home/administrator/flask/myenv/lib/python3.8/site-packages/sqlalchemy/engine/base.py", line 1986, in _exec_single_context
    self._handle_dbapi_exception(
  File "/home/administrator/flask/myenv/lib/python3.8/site-packages/sqlalchemy/engine/base.py", line 2353, in _handle_dbapi_exception
    raise sqlalchemy_exception.with_traceback(exc_info[2]) from e
  File "/home/administrator/flask/myenv/lib/python3.8/site-packages/sqlalchemy/engine/base.py", line 1967, in _exec_single_context
    self.dialect.do_execute(
  File "/home/administrator/flask/myenv/lib/python3.8/site-packages/sqlalchemy/engine/default.py", line 924, in do_execute
    cursor.execute(statement, parameters)
  File "/home/administrator/flask/myenv/lib/python3.8/site-packages/MySQLdb/cursors.py", line 179, in execute
    res = self._query(mogrified_query)
  File "/home/administrator/flask/myenv/lib/python3.8/site-packages/MySQLdb/cursors.py", line 330, in _query
    db.query(q)
  File "/home/administrator/flask/myenv/lib/python3.8/site-packages/MySQLdb/connections.py", line 261, in query
    _mysql.connection.query(self, query)
sqlalchemy.exc.OperationalError: (MySQLdb.OperationalError) (1054, "Unknown column 'eod_dump.Qty_2' in 'field list'")
[SQL: SELECT eod_dump.`Date` AS `eod_dump_Date`, eod_dump.`TeamLeader` AS `eod_dump_TeamLeader`, eod_dump.`Gang` AS `eod_dump_Gang`, eod_dump.`Work_Type` AS `eod_dump_Work_Type`, eod_dump.`Item_Mst_ID` AS `eod_dump_Item_Mst_ID`, eod_dump.`Item_Description` AS `eod_dump_Item_Description`, eod_dump.`Activity` AS `eod_dump_Activity`, eod_dump.`WeekNumber` AS `eod_dump_WeekNumber`, eod_dump.`Output_Date_MonthYear` AS `eod_dump_Output_Date_MonthYear`, eod_dump.`Qty` AS `eod_dump_Qty`, eod_dump.`UOM` AS `eod_dump_UOM`, eod_dump.`Rate` AS `eod_dump_Rate`, eod_dump.`Total` AS `eod_dump_Total`, eod_dump.`Area` AS `eod_dump_Area`, eod_dump.`Mst_Item_Rpt_Group1` AS `eod_dump_Mst_Item_Rpt_Group1`, eod_dump.`Project_ID` AS `eod_dump_Project_ID`, eod_dump.`Project_Name` AS `eod_dump_Project_Name`, eod_dump.`Seed` AS `eod_dump_Seed`, eod_dump.`Comment` AS `eod_dump_Comment`, eod_dump.`Planning_KPI1` AS `eod_dump_Planning_KPI1`, eod_dump.`Email_ID` AS `eod_dump_Email_ID`, eod_dump.`User_Name` AS `eod_dump_User_Name`, eod_dump.`AuditLog` AS `eod_dump_AuditLog`, eod_dump.`Work_Period` AS `eod_dump_Work_Period`, eod_dump.`Job_Pack_No` AS `eod_dump_Job_Pack_No`, eod_dump.`Route` AS `eod_dump_Route`, eod_dump.`Work_Category` AS `eod_dump_Work_Category`, eod_dump.`Approved_Status` AS `eod_dump_Approved_Status`, eod_dump.`PMO_Coordinator` AS `eod_dump_PMO_Coordinator`, eod_dump.`QA_remarks` AS `eod_dump_QA_remarks`, eod_dump.`Span_length` AS `eod_dump_Span_length`, eod_dump.`Qty_2` AS `eod_dump_Qty_2`, eod_dump.`Taken_To_Revenue` AS `eod_dump_Taken_To_Revenue` 
FROM eod_dump]
(Background on this error at: https://sqlalche.me/e/20/e3q8)
10.100.140.241 - - [30/Jul/2024 15:56:40] "[35m[1mGET /api/data HTTP/1.1[0m" 500 -
[2024-07-30 15:56:48,791] ERROR in app: Exception on /api/data [GET]
Traceback (most recent call last):
  File "/home/administrator/flask/myenv/lib/python3.8/site-packages/sqlalchemy/engine/base.py", line 1967, in _exec_single_context
    self.dialect.do_execute(
  File "/home/administrator/flask/myenv/lib/python3.8/site-packages/sqlalchemy/engine/default.py", line 924, in do_execute
    cursor.execute(statement, parameters)
  File "/home/administrator/flask/myenv/lib/python3.8/site-packages/MySQLdb/cursors.py", line 179, in execute
    res = self._query(mogrified_query)
  File "/home/administrator/flask/myenv/lib/python3.8/site-packages/MySQLdb/cursors.py", line 330, in _query
    db.query(q)
  File "/home/administrator/flask/myenv/lib/python3.8/site-packages/MySQLdb/connections.py", line 261, in query
    _mysql.connection.query(self, query)
MySQLdb.OperationalError: (1054, "Unknown column 'eod_dump.Qty_2' in 'field list'")

The above exception was the direct cause of the following exception:

Traceback (most recent call last):
  File "/home/administrator/flask/myenv/lib/python3.8/site-packages/flask/app.py", line 1473, in wsgi_app
    response = self.full_dispatch_request()
  File "/home/administrator/flask/myenv/lib/python3.8/site-packages/flask/app.py", line 882, in full_dispatch_request
    rv = self.handle_user_exception(e)
  File "/home/administrator/flask/myenv/lib/python3.8/site-packages/flask_cors/extension.py", line 178, in wrapped_function
    return cors_after_request(app.make_response(f(*args, **kwargs)))
  File "/home/administrator/flask/myenv/lib/python3.8/site-packages/flask/app.py", line 880, in full_dispatch_request
    rv = self.dispatch_request()
  File "/home/administrator/flask/myenv/lib/python3.8/site-packages/flask/app.py", line 865, in dispatch_request
    return self.ensure_sync(self.view_functions[rule.endpoint])(**view_args)  # type: ignore[no-any-return]
  File "app.py", line 186, in get_data
    data = query.all()
  File "/home/administrator/flask/myenv/lib/python3.8/site-packages/sqlalchemy/orm/query.py", line 2673, in all
    return self._iter().all()  # type: ignore
  File "/home/administrator/flask/myenv/lib/python3.8/site-packages/sqlalchemy/orm/query.py", line 2827, in _iter
    result: Union[ScalarResult[_T], Result[_T]] = self.session.execute(
  File "/home/administrator/flask/myenv/lib/python3.8/site-packages/sqlalchemy/orm/session.py", line 2351, in execute
    return self._execute_internal(
  File "/home/administrator/flask/myenv/lib/python3.8/site-packages/sqlalchemy/orm/session.py", line 2236, in _execute_internal
    result: Result[Any] = compile_state_cls.orm_execute_statement(
  File "/home/administrator/flask/myenv/lib/python3.8/site-packages/sqlalchemy/orm/context.py", line 293, in orm_execute_statement
    result = conn.execute(
  File "/home/administrator/flask/myenv/lib/python3.8/site-packages/sqlalchemy/engine/base.py", line 1418, in execute
    return meth(
  File "/home/administrator/flask/myenv/lib/python3.8/site-packages/sqlalchemy/sql/elements.py", line 515, in _execute_on_connection
    return connection._execute_clauseelement(
  File "/home/administrator/flask/myenv/lib/python3.8/site-packages/sqlalchemy/engine/base.py", line 1640, in _execute_clauseelement
    ret = self._execute_context(
  File "/home/administrator/flask/myenv/lib/python3.8/site-packages/sqlalchemy/engine/base.py", line 1846, in _execute_context
    return self._exec_single_context(
  File "/home/administrator/flask/myenv/lib/python3.8/site-packages/sqlalchemy/engine/base.py", line 1986, in _exec_single_context
    self._handle_dbapi_exception(
  File "/home/administrator/flask/myenv/lib/python3.8/site-packages/sqlalchemy/engine/base.py", line 2353, in _handle_dbapi_exception
    raise sqlalchemy_exception.with_traceback(exc_info[2]) from e
  File "/home/administrator/flask/myenv/lib/python3.8/site-packages/sqlalchemy/engine/base.py", line 1967, in _exec_single_context
    self.dialect.do_execute(
  File "/home/administrator/flask/myenv/lib/python3.8/site-packages/sqlalchemy/engine/default.py", line 924, in do_execute
    cursor.execute(statement, parameters)
  File "/home/administrator/flask/myenv/lib/python3.8/site-packages/MySQLdb/cursors.py", line 179, in execute
    res = self._query(mogrified_query)
  File "/home/administrator/flask/myenv/lib/python3.8/site-packages/MySQLdb/cursors.py", line 330, in _query
    db.query(q)
  File "/home/administrator/flask/myenv/lib/python3.8/site-packages/MySQLdb/connections.py", line 261, in query
    _mysql.connection.query(self, query)
sqlalchemy.exc.OperationalError: (MySQLdb.OperationalError) (1054, "Unknown column 'eod_dump.Qty_2' in 'field list'")
[SQL: SELECT eod_dump.`Date` AS `eod_dump_Date`, eod_dump.`TeamLeader` AS `eod_dump_TeamLeader`, eod_dump.`Gang` AS `eod_dump_Gang`, eod_dump.`Work_Type` AS `eod_dump_Work_Type`, eod_dump.`Item_Mst_ID` AS `eod_dump_Item_Mst_ID`, eod_dump.`Item_Description` AS `eod_dump_Item_Description`, eod_dump.`Activity` AS `eod_dump_Activity`, eod_dump.`WeekNumber` AS `eod_dump_WeekNumber`, eod_dump.`Output_Date_MonthYear` AS `eod_dump_Output_Date_MonthYear`, eod_dump.`Qty` AS `eod_dump_Qty`, eod_dump.`UOM` AS `eod_dump_UOM`, eod_dump.`Rate` AS `eod_dump_Rate`, eod_dump.`Total` AS `eod_dump_Total`, eod_dump.`Area` AS `eod_dump_Area`, eod_dump.`Mst_Item_Rpt_Group1` AS `eod_dump_Mst_Item_Rpt_Group1`, eod_dump.`Project_ID` AS `eod_dump_Project_ID`, eod_dump.`Project_Name` AS `eod_dump_Project_Name`, eod_dump.`Seed` AS `eod_dump_Seed`, eod_dump.`Comment` AS `eod_dump_Comment`, eod_dump.`Planning_KPI1` AS `eod_dump_Planning_KPI1`, eod_dump.`Email_ID` AS `eod_dump_Email_ID`, eod_dump.`User_Name` AS `eod_dump_User_Name`, eod_dump.`AuditLog` AS `eod_dump_AuditLog`, eod_dump.`Work_Period` AS `eod_dump_Work_Period`, eod_dump.`Job_Pack_No` AS `eod_dump_Job_Pack_No`, eod_dump.`Route` AS `eod_dump_Route`, eod_dump.`Work_Category` AS `eod_dump_Work_Category`, eod_dump.`Approved_Status` AS `eod_dump_Approved_Status`, eod_dump.`PMO_Coordinator` AS `eod_dump_PMO_Coordinator`, eod_dump.`QA_remarks` AS `eod_dump_QA_remarks`, eod_dump.`Span_length` AS `eod_dump_Span_length`, eod_dump.`Qty_2` AS `eod_dump_Qty_2`, eod_dump.`Taken_To_Revenue` AS `eod_dump_Taken_To_Revenue` 
FROM eod_dump]
(Background on this error at: https://sqlalche.me/e/20/e3q8)
10.100.140.241 - - [30/Jul/2024 15:56:48] "[35m[1mGET /api/data?token=eyJhbGciOiJIUzI1NiJ9.e30.8eSMst5KWd2S3IdWFpcCQ2pniwUWMuPylb2x32UodH4 HTTP/1.1[0m" 500 -
[2024-07-30 15:57:00,845] ERROR in app: Exception on /api/data [GET]
Traceback (most recent call last):
  File "/home/administrator/flask/myenv/lib/python3.8/site-packages/sqlalchemy/engine/base.py", line 1967, in _exec_single_context
    self.dialect.do_execute(
  File "/home/administrator/flask/myenv/lib/python3.8/site-packages/sqlalchemy/engine/default.py", line 924, in do_execute
    cursor.execute(statement, parameters)
  File "/home/administrator/flask/myenv/lib/python3.8/site-packages/MySQLdb/cursors.py", line 179, in execute
    res = self._query(mogrified_query)
  File "/home/administrator/flask/myenv/lib/python3.8/site-packages/MySQLdb/cursors.py", line 330, in _query
    db.query(q)
  File "/home/administrator/flask/myenv/lib/python3.8/site-packages/MySQLdb/connections.py", line 261, in query
    _mysql.connection.query(self, query)
MySQLdb.OperationalError: (1054, "Unknown column 'eod_dump.Qty_2' in 'field list'")

The above exception was the direct cause of the following exception:

Traceback (most recent call last):
  File "/home/administrator/flask/myenv/lib/python3.8/site-packages/flask/app.py", line 1473, in wsgi_app
    response = self.full_dispatch_request()
  File "/home/administrator/flask/myenv/lib/python3.8/site-packages/flask/app.py", line 882, in full_dispatch_request
    rv = self.handle_user_exception(e)
  File "/home/administrator/flask/myenv/lib/python3.8/site-packages/flask_cors/extension.py", line 178, in wrapped_function
    return cors_after_request(app.make_response(f(*args, **kwargs)))
  File "/home/administrator/flask/myenv/lib/python3.8/site-packages/flask/app.py", line 880, in full_dispatch_request
    rv = self.dispatch_request()
  File "/home/administrator/flask/myenv/lib/python3.8/site-packages/flask/app.py", line 865, in dispatch_request
    return self.ensure_sync(self.view_functions[rule.endpoint])(**view_args)  # type: ignore[no-any-return]
  File "app.py", line 186, in get_data
    data = query.all()
  File "/home/administrator/flask/myenv/lib/python3.8/site-packages/sqlalchemy/orm/query.py", line 2673, in all
    return self._iter().all()  # type: ignore
  File "/home/administrator/flask/myenv/lib/python3.8/site-packages/sqlalchemy/orm/query.py", line 2827, in _iter
    result: Union[ScalarResult[_T], Result[_T]] = self.session.execute(
  File "/home/administrator/flask/myenv/lib/python3.8/site-packages/sqlalchemy/orm/session.py", line 2351, in execute
    return self._execute_internal(
  File "/home/administrator/flask/myenv/lib/python3.8/site-packages/sqlalchemy/orm/session.py", line 2236, in _execute_internal
    result: Result[Any] = compile_state_cls.orm_execute_statement(
  File "/home/administrator/flask/myenv/lib/python3.8/site-packages/sqlalchemy/orm/context.py", line 293, in orm_execute_statement
    result = conn.execute(
  File "/home/administrator/flask/myenv/lib/python3.8/site-packages/sqlalchemy/engine/base.py", line 1418, in execute
    return meth(
  File "/home/administrator/flask/myenv/lib/python3.8/site-packages/sqlalchemy/sql/elements.py", line 515, in _execute_on_connection
    return connection._execute_clauseelement(
  File "/home/administrator/flask/myenv/lib/python3.8/site-packages/sqlalchemy/engine/base.py", line 1640, in _execute_clauseelement
    ret = self._execute_context(
  File "/home/administrator/flask/myenv/lib/python3.8/site-packages/sqlalchemy/engine/base.py", line 1846, in _execute_context
    return self._exec_single_context(
  File "/home/administrator/flask/myenv/lib/python3.8/site-packages/sqlalchemy/engine/base.py", line 1986, in _exec_single_context
    self._handle_dbapi_exception(
  File "/home/administrator/flask/myenv/lib/python3.8/site-packages/sqlalchemy/engine/base.py", line 2353, in _handle_dbapi_exception
    raise sqlalchemy_exception.with_traceback(exc_info[2]) from e
  File "/home/administrator/flask/myenv/lib/python3.8/site-packages/sqlalchemy/engine/base.py", line 1967, in _exec_single_context
    self.dialect.do_execute(
  File "/home/administrator/flask/myenv/lib/python3.8/site-packages/sqlalchemy/engine/default.py", line 924, in do_execute
    cursor.execute(statement, parameters)
  File "/home/administrator/flask/myenv/lib/python3.8/site-packages/MySQLdb/cursors.py", line 179, in execute
    res = self._query(mogrified_query)
  File "/home/administrator/flask/myenv/lib/python3.8/site-packages/MySQLdb/cursors.py", line 330, in _query
    db.query(q)
  File "/home/administrator/flask/myenv/lib/python3.8/site-packages/MySQLdb/connections.py", line 261, in query
    _mysql.connection.query(self, query)
sqlalchemy.exc.OperationalError: (MySQLdb.OperationalError) (1054, "Unknown column 'eod_dump.Qty_2' in 'field list'")
[SQL: SELECT eod_dump.`Date` AS `eod_dump_Date`, eod_dump.`TeamLeader` AS `eod_dump_TeamLeader`, eod_dump.`Gang` AS `eod_dump_Gang`, eod_dump.`Work_Type` AS `eod_dump_Work_Type`, eod_dump.`Item_Mst_ID` AS `eod_dump_Item_Mst_ID`, eod_dump.`Item_Description` AS `eod_dump_Item_Description`, eod_dump.`Activity` AS `eod_dump_Activity`, eod_dump.`WeekNumber` AS `eod_dump_WeekNumber`, eod_dump.`Output_Date_MonthYear` AS `eod_dump_Output_Date_MonthYear`, eod_dump.`Qty` AS `eod_dump_Qty`, eod_dump.`UOM` AS `eod_dump_UOM`, eod_dump.`Rate` AS `eod_dump_Rate`, eod_dump.`Total` AS `eod_dump_Total`, eod_dump.`Area` AS `eod_dump_Area`, eod_dump.`Mst_Item_Rpt_Group1` AS `eod_dump_Mst_Item_Rpt_Group1`, eod_dump.`Project_ID` AS `eod_dump_Project_ID`, eod_dump.`Project_Name` AS `eod_dump_Project_Name`, eod_dump.`Seed` AS `eod_dump_Seed`, eod_dump.`Comment` AS `eod_dump_Comment`, eod_dump.`Planning_KPI1` AS `eod_dump_Planning_KPI1`, eod_dump.`Email_ID` AS `eod_dump_Email_ID`, eod_dump.`User_Name` AS `eod_dump_User_Name`, eod_dump.`AuditLog` AS `eod_dump_AuditLog`, eod_dump.`Work_Period` AS `eod_dump_Work_Period`, eod_dump.`Job_Pack_No` AS `eod_dump_Job_Pack_No`, eod_dump.`Route` AS `eod_dump_Route`, eod_dump.`Work_Category` AS `eod_dump_Work_Category`, eod_dump.`Approved_Status` AS `eod_dump_Approved_Status`, eod_dump.`PMO_Coordinator` AS `eod_dump_PMO_Coordinator`, eod_dump.`QA_remarks` AS `eod_dump_QA_remarks`, eod_dump.`Span_length` AS `eod_dump_Span_length`, eod_dump.`Qty_2` AS `eod_dump_Qty_2`, eod_dump.`Taken_To_Revenue` AS `eod_dump_Taken_To_Revenue` 
FROM eod_dump]
(Background on this error at: https://sqlalche.me/e/20/e3q8)
10.100.140.241 - - [30/Jul/2024 15:57:00] "[35m[1mGET /api/data HTTP/1.1[0m" 500 -
[2024-07-30 15:57:04,839] ERROR in app: Exception on /api/data [GET]
Traceback (most recent call last):
  File "/home/administrator/flask/myenv/lib/python3.8/site-packages/sqlalchemy/engine/base.py", line 1967, in _exec_single_context
    self.dialect.do_execute(
  File "/home/administrator/flask/myenv/lib/python3.8/site-packages/sqlalchemy/engine/default.py", line 924, in do_execute
    cursor.execute(statement, parameters)
  File "/home/administrator/flask/myenv/lib/python3.8/site-packages/MySQLdb/cursors.py", line 179, in execute
    res = self._query(mogrified_query)
  File "/home/administrator/flask/myenv/lib/python3.8/site-packages/MySQLdb/cursors.py", line 330, in _query
    db.query(q)
  File "/home/administrator/flask/myenv/lib/python3.8/site-packages/MySQLdb/connections.py", line 261, in query
    _mysql.connection.query(self, query)
MySQLdb.OperationalError: (1054, "Unknown column 'eod_dump.Qty_2' in 'field list'")

The above exception was the direct cause of the following exception:

Traceback (most recent call last):
  File "/home/administrator/flask/myenv/lib/python3.8/site-packages/flask/app.py", line 1473, in wsgi_app
    response = self.full_dispatch_request()
  File "/home/administrator/flask/myenv/lib/python3.8/site-packages/flask/app.py", line 882, in full_dispatch_request
    rv = self.handle_user_exception(e)
  File "/home/administrator/flask/myenv/lib/python3.8/site-packages/flask_cors/extension.py", line 178, in wrapped_function
    return cors_after_request(app.make_response(f(*args, **kwargs)))
  File "/home/administrator/flask/myenv/lib/python3.8/site-packages/flask/app.py", line 880, in full_dispatch_request
    rv = self.dispatch_request()
  File "/home/administrator/flask/myenv/lib/python3.8/site-packages/flask/app.py", line 865, in dispatch_request
    return self.ensure_sync(self.view_functions[rule.endpoint])(**view_args)  # type: ignore[no-any-return]
  File "app.py", line 186, in get_data
    data = query.all()
  File "/home/administrator/flask/myenv/lib/python3.8/site-packages/sqlalchemy/orm/query.py", line 2673, in all
    return self._iter().all()  # type: ignore
  File "/home/administrator/flask/myenv/lib/python3.8/site-packages/sqlalchemy/orm/query.py", line 2827, in _iter
    result: Union[ScalarResult[_T], Result[_T]] = self.session.execute(
  File "/home/administrator/flask/myenv/lib/python3.8/site-packages/sqlalchemy/orm/session.py", line 2351, in execute
    return self._execute_internal(
  File "/home/administrator/flask/myenv/lib/python3.8/site-packages/sqlalchemy/orm/session.py", line 2236, in _execute_internal
    result: Result[Any] = compile_state_cls.orm_execute_statement(
  File "/home/administrator/flask/myenv/lib/python3.8/site-packages/sqlalchemy/orm/context.py", line 293, in orm_execute_statement
    result = conn.execute(
  File "/home/administrator/flask/myenv/lib/python3.8/site-packages/sqlalchemy/engine/base.py", line 1418, in execute
    return meth(
  File "/home/administrator/flask/myenv/lib/python3.8/site-packages/sqlalchemy/sql/elements.py", line 515, in _execute_on_connection
    return connection._execute_clauseelement(
  File "/home/administrator/flask/myenv/lib/python3.8/site-packages/sqlalchemy/engine/base.py", line 1640, in _execute_clauseelement
    ret = self._execute_context(
  File "/home/administrator/flask/myenv/lib/python3.8/site-packages/sqlalchemy/engine/base.py", line 1846, in _execute_context
    return self._exec_single_context(
  File "/home/administrator/flask/myenv/lib/python3.8/site-packages/sqlalchemy/engine/base.py", line 1986, in _exec_single_context
    self._handle_dbapi_exception(
  File "/home/administrator/flask/myenv/lib/python3.8/site-packages/sqlalchemy/engine/base.py", line 2353, in _handle_dbapi_exception
    raise sqlalchemy_exception.with_traceback(exc_info[2]) from e
  File "/home/administrator/flask/myenv/lib/python3.8/site-packages/sqlalchemy/engine/base.py", line 1967, in _exec_single_context
    self.dialect.do_execute(
  File "/home/administrator/flask/myenv/lib/python3.8/site-packages/sqlalchemy/engine/default.py", line 924, in do_execute
    cursor.execute(statement, parameters)
  File "/home/administrator/flask/myenv/lib/python3.8/site-packages/MySQLdb/cursors.py", line 179, in execute
    res = self._query(mogrified_query)
  File "/home/administrator/flask/myenv/lib/python3.8/site-packages/MySQLdb/cursors.py", line 330, in _query
    db.query(q)
  File "/home/administrator/flask/myenv/lib/python3.8/site-packages/MySQLdb/connections.py", line 261, in query
    _mysql.connection.query(self, query)
sqlalchemy.exc.OperationalError: (MySQLdb.OperationalError) (1054, "Unknown column 'eod_dump.Qty_2' in 'field list'")
[SQL: SELECT eod_dump.`Date` AS `eod_dump_Date`, eod_dump.`TeamLeader` AS `eod_dump_TeamLeader`, eod_dump.`Gang` AS `eod_dump_Gang`, eod_dump.`Work_Type` AS `eod_dump_Work_Type`, eod_dump.`Item_Mst_ID` AS `eod_dump_Item_Mst_ID`, eod_dump.`Item_Description` AS `eod_dump_Item_Description`, eod_dump.`Activity` AS `eod_dump_Activity`, eod_dump.`WeekNumber` AS `eod_dump_WeekNumber`, eod_dump.`Output_Date_MonthYear` AS `eod_dump_Output_Date_MonthYear`, eod_dump.`Qty` AS `eod_dump_Qty`, eod_dump.`UOM` AS `eod_dump_UOM`, eod_dump.`Rate` AS `eod_dump_Rate`, eod_dump.`Total` AS `eod_dump_Total`, eod_dump.`Area` AS `eod_dump_Area`, eod_dump.`Mst_Item_Rpt_Group1` AS `eod_dump_Mst_Item_Rpt_Group1`, eod_dump.`Project_ID` AS `eod_dump_Project_ID`, eod_dump.`Project_Name` AS `eod_dump_Project_Name`, eod_dump.`Seed` AS `eod_dump_Seed`, eod_dump.`Comment` AS `eod_dump_Comment`, eod_dump.`Planning_KPI1` AS `eod_dump_Planning_KPI1`, eod_dump.`Email_ID` AS `eod_dump_Email_ID`, eod_dump.`User_Name` AS `eod_dump_User_Name`, eod_dump.`AuditLog` AS `eod_dump_AuditLog`, eod_dump.`Work_Period` AS `eod_dump_Work_Period`, eod_dump.`Job_Pack_No` AS `eod_dump_Job_Pack_No`, eod_dump.`Route` AS `eod_dump_Route`, eod_dump.`Work_Category` AS `eod_dump_Work_Category`, eod_dump.`Approved_Status` AS `eod_dump_Approved_Status`, eod_dump.`PMO_Coordinator` AS `eod_dump_PMO_Coordinator`, eod_dump.`QA_remarks` AS `eod_dump_QA_remarks`, eod_dump.`Span_length` AS `eod_dump_Span_length`, eod_dump.`Qty_2` AS `eod_dump_Qty_2`, eod_dump.`Taken_To_Revenue` AS `eod_dump_Taken_To_Revenue` 
FROM eod_dump]
(Background on this error at: https://sqlalche.me/e/20/e3q8)
10.100.140.241 - - [30/Jul/2024 15:57:04] "[35m[1mGET /api/data HTTP/1.1[0m" 500 -
[2024-07-30 15:57:09,114] ERROR in app: Exception on /api/data [GET]
Traceback (most recent call last):
  File "/home/administrator/flask/myenv/lib/python3.8/site-packages/sqlalchemy/engine/base.py", line 1967, in _exec_single_context
    self.dialect.do_execute(
  File "/home/administrator/flask/myenv/lib/python3.8/site-packages/sqlalchemy/engine/default.py", line 924, in do_execute
    cursor.execute(statement, parameters)
  File "/home/administrator/flask/myenv/lib/python3.8/site-packages/MySQLdb/cursors.py", line 179, in execute
    res = self._query(mogrified_query)
  File "/home/administrator/flask/myenv/lib/python3.8/site-packages/MySQLdb/cursors.py", line 330, in _query
    db.query(q)
  File "/home/administrator/flask/myenv/lib/python3.8/site-packages/MySQLdb/connections.py", line 261, in query
    _mysql.connection.query(self, query)
MySQLdb.OperationalError: (1054, "Unknown column 'eod_dump.Qty_2' in 'field list'")

The above exception was the direct cause of the following exception:

Traceback (most recent call last):
  File "/home/administrator/flask/myenv/lib/python3.8/site-packages/flask/app.py", line 1473, in wsgi_app
    response = self.full_dispatch_request()
  File "/home/administrator/flask/myenv/lib/python3.8/site-packages/flask/app.py", line 882, in full_dispatch_request
    rv = self.handle_user_exception(e)
  File "/home/administrator/flask/myenv/lib/python3.8/site-packages/flask_cors/extension.py", line 178, in wrapped_function
    return cors_after_request(app.make_response(f(*args, **kwargs)))
  File "/home/administrator/flask/myenv/lib/python3.8/site-packages/flask/app.py", line 880, in full_dispatch_request
    rv = self.dispatch_request()
  File "/home/administrator/flask/myenv/lib/python3.8/site-packages/flask/app.py", line 865, in dispatch_request
    return self.ensure_sync(self.view_functions[rule.endpoint])(**view_args)  # type: ignore[no-any-return]
  File "app.py", line 186, in get_data
    data = query.all()
  File "/home/administrator/flask/myenv/lib/python3.8/site-packages/sqlalchemy/orm/query.py", line 2673, in all
    return self._iter().all()  # type: ignore
  File "/home/administrator/flask/myenv/lib/python3.8/site-packages/sqlalchemy/orm/query.py", line 2827, in _iter
    result: Union[ScalarResult[_T], Result[_T]] = self.session.execute(
  File "/home/administrator/flask/myenv/lib/python3.8/site-packages/sqlalchemy/orm/session.py", line 2351, in execute
    return self._execute_internal(
  File "/home/administrator/flask/myenv/lib/python3.8/site-packages/sqlalchemy/orm/session.py", line 2236, in _execute_internal
    result: Result[Any] = compile_state_cls.orm_execute_statement(
  File "/home/administrator/flask/myenv/lib/python3.8/site-packages/sqlalchemy/orm/context.py", line 293, in orm_execute_statement
    result = conn.execute(
  File "/home/administrator/flask/myenv/lib/python3.8/site-packages/sqlalchemy/engine/base.py", line 1418, in execute
    return meth(
  File "/home/administrator/flask/myenv/lib/python3.8/site-packages/sqlalchemy/sql/elements.py", line 515, in _execute_on_connection
    return connection._execute_clauseelement(
  File "/home/administrator/flask/myenv/lib/python3.8/site-packages/sqlalchemy/engine/base.py", line 1640, in _execute_clauseelement
    ret = self._execute_context(
  File "/home/administrator/flask/myenv/lib/python3.8/site-packages/sqlalchemy/engine/base.py", line 1846, in _execute_context
    return self._exec_single_context(
  File "/home/administrator/flask/myenv/lib/python3.8/site-packages/sqlalchemy/engine/base.py", line 1986, in _exec_single_context
    self._handle_dbapi_exception(
  File "/home/administrator/flask/myenv/lib/python3.8/site-packages/sqlalchemy/engine/base.py", line 2353, in _handle_dbapi_exception
    raise sqlalchemy_exception.with_traceback(exc_info[2]) from e
  File "/home/administrator/flask/myenv/lib/python3.8/site-packages/sqlalchemy/engine/base.py", line 1967, in _exec_single_context
    self.dialect.do_execute(
  File "/home/administrator/flask/myenv/lib/python3.8/site-packages/sqlalchemy/engine/default.py", line 924, in do_execute
    cursor.execute(statement, parameters)
  File "/home/administrator/flask/myenv/lib/python3.8/site-packages/MySQLdb/cursors.py", line 179, in execute
    res = self._query(mogrified_query)
  File "/home/administrator/flask/myenv/lib/python3.8/site-packages/MySQLdb/cursors.py", line 330, in _query
    db.query(q)
  File "/home/administrator/flask/myenv/lib/python3.8/site-packages/MySQLdb/connections.py", line 261, in query
    _mysql.connection.query(self, query)
sqlalchemy.exc.OperationalError: (MySQLdb.OperationalError) (1054, "Unknown column 'eod_dump.Qty_2' in 'field list'")
[SQL: SELECT eod_dump.`Date` AS `eod_dump_Date`, eod_dump.`TeamLeader` AS `eod_dump_TeamLeader`, eod_dump.`Gang` AS `eod_dump_Gang`, eod_dump.`Work_Type` AS `eod_dump_Work_Type`, eod_dump.`Item_Mst_ID` AS `eod_dump_Item_Mst_ID`, eod_dump.`Item_Description` AS `eod_dump_Item_Description`, eod_dump.`Activity` AS `eod_dump_Activity`, eod_dump.`WeekNumber` AS `eod_dump_WeekNumber`, eod_dump.`Output_Date_MonthYear` AS `eod_dump_Output_Date_MonthYear`, eod_dump.`Qty` AS `eod_dump_Qty`, eod_dump.`UOM` AS `eod_dump_UOM`, eod_dump.`Rate` AS `eod_dump_Rate`, eod_dump.`Total` AS `eod_dump_Total`, eod_dump.`Area` AS `eod_dump_Area`, eod_dump.`Mst_Item_Rpt_Group1` AS `eod_dump_Mst_Item_Rpt_Group1`, eod_dump.`Project_ID` AS `eod_dump_Project_ID`, eod_dump.`Project_Name` AS `eod_dump_Project_Name`, eod_dump.`Seed` AS `eod_dump_Seed`, eod_dump.`Comment` AS `eod_dump_Comment`, eod_dump.`Planning_KPI1` AS `eod_dump_Planning_KPI1`, eod_dump.`Email_ID` AS `eod_dump_Email_ID`, eod_dump.`User_Name` AS `eod_dump_User_Name`, eod_dump.`AuditLog` AS `eod_dump_AuditLog`, eod_dump.`Work_Period` AS `eod_dump_Work_Period`, eod_dump.`Job_Pack_No` AS `eod_dump_Job_Pack_No`, eod_dump.`Route` AS `eod_dump_Route`, eod_dump.`Work_Category` AS `eod_dump_Work_Category`, eod_dump.`Approved_Status` AS `eod_dump_Approved_Status`, eod_dump.`PMO_Coordinator` AS `eod_dump_PMO_Coordinator`, eod_dump.`QA_remarks` AS `eod_dump_QA_remarks`, eod_dump.`Span_length` AS `eod_dump_Span_length`, eod_dump.`Qty_2` AS `eod_dump_Qty_2`, eod_dump.`Taken_To_Revenue` AS `eod_dump_Taken_To_Revenue` 
FROM eod_dump]
(Background on this error at: https://sqlalche.me/e/20/e3q8)
10.100.140.241 - - [30/Jul/2024 15:57:09] "[35m[1mGET /api/data HTTP/1.1[0m" 500 -
[2024-07-30 15:57:19,600] ERROR in app: Exception on /api/data [GET]
Traceback (most recent call last):
  File "/home/administrator/flask/myenv/lib/python3.8/site-packages/sqlalchemy/engine/base.py", line 1967, in _exec_single_context
    self.dialect.do_execute(
  File "/home/administrator/flask/myenv/lib/python3.8/site-packages/sqlalchemy/engine/default.py", line 924, in do_execute
    cursor.execute(statement, parameters)
  File "/home/administrator/flask/myenv/lib/python3.8/site-packages/MySQLdb/cursors.py", line 179, in execute
    res = self._query(mogrified_query)
  File "/home/administrator/flask/myenv/lib/python3.8/site-packages/MySQLdb/cursors.py", line 330, in _query
    db.query(q)
  File "/home/administrator/flask/myenv/lib/python3.8/site-packages/MySQLdb/connections.py", line 261, in query
    _mysql.connection.query(self, query)
MySQLdb.OperationalError: (1054, "Unknown column 'eod_dump.Qty_2' in 'field list'")

The above exception was the direct cause of the following exception:

Traceback (most recent call last):
  File "/home/administrator/flask/myenv/lib/python3.8/site-packages/flask/app.py", line 1473, in wsgi_app
    response = self.full_dispatch_request()
  File "/home/administrator/flask/myenv/lib/python3.8/site-packages/flask/app.py", line 882, in full_dispatch_request
    rv = self.handle_user_exception(e)
  File "/home/administrator/flask/myenv/lib/python3.8/site-packages/flask_cors/extension.py", line 178, in wrapped_function
    return cors_after_request(app.make_response(f(*args, **kwargs)))
  File "/home/administrator/flask/myenv/lib/python3.8/site-packages/flask/app.py", line 880, in full_dispatch_request
    rv = self.dispatch_request()
  File "/home/administrator/flask/myenv/lib/python3.8/site-packages/flask/app.py", line 865, in dispatch_request
    return self.ensure_sync(self.view_functions[rule.endpoint])(**view_args)  # type: ignore[no-any-return]
  File "app.py", line 186, in get_data
    data = query.all()
  File "/home/administrator/flask/myenv/lib/python3.8/site-packages/sqlalchemy/orm/query.py", line 2673, in all
    return self._iter().all()  # type: ignore
  File "/home/administrator/flask/myenv/lib/python3.8/site-packages/sqlalchemy/orm/query.py", line 2827, in _iter
    result: Union[ScalarResult[_T], Result[_T]] = self.session.execute(
  File "/home/administrator/flask/myenv/lib/python3.8/site-packages/sqlalchemy/orm/session.py", line 2351, in execute
    return self._execute_internal(
  File "/home/administrator/flask/myenv/lib/python3.8/site-packages/sqlalchemy/orm/session.py", line 2236, in _execute_internal
    result: Result[Any] = compile_state_cls.orm_execute_statement(
  File "/home/administrator/flask/myenv/lib/python3.8/site-packages/sqlalchemy/orm/context.py", line 293, in orm_execute_statement
    result = conn.execute(
  File "/home/administrator/flask/myenv/lib/python3.8/site-packages/sqlalchemy/engine/base.py", line 1418, in execute
    return meth(
  File "/home/administrator/flask/myenv/lib/python3.8/site-packages/sqlalchemy/sql/elements.py", line 515, in _execute_on_connection
    return connection._execute_clauseelement(
  File "/home/administrator/flask/myenv/lib/python3.8/site-packages/sqlalchemy/engine/base.py", line 1640, in _execute_clauseelement
    ret = self._execute_context(
  File "/home/administrator/flask/myenv/lib/python3.8/site-packages/sqlalchemy/engine/base.py", line 1846, in _execute_context
    return self._exec_single_context(
  File "/home/administrator/flask/myenv/lib/python3.8/site-packages/sqlalchemy/engine/base.py", line 1986, in _exec_single_context
    self._handle_dbapi_exception(
  File "/home/administrator/flask/myenv/lib/python3.8/site-packages/sqlalchemy/engine/base.py", line 2353, in _handle_dbapi_exception
    raise sqlalchemy_exception.with_traceback(exc_info[2]) from e
  File "/home/administrator/flask/myenv/lib/python3.8/site-packages/sqlalchemy/engine/base.py", line 1967, in _exec_single_context
    self.dialect.do_execute(
  File "/home/administrator/flask/myenv/lib/python3.8/site-packages/sqlalchemy/engine/default.py", line 924, in do_execute
    cursor.execute(statement, parameters)
  File "/home/administrator/flask/myenv/lib/python3.8/site-packages/MySQLdb/cursors.py", line 179, in execute
    res = self._query(mogrified_query)
  File "/home/administrator/flask/myenv/lib/python3.8/site-packages/MySQLdb/cursors.py", line 330, in _query
    db.query(q)
  File "/home/administrator/flask/myenv/lib/python3.8/site-packages/MySQLdb/connections.py", line 261, in query
    _mysql.connection.query(self, query)
sqlalchemy.exc.OperationalError: (MySQLdb.OperationalError) (1054, "Unknown column 'eod_dump.Qty_2' in 'field list'")
[SQL: SELECT eod_dump.`Date` AS `eod_dump_Date`, eod_dump.`TeamLeader` AS `eod_dump_TeamLeader`, eod_dump.`Gang` AS `eod_dump_Gang`, eod_dump.`Work_Type` AS `eod_dump_Work_Type`, eod_dump.`Item_Mst_ID` AS `eod_dump_Item_Mst_ID`, eod_dump.`Item_Description` AS `eod_dump_Item_Description`, eod_dump.`Activity` AS `eod_dump_Activity`, eod_dump.`WeekNumber` AS `eod_dump_WeekNumber`, eod_dump.`Output_Date_MonthYear` AS `eod_dump_Output_Date_MonthYear`, eod_dump.`Qty` AS `eod_dump_Qty`, eod_dump.`UOM` AS `eod_dump_UOM`, eod_dump.`Rate` AS `eod_dump_Rate`, eod_dump.`Total` AS `eod_dump_Total`, eod_dump.`Area` AS `eod_dump_Area`, eod_dump.`Mst_Item_Rpt_Group1` AS `eod_dump_Mst_Item_Rpt_Group1`, eod_dump.`Project_ID` AS `eod_dump_Project_ID`, eod_dump.`Project_Name` AS `eod_dump_Project_Name`, eod_dump.`Seed` AS `eod_dump_Seed`, eod_dump.`Comment` AS `eod_dump_Comment`, eod_dump.`Planning_KPI1` AS `eod_dump_Planning_KPI1`, eod_dump.`Email_ID` AS `eod_dump_Email_ID`, eod_dump.`User_Name` AS `eod_dump_User_Name`, eod_dump.`AuditLog` AS `eod_dump_AuditLog`, eod_dump.`Work_Period` AS `eod_dump_Work_Period`, eod_dump.`Job_Pack_No` AS `eod_dump_Job_Pack_No`, eod_dump.`Route` AS `eod_dump_Route`, eod_dump.`Work_Category` AS `eod_dump_Work_Category`, eod_dump.`Approved_Status` AS `eod_dump_Approved_Status`, eod_dump.`PMO_Coordinator` AS `eod_dump_PMO_Coordinator`, eod_dump.`QA_remarks` AS `eod_dump_QA_remarks`, eod_dump.`Span_length` AS `eod_dump_Span_length`, eod_dump.`Qty_2` AS `eod_dump_Qty_2`, eod_dump.`Taken_To_Revenue` AS `eod_dump_Taken_To_Revenue` 
FROM eod_dump]
(Background on this error at: https://sqlalche.me/e/20/e3q8)
10.100.140.241 - - [30/Jul/2024 15:57:19] "[35m[1mGET /api/data HTTP/1.1[0m" 500 -
10.100.140.241 - - [30/Jul/2024 15:57:22] "POST /api/login HTTP/1.1" 200 -
[2024-07-30 15:57:36,368] ERROR in app: Exception on /api/data [GET]
Traceback (most recent call last):
  File "/home/administrator/flask/myenv/lib/python3.8/site-packages/sqlalchemy/engine/base.py", line 1967, in _exec_single_context
    self.dialect.do_execute(
  File "/home/administrator/flask/myenv/lib/python3.8/site-packages/sqlalchemy/engine/default.py", line 924, in do_execute
    cursor.execute(statement, parameters)
  File "/home/administrator/flask/myenv/lib/python3.8/site-packages/MySQLdb/cursors.py", line 179, in execute
    res = self._query(mogrified_query)
  File "/home/administrator/flask/myenv/lib/python3.8/site-packages/MySQLdb/cursors.py", line 330, in _query
    db.query(q)
  File "/home/administrator/flask/myenv/lib/python3.8/site-packages/MySQLdb/connections.py", line 261, in query
    _mysql.connection.query(self, query)
MySQLdb.OperationalError: (1054, "Unknown column 'eod_dump.Qty_2' in 'field list'")

The above exception was the direct cause of the following exception:

Traceback (most recent call last):
  File "/home/administrator/flask/myenv/lib/python3.8/site-packages/flask/app.py", line 1473, in wsgi_app
    response = self.full_dispatch_request()
  File "/home/administrator/flask/myenv/lib/python3.8/site-packages/flask/app.py", line 882, in full_dispatch_request
    rv = self.handle_user_exception(e)
  File "/home/administrator/flask/myenv/lib/python3.8/site-packages/flask_cors/extension.py", line 178, in wrapped_function
    return cors_after_request(app.make_response(f(*args, **kwargs)))
  File "/home/administrator/flask/myenv/lib/python3.8/site-packages/flask/app.py", line 880, in full_dispatch_request
    rv = self.dispatch_request()
  File "/home/administrator/flask/myenv/lib/python3.8/site-packages/flask/app.py", line 865, in dispatch_request
    return self.ensure_sync(self.view_functions[rule.endpoint])(**view_args)  # type: ignore[no-any-return]
  File "app.py", line 186, in get_data
    data = query.all()
  File "/home/administrator/flask/myenv/lib/python3.8/site-packages/sqlalchemy/orm/query.py", line 2673, in all
    return self._iter().all()  # type: ignore
  File "/home/administrator/flask/myenv/lib/python3.8/site-packages/sqlalchemy/orm/query.py", line 2827, in _iter
    result: Union[ScalarResult[_T], Result[_T]] = self.session.execute(
  File "/home/administrator/flask/myenv/lib/python3.8/site-packages/sqlalchemy/orm/session.py", line 2351, in execute
    return self._execute_internal(
  File "/home/administrator/flask/myenv/lib/python3.8/site-packages/sqlalchemy/orm/session.py", line 2236, in _execute_internal
    result: Result[Any] = compile_state_cls.orm_execute_statement(
  File "/home/administrator/flask/myenv/lib/python3.8/site-packages/sqlalchemy/orm/context.py", line 293, in orm_execute_statement
    result = conn.execute(
  File "/home/administrator/flask/myenv/lib/python3.8/site-packages/sqlalchemy/engine/base.py", line 1418, in execute
    return meth(
  File "/home/administrator/flask/myenv/lib/python3.8/site-packages/sqlalchemy/sql/elements.py", line 515, in _execute_on_connection
    return connection._execute_clauseelement(
  File "/home/administrator/flask/myenv/lib/python3.8/site-packages/sqlalchemy/engine/base.py", line 1640, in _execute_clauseelement
    ret = self._execute_context(
  File "/home/administrator/flask/myenv/lib/python3.8/site-packages/sqlalchemy/engine/base.py", line 1846, in _execute_context
    return self._exec_single_context(
  File "/home/administrator/flask/myenv/lib/python3.8/site-packages/sqlalchemy/engine/base.py", line 1986, in _exec_single_context
    self._handle_dbapi_exception(
  File "/home/administrator/flask/myenv/lib/python3.8/site-packages/sqlalchemy/engine/base.py", line 2353, in _handle_dbapi_exception
    raise sqlalchemy_exception.with_traceback(exc_info[2]) from e
  File "/home/administrator/flask/myenv/lib/python3.8/site-packages/sqlalchemy/engine/base.py", line 1967, in _exec_single_context
    self.dialect.do_execute(
  File "/home/administrator/flask/myenv/lib/python3.8/site-packages/sqlalchemy/engine/default.py", line 924, in do_execute
    cursor.execute(statement, parameters)
  File "/home/administrator/flask/myenv/lib/python3.8/site-packages/MySQLdb/cursors.py", line 179, in execute
    res = self._query(mogrified_query)
  File "/home/administrator/flask/myenv/lib/python3.8/site-packages/MySQLdb/cursors.py", line 330, in _query
    db.query(q)
  File "/home/administrator/flask/myenv/lib/python3.8/site-packages/MySQLdb/connections.py", line 261, in query
    _mysql.connection.query(self, query)
sqlalchemy.exc.OperationalError: (MySQLdb.OperationalError) (1054, "Unknown column 'eod_dump.Qty_2' in 'field list'")
[SQL: SELECT eod_dump.`Date` AS `eod_dump_Date`, eod_dump.`TeamLeader` AS `eod_dump_TeamLeader`, eod_dump.`Gang` AS `eod_dump_Gang`, eod_dump.`Work_Type` AS `eod_dump_Work_Type`, eod_dump.`Item_Mst_ID` AS `eod_dump_Item_Mst_ID`, eod_dump.`Item_Description` AS `eod_dump_Item_Description`, eod_dump.`Activity` AS `eod_dump_Activity`, eod_dump.`WeekNumber` AS `eod_dump_WeekNumber`, eod_dump.`Output_Date_MonthYear` AS `eod_dump_Output_Date_MonthYear`, eod_dump.`Qty` AS `eod_dump_Qty`, eod_dump.`UOM` AS `eod_dump_UOM`, eod_dump.`Rate` AS `eod_dump_Rate`, eod_dump.`Total` AS `eod_dump_Total`, eod_dump.`Area` AS `eod_dump_Area`, eod_dump.`Mst_Item_Rpt_Group1` AS `eod_dump_Mst_Item_Rpt_Group1`, eod_dump.`Project_ID` AS `eod_dump_Project_ID`, eod_dump.`Project_Name` AS `eod_dump_Project_Name`, eod_dump.`Seed` AS `eod_dump_Seed`, eod_dump.`Comment` AS `eod_dump_Comment`, eod_dump.`Planning_KPI1` AS `eod_dump_Planning_KPI1`, eod_dump.`Email_ID` AS `eod_dump_Email_ID`, eod_dump.`User_Name` AS `eod_dump_User_Name`, eod_dump.`AuditLog` AS `eod_dump_AuditLog`, eod_dump.`Work_Period` AS `eod_dump_Work_Period`, eod_dump.`Job_Pack_No` AS `eod_dump_Job_Pack_No`, eod_dump.`Route` AS `eod_dump_Route`, eod_dump.`Work_Category` AS `eod_dump_Work_Category`, eod_dump.`Approved_Status` AS `eod_dump_Approved_Status`, eod_dump.`PMO_Coordinator` AS `eod_dump_PMO_Coordinator`, eod_dump.`QA_remarks` AS `eod_dump_QA_remarks`, eod_dump.`Span_length` AS `eod_dump_Span_length`, eod_dump.`Qty_2` AS `eod_dump_Qty_2`, eod_dump.`Taken_To_Revenue` AS `eod_dump_Taken_To_Revenue` 
FROM eod_dump]
(Background on this error at: https://sqlalche.me/e/20/e3q8)
10.100.140.241 - - [30/Jul/2024 15:57:36] "[35m[1mGET /api/data HTTP/1.1[0m" 500 -
 * Serving Flask app 'app'
 * Debug mode: off
[31m[1mWARNING: This is a development server. Do not use it in a production deployment. Use a production WSGI server instead.[0m
 * Running on all addresses (0.0.0.0)
 * Running on http://127.0.0.1:5000
 * Running on http://10.100.130.76:5000
[33mPress CTRL+C to quit[0m
10.100.140.241 - - [30/Jul/2024 16:46:37] "GET /api/data HTTP/1.1" 200 -
10.100.140.241 - - [30/Jul/2024 16:48:56] "OPTIONS /api/login HTTP/1.1" 200 -
10.100.140.241 - - [30/Jul/2024 16:48:57] "POST /api/login HTTP/1.1" 200 -
10.100.140.241 - - [30/Jul/2024 17:35:14] "POST /api/login HTTP/1.1" 200 -
10.100.140.241 - - [30/Jul/2024 17:35:18] "GET /api/data HTTP/1.1" 200 -
10.100.140.241 - - [31/Jul/2024 11:45:03] "OPTIONS /api/login HTTP/1.1" 200 -
10.100.140.241 - - [31/Jul/2024 11:45:03] "POST /api/login HTTP/1.1" 200 -
10.100.140.241 - - [31/Jul/2024 11:45:36] "OPTIONS /api/login HTTP/1.1" 200 -
10.100.140.241 - - [31/Jul/2024 11:45:37] "POST /api/login HTTP/1.1" 200 -
10.100.140.241 - - [31/Jul/2024 12:27:14] "OPTIONS /api/login HTTP/1.1" 200 -
10.100.140.241 - - [31/Jul/2024 12:27:14] "POST /api/login HTTP/1.1" 200 -
10.100.140.241 - - [31/Jul/2024 12:27:44] "OPTIONS /api/login HTTP/1.1" 200 -
10.100.140.241 - - [31/Jul/2024 12:27:45] "POST /api/login HTTP/1.1" 200 -

10.100.140.241 - - [31/Jul/2024 12:36:42] "[33mPOST /api/add_user_revenues HTTP/1.1[0m" 404 -
10.100.140.241 - - [31/Jul/2024 12:37:00] "[33mPOST /api/add_user_revenues HTTP/1.1[0m" 404 -
10.100.140.241 - - [31/Jul/2024 12:38:33] "[33mPOST /api/add_user_revenues HTTP/1.1[0m" 404 -
10.100.140.241 - - [31/Jul/2024 13:52:20] "[33mGET /api/calculate_cost HTTP/1.1[0m" 404 -
10.100.140.241 - - [31/Jul/2024 14:44:44] "GET /api/data?TeamLeader=JORDAN%20NORTON HTTP/1.1" 200 -
 * Serving Flask app 'app2'
 * Debug mode: off
[31m[1mWARNING: This is a development server. Do not use it in a production deployment. Use a production WSGI server instead.[0m
 * Running on all addresses (0.0.0.0)
 * Running on http://127.0.0.1:5000
 * Running on http://10.100.130.76:5000
[33mPress CTRL+C to quit[0m
10.100.140.241 - - [31/Jul/2024 15:07:09] "OPTIONS /api/login HTTP/1.1" 200 -
10.100.140.241 - - [31/Jul/2024 15:07:09] "POST /api/login HTTP/1.1" 200 -
10.100.140.241 - - [31/Jul/2024 15:08:02] "GET /api/data HTTP/1.1" 200 -
10.100.140.241 - - [31/Jul/2024 15:44:56] "GET /api/data HTTP/1.1" 200 -
10.100.140.241 - - [31/Jul/2024 15:58:20] "GET /api/data HTTP/1.1" 200 -
10.100.140.241 - - [31/Jul/2024 15:58:20] "GET /api/data HTTP/1.1" 200 -
10.100.140.241 - - [31/Jul/2024 16:07:49] "GET /api/data HTTP/1.1" 200 -
10.100.140.241 - - [31/Jul/2024 16:08:07] "GET /api/data HTTP/1.1" 200 -
10.100.140.241 - - [31/Jul/2024 16:08:08] "GET /api/data HTTP/1.1" 200 -
10.100.140.241 - - [31/Jul/2024 16:09:11] "GET /api/data HTTP/1.1" 200 -
10.100.140.241 - - [31/Jul/2024 16:09:11] "GET /api/data HTTP/1.1" 200 -
10.100.140.241 - - [31/Jul/2024 16:10:45] "GET /api/data HTTP/1.1" 200 -
10.100.140.241 - - [31/Jul/2024 16:13:05] "GET /api/data HTTP/1.1" 200 -
10.100.140.241 - - [31/Jul/2024 16:15:50] "GET /api/data HTTP/1.1" 200 -
10.100.140.241 - - [31/Jul/2024 16:16:00] "GET /api/data HTTP/1.1" 200 -
10.100.140.241 - - [31/Jul/2024 16:16:00] "GET /api/data HTTP/1.1" 200 -
10.100.140.241 - - [31/Jul/2024 16:16:29] "GET /api/data HTTP/1.1" 200 -
10.100.140.241 - - [31/Jul/2024 16:16:29] "GET /api/data HTTP/1.1" 200 -
10.100.140.241 - - [31/Jul/2024 16:23:29] "GET /api/data HTTP/1.1" 200 -
10.100.140.241 - - [31/Jul/2024 16:26:14] "GET /api/data HTTP/1.1" 200 -
10.100.140.241 - - [31/Jul/2024 16:26:18] "GET /api/data HTTP/1.1" 200 -
10.100.140.241 - - [31/Jul/2024 16:26:19] "GET /api/data HTTP/1.1" 200 -
10.100.140.241 - - [31/Jul/2024 16:28:25] "GET /api/data HTTP/1.1" 200 -
10.100.140.241 - - [31/Jul/2024 16:28:26] "GET /api/data HTTP/1.1" 200 -
10.100.140.241 - - [31/Jul/2024 16:28:37] "GET /api/data HTTP/1.1" 200 -
10.100.140.241 - - [31/Jul/2024 16:28:40] "GET /api/data HTTP/1.1" 200 -
10.100.140.241 - - [31/Jul/2024 16:28:41] "GET /api/data HTTP/1.1" 200 -
10.100.140.241 - - [31/Jul/2024 16:30:24] "GET /api/data HTTP/1.1" 200 -
10.100.140.241 - - [31/Jul/2024 16:32:13] "GET /api/data HTTP/1.1" 200 -
10.100.140.241 - - [31/Jul/2024 16:32:14] "GET /api/data HTTP/1.1" 200 -
10.100.140.241 - - [31/Jul/2024 16:34:06] "GET /api/data HTTP/1.1" 200 -
10.100.140.241 - - [31/Jul/2024 16:34:15] "GET /api/data HTTP/1.1" 200 -
10.100.140.241 - - [31/Jul/2024 16:34:15] "GET /api/data HTTP/1.1" 200 -
10.100.140.241 - - [31/Jul/2024 16:40:55] "GET /api/data HTTP/1.1" 200 -
10.100.140.241 - - [31/Jul/2024 16:41:01] "GET /api/data HTTP/1.1" 200 -
10.100.140.241 - - [31/Jul/2024 16:41:01] "GET /api/data HTTP/1.1" 200 -
10.100.140.241 - - [31/Jul/2024 16:41:33] "GET /api/data HTTP/1.1" 200 -
10.100.140.241 - - [31/Jul/2024 16:45:48] "GET /api/data HTTP/1.1" 200 -
10.100.140.241 - - [31/Jul/2024 16:45:59] "GET /api/data HTTP/1.1" 200 -
10.100.140.241 - - [31/Jul/2024 16:45:59] "GET /api/data HTTP/1.1" 200 -
10.100.140.241 - - [31/Jul/2024 16:47:36] "GET /api/data HTTP/1.1" 200 -
10.100.140.241 - - [31/Jul/2024 16:47:55] "GET /api/data HTTP/1.1" 200 -
10.100.140.241 - - [31/Jul/2024 16:57:46] "GET /api/data HTTP/1.1" 200 -
10.100.140.241 - - [31/Jul/2024 16:57:59] "GET /api/data HTTP/1.1" 200 -
10.100.140.241 - - [31/Jul/2024 16:57:59] "GET /api/data HTTP/1.1" 200 -
10.100.140.241 - - [31/Jul/2024 17:00:41] "GET /api/data HTTP/1.1" 200 -
10.100.140.241 - - [31/Jul/2024 17:00:50] "GET /api/data HTTP/1.1" 200 -
10.100.140.241 - - [31/Jul/2024 17:00:56] "GET /api/data HTTP/1.1" 200 -
10.100.140.241 - - [31/Jul/2024 17:00:56] "GET /api/data HTTP/1.1" 200 -
10.100.140.241 - - [31/Jul/2024 17:03:00] "GET /api/data HTTP/1.1" 200 -
10.100.140.241 - - [31/Jul/2024 17:04:22] "GET /api/data HTTP/1.1" 200 -
10.100.140.241 - - [31/Jul/2024 17:05:45] "GET /api/data HTTP/1.1" 200 -
10.100.140.241 - - [31/Jul/2024 17:05:54] "GET /api/data HTTP/1.1" 200 -
10.100.140.241 - - [31/Jul/2024 17:05:54] "GET /api/data HTTP/1.1" 200 -
10.100.140.241 - - [31/Jul/2024 17:08:03] "GET /api/data HTTP/1.1" 200 -
10.100.140.241 - - [31/Jul/2024 17:08:06] "GET /api/data HTTP/1.1" 200 -
10.100.140.241 - - [31/Jul/2024 17:08:06] "GET /api/data HTTP/1.1" 200 -
10.100.140.241 - - [31/Jul/2024 17:08:28] "GET /api/data HTTP/1.1" 200 -
10.100.140.241 - - [31/Jul/2024 17:08:59] "GET /api/data HTTP/1.1" 200 -
10.100.140.241 - - [31/Jul/2024 17:09:02] "GET /api/data HTTP/1.1" 200 -
10.100.140.241 - - [31/Jul/2024 17:09:02] "GET /api/data HTTP/1.1" 200 -
10.100.140.241 - - [31/Jul/2024 17:09:21] "GET /api/data HTTP/1.1" 200 -
10.100.140.241 - - [31/Jul/2024 17:10:00] "GET /api/data HTTP/1.1" 200 -
10.100.140.241 - - [31/Jul/2024 17:10:04] "GET /api/data HTTP/1.1" 200 -
10.100.140.241 - - [31/Jul/2024 17:10:08] "GET /api/data HTTP/1.1" 200 -
10.100.140.241 - - [31/Jul/2024 17:10:11] "GET /api/data HTTP/1.1" 200 -
10.100.140.241 - - [31/Jul/2024 17:10:11] "GET /api/data HTTP/1.1" 200 -
10.100.140.241 - - [31/Jul/2024 17:12:03] "GET /api/data HTTP/1.1" 200 -
10.100.140.241 - - [31/Jul/2024 17:12:11] "GET /api/data HTTP/1.1" 200 -
10.100.140.241 - - [31/Jul/2024 17:12:24] "GET /api/data HTTP/1.1" 200 -
10.100.140.241 - - [31/Jul/2024 17:12:27] "GET /api/data HTTP/1.1" 200 -
10.100.140.241 - - [31/Jul/2024 17:12:32] "GET /api/data HTTP/1.1" 200 -
10.100.140.241 - - [31/Jul/2024 17:12:32] "GET /api/data HTTP/1.1" 200 -
10.100.140.241 - - [31/Jul/2024 17:13:05] "GET /api/data HTTP/1.1" 200 -
10.100.140.241 - - [31/Jul/2024 17:13:17] "GET /api/data HTTP/1.1" 200 -
10.100.140.241 - - [31/Jul/2024 17:13:27] "GET /api/data HTTP/1.1" 200 -
10.100.140.241 - - [31/Jul/2024 17:13:27] "GET /api/data HTTP/1.1" 200 -
10.100.140.241 - - [31/Jul/2024 17:18:10] "GET /api/data HTTP/1.1" 200 -
10.100.140.241 - - [31/Jul/2024 17:18:51] "GET /api/data HTTP/1.1" 200 -
10.100.140.241 - - [31/Jul/2024 17:19:10] "GET /api/data HTTP/1.1" 200 -
10.100.140.241 - - [31/Jul/2024 17:19:43] "GET /api/data HTTP/1.1" 200 -
10.100.140.241 - - [31/Jul/2024 17:24:09] "GET /api/data HTTP/1.1" 200 -
10.100.140.241 - - [31/Jul/2024 17:24:26] "GET /api/data HTTP/1.1" 200 -
10.100.140.241 - - [31/Jul/2024 17:24:29] "GET /api/data HTTP/1.1" 200 -
10.100.140.241 - - [31/Jul/2024 17:24:29] "GET /api/data HTTP/1.1" 200 -
10.100.140.241 - - [31/Jul/2024 17:27:19] "GET /api/data HTTP/1.1" 200 -
10.100.140.241 - - [31/Jul/2024 17:27:19] "GET /api/data HTTP/1.1" 200 -
10.100.140.241 - - [31/Jul/2024 17:30:46] "GET /api/data HTTP/1.1" 200 -
10.100.140.241 - - [31/Jul/2024 17:30:46] "GET /api/data HTTP/1.1" 200 -
10.100.140.241 - - [31/Jul/2024 17:31:27] "GET /api/data HTTP/1.1" 200 -
10.100.140.241 - - [31/Jul/2024 17:31:31] "GET /api/data HTTP/1.1" 200 -
10.100.140.241 - - [31/Jul/2024 17:31:31] "GET /api/data HTTP/1.1" 200 -
10.100.140.241 - - [31/Jul/2024 17:32:06] "GET /api/data HTTP/1.1" 200 -
10.100.140.241 - - [31/Jul/2024 17:32:06] "GET /api/data HTTP/1.1" 200 -
10.100.140.241 - - [31/Jul/2024 17:37:04] "GET /api/data HTTP/1.1" 200 -
10.100.140.241 - - [31/Jul/2024 17:37:09] "GET /api/data HTTP/1.1" 200 -
10.100.140.241 - - [31/Jul/2024 17:37:09] "GET /api/data HTTP/1.1" 200 -
10.100.140.241 - - [31/Jul/2024 17:42:00] "GET /api/data HTTP/1.1" 200 -
10.100.140.241 - - [31/Jul/2024 17:42:11] "GET /api/data HTTP/1.1" 200 -
10.100.140.241 - - [31/Jul/2024 17:42:11] "GET /api/data HTTP/1.1" 200 -
10.100.140.241 - - [31/Jul/2024 17:42:47] "GET /api/data HTTP/1.1" 200 -
10.100.140.241 - - [31/Jul/2024 17:42:56] "GET /api/data HTTP/1.1" 200 -
10.100.140.241 - - [31/Jul/2024 17:43:07] "GET /api/data HTTP/1.1" 200 -
10.100.140.241 - - [31/Jul/2024 17:43:38] "GET /api/data HTTP/1.1" 200 -
10.100.140.241 - - [31/Jul/2024 17:43:50] "GET /api/data HTTP/1.1" 200 -
10.100.140.241 - - [31/Jul/2024 17:44:02] "GET /api/data HTTP/1.1" 200 -
10.100.140.241 - - [31/Jul/2024 17:44:05] "GET /api/data HTTP/1.1" 200 -
10.100.140.241 - - [31/Jul/2024 17:44:05] "GET /api/data HTTP/1.1" 200 -
10.100.140.241 - - [31/Jul/2024 17:44:21] "GET /api/data HTTP/1.1" 200 -
10.100.140.241 - - [31/Jul/2024 17:44:39] "GET /api/data HTTP/1.1" 200 -
10.100.140.241 - - [31/Jul/2024 17:44:42] "GET /api/data HTTP/1.1" 200 -
10.100.140.241 - - [31/Jul/2024 17:44:42] "GET /api/data HTTP/1.1" 200 -
10.100.140.241 - - [31/Jul/2024 17:44:50] "GET /api/data HTTP/1.1" 200 -
10.100.140.241 - - [31/Jul/2024 17:44:53] "GET /api/data HTTP/1.1" 200 -
10.100.140.241 - - [31/Jul/2024 17:44:53] "GET /api/data HTTP/1.1" 200 -
10.100.140.241 - - [31/Jul/2024 17:45:04] "GET /api/data HTTP/1.1" 200 -
10.100.140.241 - - [31/Jul/2024 17:45:07] "GET /api/data HTTP/1.1" 200 -
10.100.140.241 - - [31/Jul/2024 17:45:07] "GET /api/data HTTP/1.1" 200 -
10.100.140.241 - - [31/Jul/2024 17:51:45] "GET /api/data HTTP/1.1" 200 -
10.100.140.241 - - [31/Jul/2024 17:51:45] "GET /api/data HTTP/1.1" 200 -
10.100.140.241 - - [01/Aug/2024 10:38:16] "OPTIONS /api/login HTTP/1.1" 200 -
10.100.140.241 - - [01/Aug/2024 10:38:17] "POST /api/login HTTP/1.1" 200 -
10.100.140.241 - - [01/Aug/2024 10:38:17] "GET /api/data HTTP/1.1" 200 -
10.100.140.241 - - [01/Aug/2024 10:38:17] "GET /api/data HTTP/1.1" 200 -
10.100.140.241 - - [01/Aug/2024 10:43:51] "OPTIONS /api/login HTTP/1.1" 200 -
10.100.140.241 - - [01/Aug/2024 10:43:51] "POST /api/login HTTP/1.1" 200 -
10.100.140.241 - - [01/Aug/2024 10:43:51] "GET /api/data HTTP/1.1" 200 -
10.100.140.241 - - [01/Aug/2024 10:43:51] "GET /api/data HTTP/1.1" 200 -
10.100.140.241 - - [01/Aug/2024 11:12:27] "POST /api/calculate_cost HTTP/1.1" 200 -
10.100.140.241 - - [01/Aug/2024 12:02:25] "GET /api/data HTTP/1.1" 200 -
10.100.140.241 - - [01/Aug/2024 12:03:02] "GET /api/data HTTP/1.1" 200 -
10.100.140.241 - - [01/Aug/2024 12:04:18] "GET /api/data HTTP/1.1" 200 -
10.100.140.241 - - [01/Aug/2024 12:05:40] "GET /api/data HTTP/1.1" 200 -
10.100.140.241 - - [01/Aug/2024 12:12:49] "GET /api/data HTTP/1.1" 200 -
10.100.140.241 - - [01/Aug/2024 12:20:54] "GET /api/data HTTP/1.1" 200 -
10.100.140.241 - - [01/Aug/2024 12:20:54] "GET /api/data HTTP/1.1" 200 -
 * Serving Flask app 'app2'
 * Debug mode: on
[31m[1mWARNING: This is a development server. Do not use it in a production deployment. Use a production WSGI server instead.[0m
 * Running on all addresses (0.0.0.0)
 * Running on http://127.0.0.1:5000
 * Running on http://10.100.130.76:5000
[33mPress CTRL+C to quit[0m
 * Restarting with stat
 * Debugger is active!
 * Debugger PIN: 250-402-423
10.100.140.241 - - [01/Aug/2024 12:21:38] "GET /api/data HTTP/1.1" 200 -
10.100.140.241 - - [01/Aug/2024 12:23:14] "GET /api/data?date>01-01-24 HTTP/1.1" 200 -
10.100.140.241 - - [01/Aug/2024 12:24:08] "GET /api/data?date>01-04-24 HTTP/1.1" 200 -
10.100.140.241 - - [01/Aug/2024 12:25:01] "GET /api/data?date>01-04-24 HTTP/1.1" 200 -
10.100.140.241 - - [01/Aug/2024 12:25:18] "GET /api/data?date=01-04-24 HTTP/1.1" 200 -
 * Detected change in '/home/administrator/flask/app2.py', reloading
 * Restarting with stat
 * Debugger is active!
 * Debugger PIN: 250-402-423
10.100.140.241 - - [01/Aug/2024 12:25:55] "GET /api/data?date=01-04-24 HTTP/1.1" 200 -
10.100.140.241 - - [01/Aug/2024 12:26:07] "GET /api/data?date>01-04-24 HTTP/1.1" 200 -
 * Detected change in '/home/administrator/flask/app2.py', reloading
 * Restarting with stat
 * Debugger is active!
 * Debugger PIN: 250-402-423
10.100.140.241 - - [01/Aug/2024 12:28:38] "GET /api/data?limit=100&page=2 HTTP/1.1" 200 -
10.100.140.241 - - [01/Aug/2024 12:29:55] "GET /api/data HTTP/1.1" 200 -
10.100.140.241 - - [01/Aug/2024 12:29:55] "GET /api/data HTTP/1.1" 200 -
10.100.140.241 - - [01/Aug/2024 12:30:26] "GET /api/data HTTP/1.1" 200 -
10.100.140.241 - - [01/Aug/2024 12:30:26] "GET /api/data HTTP/1.1" 200 -
10.100.140.241 - - [01/Aug/2024 12:30:55] "GET /api/data?limit=100&page=2 HTTP/1.1" 200 -
10.100.140.241 - - [01/Aug/2024 12:31:49] "GET /api/data?limit=100&page=2 HTTP/1.1" 200 -
10.100.140.241 - - [01/Aug/2024 12:31:49] "[33mGET /favicon.ico HTTP/1.1[0m" 404 -
10.100.140.241 - - [01/Aug/2024 12:32:00] "GET /api/data?limit=100&page=2 HTTP/1.1" 200 -
10.100.140.241 - - [01/Aug/2024 12:37:59] "GET /api/data HTTP/1.1" 200 -
10.100.140.241 - - [01/Aug/2024 12:37:59] "GET /api/data HTTP/1.1" 200 -
10.100.140.241 - - [01/Aug/2024 12:39:39] "GET /api/data HTTP/1.1" 200 -
10.100.140.241 - - [01/Aug/2024 12:39:40] "GET /api/data HTTP/1.1" 200 -
10.100.140.241 - - [01/Aug/2024 12:40:06] "GET /api/data HTTP/1.1" 200 -
10.100.140.241 - - [01/Aug/2024 12:40:06] "GET /api/data HTTP/1.1" 200 -
10.100.140.241 - - [01/Aug/2024 12:45:53] "GET /api/data?limit=100&page=2 HTTP/1.1" 200 -
10.100.140.241 - - [01/Aug/2024 12:46:32] "GET /api/data?limit=100&page=2 HTTP/1.1" 200 -
10.100.140.241 - - [01/Aug/2024 12:47:06] "GET /api/data HTTP/1.1" 200 -
10.100.140.241 - - [01/Aug/2024 12:52:08] "GET /api/data HTTP/1.1" 200 -
10.100.140.241 - - [01/Aug/2024 12:57:13] "GET /api/data HTTP/1.1" 200 -
10.100.140.241 - - [01/Aug/2024 13:00:03] "GET /api/data?date=20-03-24 HTTP/1.1" 200 -
10.100.140.241 - - [01/Aug/2024 13:00:14] "GET /api/data?Date=20-03-24 HTTP/1.1" 200 -
10.100.140.241 - - [01/Aug/2024 13:03:26] "GET /api/data HTTP/1.1" 200 -
10.100.140.241 - - [01/Aug/2024 13:03:46] "GET /api/data HTTP/1.1" 200 -
10.100.140.241 - - [01/Aug/2024 13:03:46] "GET /api/data HTTP/1.1" 200 -
10.100.140.241 - - [01/Aug/2024 13:05:32] "GET /api/data HTTP/1.1" 200 -
10.100.140.241 - - [01/Aug/2024 13:05:39] "GET /api/data HTTP/1.1" 200 -
10.100.140.241 - - [01/Aug/2024 13:05:39] "GET /api/data HTTP/1.1" 200 -
10.100.140.241 - - [01/Aug/2024 13:08:11] "GET /api/data HTTP/1.1" 200 -
10.100.140.241 - - [01/Aug/2024 13:14:08] "GET /api/data HTTP/1.1" 200 -
10.100.140.241 - - [01/Aug/2024 13:14:31] "GET /api/data HTTP/1.1" 200 -
10.100.140.241 - - [01/Aug/2024 13:14:31] "GET /api/data HTTP/1.1" 200 -
10.100.140.241 - - [01/Aug/2024 13:18:14] "GET /api/data HTTP/1.1" 200 -
10.100.140.241 - - [01/Aug/2024 13:18:14] "GET /api/data HTTP/1.1" 200 -
10.100.140.241 - - [01/Aug/2024 13:23:38] "GET /api/data HTTP/1.1" 200 -
10.100.140.241 - - [01/Aug/2024 13:25:37] "GET /api/data HTTP/1.1" 200 -
10.100.140.241 - - [01/Aug/2024 13:26:37] "GET /api/data HTTP/1.1" 200 -
10.100.140.241 - - [01/Aug/2024 13:27:20] "GET /api/data HTTP/1.1" 200 -
10.100.140.241 - - [01/Aug/2024 13:34:00] "GET /api/data HTTP/1.1" 200 -
10.100.140.241 - - [01/Aug/2024 13:34:00] "GET /api/data HTTP/1.1" 200 -
10.100.140.241 - - [01/Aug/2024 13:35:00] "GET /api/data HTTP/1.1" 200 -
10.100.140.241 - - [01/Aug/2024 13:35:04] "GET /api/data HTTP/1.1" 200 -
10.100.140.241 - - [01/Aug/2024 13:35:04] "GET /api/data HTTP/1.1" 200 -
10.100.140.241 - - [01/Aug/2024 13:38:33] "GET /api/data HTTP/1.1" 200 -
10.100.140.241 - - [01/Aug/2024 13:42:38] "GET /api/data HTTP/1.1" 200 -
10.100.140.241 - - [01/Aug/2024 13:42:38] "GET /api/data HTTP/1.1" 200 -
10.100.140.241 - - [01/Aug/2024 13:48:26] "GET /api/data HTTP/1.1" 200 -
10.100.140.241 - - [01/Aug/2024 13:48:40] "GET /api/data HTTP/1.1" 200 -
10.100.140.241 - - [01/Aug/2024 13:51:25] "GET /api/data HTTP/1.1" 200 -
10.100.140.241 - - [01/Aug/2024 13:53:36] "GET /api/data HTTP/1.1" 200 -
10.100.140.241 - - [01/Aug/2024 13:54:09] "GET /api/data HTTP/1.1" 200 -
10.100.140.241 - - [01/Aug/2024 13:54:16] "GET /api/data HTTP/1.1" 200 -
10.100.140.241 - - [01/Aug/2024 13:54:30] "GET /api/data HTTP/1.1" 200 -
10.100.140.241 - - [01/Aug/2024 13:55:13] "GET /api/data HTTP/1.1" 200 -
10.100.140.241 - - [01/Aug/2024 13:55:35] "GET /api/data HTTP/1.1" 200 -
10.100.140.241 - - [01/Aug/2024 13:55:52] "GET /api/data HTTP/1.1" 200 -
10.100.140.241 - - [01/Aug/2024 13:56:01] "GET /api/data HTTP/1.1" 200 -
10.100.140.241 - - [01/Aug/2024 13:56:06] "GET /api/data HTTP/1.1" 200 -
10.100.140.241 - - [01/Aug/2024 13:56:41] "GET /api/data HTTP/1.1" 200 -
10.100.140.241 - - [01/Aug/2024 13:56:41] "GET /api/data HTTP/1.1" 200 -
10.100.140.241 - - [01/Aug/2024 13:56:56] "GET /api/data HTTP/1.1" 200 -
10.100.140.241 - - [01/Aug/2024 13:56:56] "GET /api/data HTTP/1.1" 200 -
10.100.140.241 - - [01/Aug/2024 14:03:27] "OPTIONS /api/login HTTP/1.1" 200 -
10.100.140.241 - - [01/Aug/2024 14:03:27] "POST /api/login HTTP/1.1" 200 -
10.100.140.241 - - [01/Aug/2024 14:03:27] "GET /api/data HTTP/1.1" 200 -
10.100.140.241 - - [01/Aug/2024 14:03:27] "GET /api/data HTTP/1.1" 200 -
10.100.140.241 - - [02/Aug/2024 12:31:44] "GET /api/data?limit=100&page=2 HTTP/1.1" 200 -
 * Detected change in '/home/administrator/flask/app2.py', reloading
 * Restarting with stat
 * Debugger is active!
 * Debugger PIN: 250-402-423
 * Detected change in '/home/administrator/flask/app2.py', reloading
 * Restarting with stat
 * Debugger is active!
 * Debugger PIN: 250-402-423
 * Detected change in '/home/administrator/flask/app2.py', reloading
 * Restarting with stat
 * Debugger is active!
 * Debugger PIN: 250-402-423
 * Detected change in '/home/administrator/flask/app2.py', reloading
 * Restarting with stat
 * Debugger is active!
 * Debugger PIN: 250-402-423
 * Detected change in '/home/administrator/flask/app2.py', reloading
 * Restarting with stat
 * Debugger is active!
 * Debugger PIN: 250-402-423
 * Serving Flask app 'app2'
 * Debug mode: on
[31m[1mWARNING: This is a development server. Do not use it in a production deployment. Use a production WSGI server instead.[0m
 * Running on all addresses (0.0.0.0)
 * Running on http://127.0.0.1:5000
 * Running on http://10.100.130.76:5000
[33mPress CTRL+C to quit[0m
 * Restarting with stat
 * Debugger is active!
 * Debugger PIN: 250-402-423
10.100.140.241 - - [02/Aug/2024 15:58:34] "POST /api/forgot_password HTTP/1.1" 200 -
10.100.140.241 - - [05/Aug/2024 11:32:09] "OPTIONS /api/login HTTP/1.1" 200 -
10.100.140.241 - - [05/Aug/2024 11:32:09] "POST /api/login HTTP/1.1" 200 -
10.100.140.241 - - [05/Aug/2024 11:32:09] "[31m[1mGET /api/data HTTP/1.1[0m" 401 -
10.100.140.241 - - [05/Aug/2024 11:32:09] "[31m[1mGET /api/data HTTP/1.1[0m" 401 -
10.100.140.241 - - [05/Aug/2024 11:32:57] "OPTIONS /api/login HTTP/1.1" 200 -
10.100.140.241 - - [05/Aug/2024 11:32:57] "POST /api/login HTTP/1.1" 200 -
10.100.140.241 - - [05/Aug/2024 11:32:58] "[31m[1mGET /api/data HTTP/1.1[0m" 401 -
10.100.140.241 - - [05/Aug/2024 11:32:58] "[31m[1mGET /api/data HTTP/1.1[0m" 401 -
10.100.140.241 - - [05/Aug/2024 11:43:28] "POST /api/login HTTP/1.1" 200 -
10.100.140.241 - - [05/Aug/2024 11:43:54] "[31m[1mGET /api/data?Date=20-03-24 HTTP/1.1[0m" 422 -
10.100.140.241 - - [05/Aug/2024 11:43:59] "[31m[1mGET /api/data?limit=100&page=2 HTTP/1.1[0m" 401 -
10.100.140.241 - - [05/Aug/2024 11:44:16] "POST /api/login HTTP/1.1" 200 -
10.100.140.241 - - [05/Aug/2024 11:44:27] "[31m[1mGET /api/data HTTP/1.1[0m" 422 -
10.100.140.241 - - [05/Aug/2024 11:44:41] "[31m[1mGET /api/data?limit=100&page=2 HTTP/1.1[0m" 401 -
10.100.140.241 - - [05/Aug/2024 11:45:03] "GET /api/data?limit=100&page=2 HTTP/1.1" 200 -
10.100.140.241 - - [05/Aug/2024 11:45:33] "POST /api/login HTTP/1.1" 200 -
10.100.140.241 - - [05/Aug/2024 11:45:59] "GET /api/data?limit=100&page=2 HTTP/1.1" 200 -
10.100.140.241 - - [05/Aug/2024 11:50:52] "POST /api/get_revenue HTTP/1.1" 200 -
10.100.140.241 - - [05/Aug/2024 11:57:28] "[31m[1mPOST /api/calculate_cost HTTP/1.1[0m" 403 -
10.100.140.241 - - [05/Aug/2024 11:57:42] "POST /api/login HTTP/1.1" 200 -
10.100.140.241 - - [05/Aug/2024 11:57:58] "[31m[1mPOST /api/calculate_cost HTTP/1.1[0m" 403 -
10.100.140.241 - - [05/Aug/2024 11:58:09] "[31m[1mPOST /api/calculate_cost HTTP/1.1[0m" 401 -
10.100.140.241 - - [05/Aug/2024 11:58:53] "POST /api/login HTTP/1.1" 200 -
10.100.140.241 - - [05/Aug/2024 11:59:08] "POST /api/calculate_cost HTTP/1.1" 200 -
10.100.140.241 - - [05/Aug/2024 12:58:17] "POST /api/login HTTP/1.1" 200 -
10.100.140.241 - - [05/Aug/2024 12:59:13] "GET /api/data HTTP/1.1" 200 -
/home/administrator/flask/app2.py:493: LegacyAPIWarning: The Query.get() method is considered legacy as of the 1.x series of SQLAlchemy and becomes a legacy construct in 2.0. The method is now available as Session.get() (deprecated since: 2.0) (Background on SQLAlchemy 2.0 at: https://sqlalche.me/e/b8d9)
  eod_item = EODDump.query.get(item['seed'])
10.100.140.241 - - [05/Aug/2024 13:06:42] "[35m[1mPOST /api/update_revenue_status HTTP/1.1[0m" 500 -
Traceback (most recent call last):
  File "/home/administrator/flask/myenv/lib/python3.8/site-packages/flask/app.py", line 1498, in __call__
    return self.wsgi_app(environ, start_response)
  File "/home/administrator/flask/myenv/lib/python3.8/site-packages/flask/app.py", line 1476, in wsgi_app
    response = self.handle_exception(e)
  File "/home/administrator/flask/myenv/lib/python3.8/site-packages/flask_cors/extension.py", line 178, in wrapped_function
    return cors_after_request(app.make_response(f(*args, **kwargs)))
  File "/home/administrator/flask/myenv/lib/python3.8/site-packages/flask/app.py", line 1473, in wsgi_app
    response = self.full_dispatch_request()
  File "/home/administrator/flask/myenv/lib/python3.8/site-packages/flask/app.py", line 882, in full_dispatch_request
    rv = self.handle_user_exception(e)
  File "/home/administrator/flask/myenv/lib/python3.8/site-packages/flask_cors/extension.py", line 178, in wrapped_function
    return cors_after_request(app.make_response(f(*args, **kwargs)))
  File "/home/administrator/flask/myenv/lib/python3.8/site-packages/flask/app.py", line 880, in full_dispatch_request
    rv = self.dispatch_request()
  File "/home/administrator/flask/myenv/lib/python3.8/site-packages/flask/app.py", line 865, in dispatch_request
    return self.ensure_sync(self.view_functions[rule.endpoint])(**view_args)  # type: ignore[no-any-return]
  File "/home/administrator/flask/myenv/lib/python3.8/site-packages/flask_jwt_extended/view_decorators.py", line 170, in decorator
    return current_app.ensure_sync(fn)(*args, **kwargs)
  File "/home/administrator/flask/app2.py", line 213, in decorator
    return fn(*args, **kwargs)
  File "/home/administrator/flask/app2.py", line 496, in update_revenue_status
    eod_item.Taken_To_Revenue_Date = datetime.UTC()  # Update the date
AttributeError: type object 'datetime.datetime' has no attribute 'UTC'
10.100.140.241 - - [05/Aug/2024 13:07:00] "[35m[1mPOST /api/update_revenue_status HTTP/1.1[0m" 500 -
Traceback (most recent call last):
  File "/home/administrator/flask/myenv/lib/python3.8/site-packages/flask/app.py", line 1498, in __call__
    return self.wsgi_app(environ, start_response)
  File "/home/administrator/flask/myenv/lib/python3.8/site-packages/flask/app.py", line 1476, in wsgi_app
    response = self.handle_exception(e)
  File "/home/administrator/flask/myenv/lib/python3.8/site-packages/flask_cors/extension.py", line 178, in wrapped_function
    return cors_after_request(app.make_response(f(*args, **kwargs)))
  File "/home/administrator/flask/myenv/lib/python3.8/site-packages/flask/app.py", line 1473, in wsgi_app
    response = self.full_dispatch_request()
  File "/home/administrator/flask/myenv/lib/python3.8/site-packages/flask/app.py", line 882, in full_dispatch_request
    rv = self.handle_user_exception(e)
  File "/home/administrator/flask/myenv/lib/python3.8/site-packages/flask_cors/extension.py", line 178, in wrapped_function
    return cors_after_request(app.make_response(f(*args, **kwargs)))
  File "/home/administrator/flask/myenv/lib/python3.8/site-packages/flask/app.py", line 880, in full_dispatch_request
    rv = self.dispatch_request()
  File "/home/administrator/flask/myenv/lib/python3.8/site-packages/flask/app.py", line 865, in dispatch_request
    return self.ensure_sync(self.view_functions[rule.endpoint])(**view_args)  # type: ignore[no-any-return]
  File "/home/administrator/flask/myenv/lib/python3.8/site-packages/flask_jwt_extended/view_decorators.py", line 170, in decorator
    return current_app.ensure_sync(fn)(*args, **kwargs)
  File "/home/administrator/flask/app2.py", line 213, in decorator
    return fn(*args, **kwargs)
  File "/home/administrator/flask/app2.py", line 496, in update_revenue_status
    eod_item.Taken_To_Revenue_Date = datetime.UTC()  # Update the date
AttributeError: type object 'datetime.datetime' has no attribute 'UTC'
10.100.140.241 - - [05/Aug/2024 13:08:37] "[31m[1mPOST /api/get_revenue HTTP/1.1[0m" 401 -
10.100.140.241 - - [05/Aug/2024 13:08:46] "POST /api/login HTTP/1.1" 200 -
10.100.140.241 - - [05/Aug/2024 13:10:10] "[35m[1mPOST /api/update_revenue_status HTTP/1.1[0m" 500 -
Traceback (most recent call last):
  File "/home/administrator/flask/myenv/lib/python3.8/site-packages/flask/app.py", line 1498, in __call__
    return self.wsgi_app(environ, start_response)
  File "/home/administrator/flask/myenv/lib/python3.8/site-packages/flask/app.py", line 1476, in wsgi_app
    response = self.handle_exception(e)
  File "/home/administrator/flask/myenv/lib/python3.8/site-packages/flask_cors/extension.py", line 178, in wrapped_function
    return cors_after_request(app.make_response(f(*args, **kwargs)))
  File "/home/administrator/flask/myenv/lib/python3.8/site-packages/flask/app.py", line 1473, in wsgi_app
    response = self.full_dispatch_request()
  File "/home/administrator/flask/myenv/lib/python3.8/site-packages/flask/app.py", line 882, in full_dispatch_request
    rv = self.handle_user_exception(e)
  File "/home/administrator/flask/myenv/lib/python3.8/site-packages/flask_cors/extension.py", line 178, in wrapped_function
    return cors_after_request(app.make_response(f(*args, **kwargs)))
  File "/home/administrator/flask/myenv/lib/python3.8/site-packages/flask/app.py", line 880, in full_dispatch_request
    rv = self.dispatch_request()
  File "/home/administrator/flask/myenv/lib/python3.8/site-packages/flask/app.py", line 865, in dispatch_request
    return self.ensure_sync(self.view_functions[rule.endpoint])(**view_args)  # type: ignore[no-any-return]
  File "/home/administrator/flask/myenv/lib/python3.8/site-packages/flask_jwt_extended/view_decorators.py", line 170, in decorator
    return current_app.ensure_sync(fn)(*args, **kwargs)
  File "/home/administrator/flask/app2.py", line 213, in decorator
    return fn(*args, **kwargs)
  File "/home/administrator/flask/app2.py", line 496, in update_revenue_status
    eod_item.Taken_To_Revenue_Date = datetime.UTC()  # Update the date
AttributeError: type object 'datetime.datetime' has no attribute 'UTC'
10.100.140.241 - - [05/Aug/2024 13:12:14] "[35m[1mPOST /api/update_revenue_status HTTP/1.1[0m" 500 -
Traceback (most recent call last):
  File "/home/administrator/flask/myenv/lib/python3.8/site-packages/flask/app.py", line 1498, in __call__
    return self.wsgi_app(environ, start_response)
  File "/home/administrator/flask/myenv/lib/python3.8/site-packages/flask/app.py", line 1476, in wsgi_app
    response = self.handle_exception(e)
  File "/home/administrator/flask/myenv/lib/python3.8/site-packages/flask_cors/extension.py", line 178, in wrapped_function
    return cors_after_request(app.make_response(f(*args, **kwargs)))
  File "/home/administrator/flask/myenv/lib/python3.8/site-packages/flask/app.py", line 1473, in wsgi_app
    response = self.full_dispatch_request()
  File "/home/administrator/flask/myenv/lib/python3.8/site-packages/flask/app.py", line 882, in full_dispatch_request
    rv = self.handle_user_exception(e)
  File "/home/administrator/flask/myenv/lib/python3.8/site-packages/flask_cors/extension.py", line 178, in wrapped_function
    return cors_after_request(app.make_response(f(*args, **kwargs)))
  File "/home/administrator/flask/myenv/lib/python3.8/site-packages/flask/app.py", line 880, in full_dispatch_request
    rv = self.dispatch_request()
  File "/home/administrator/flask/myenv/lib/python3.8/site-packages/flask/app.py", line 865, in dispatch_request
    return self.ensure_sync(self.view_functions[rule.endpoint])(**view_args)  # type: ignore[no-any-return]
  File "/home/administrator/flask/myenv/lib/python3.8/site-packages/flask_jwt_extended/view_decorators.py", line 170, in decorator
    return current_app.ensure_sync(fn)(*args, **kwargs)
  File "/home/administrator/flask/app2.py", line 213, in decorator
    return fn(*args, **kwargs)
  File "/home/administrator/flask/app2.py", line 496, in update_revenue_status
    eod_item.Taken_To_Revenue_Date = datetime.UTC()  # Update the date
AttributeError: type object 'datetime.datetime' has no attribute 'UTC'
 * Detected change in '/home/administrator/flask/app.py', reloading
eyJhbGciOiJIUzI1NiIsInR5cCI6IkpXVCJ9.eyJmcmVzaCI6ZmFsc2UsImlhdCI6MTcyMjU5NDUxMSwianRpIjoiMTc5ZDc5MWYtMjExYy00NDZiLTg3ZWMtYTVkOWYxMWZlNTI3IiwidHlwZSI6ImFjY2VzcyIsInN1YiI6ImFkaXR5YS5ndXB0YTFAc3RsLnRlY2giLCJuYmYiOjE3MjI1OTQ1MTEsImNzcmYiOiIxMmMwNDgwNy0zZTljLTQ1NDAtOGY2NC0wODU0YTIwNWJiODQiLCJleHAiOjE3MjI1OTgxMTF9.6PiBVcBVr8xfAzIm8C5AmUfstrjQZwYLjzBsUDF3iaw
Email sent successfully
<User 4>
Received data: {'Seeds': [121822, 1, 2, 4]}
 * Restarting with stat
 * Debugger is active!
 * Debugger PIN: 250-402-423
/home/administrator/flask/app2.py:493: LegacyAPIWarning: The Query.get() method is considered legacy as of the 1.x series of SQLAlchemy and becomes a legacy construct in 2.0. The method is now available as Session.get() (deprecated since: 2.0) (Background on SQLAlchemy 2.0 at: https://sqlalche.me/e/b8d9)
  eod_item = EODDump.query.get(item['seed'])
10.100.140.241 - - [05/Aug/2024 13:13:00] "[35m[1mPOST /api/update_revenue_status HTTP/1.1[0m" 500 -
Traceback (most recent call last):
  File "/home/administrator/flask/myenv/lib/python3.8/site-packages/flask/app.py", line 1498, in __call__
    return self.wsgi_app(environ, start_response)
  File "/home/administrator/flask/myenv/lib/python3.8/site-packages/flask/app.py", line 1476, in wsgi_app
    response = self.handle_exception(e)
  File "/home/administrator/flask/myenv/lib/python3.8/site-packages/flask_cors/extension.py", line 178, in wrapped_function
    return cors_after_request(app.make_response(f(*args, **kwargs)))
  File "/home/administrator/flask/myenv/lib/python3.8/site-packages/flask/app.py", line 1473, in wsgi_app
    response = self.full_dispatch_request()
  File "/home/administrator/flask/myenv/lib/python3.8/site-packages/flask/app.py", line 882, in full_dispatch_request
    rv = self.handle_user_exception(e)
  File "/home/administrator/flask/myenv/lib/python3.8/site-packages/flask_cors/extension.py", line 178, in wrapped_function
    return cors_after_request(app.make_response(f(*args, **kwargs)))
  File "/home/administrator/flask/myenv/lib/python3.8/site-packages/flask/app.py", line 880, in full_dispatch_request
    rv = self.dispatch_request()
  File "/home/administrator/flask/myenv/lib/python3.8/site-packages/flask/app.py", line 865, in dispatch_request
    return self.ensure_sync(self.view_functions[rule.endpoint])(**view_args)  # type: ignore[no-any-return]
  File "/home/administrator/flask/myenv/lib/python3.8/site-packages/flask_jwt_extended/view_decorators.py", line 170, in decorator
    return current_app.ensure_sync(fn)(*args, **kwargs)
  File "/home/administrator/flask/app2.py", line 213, in decorator
    return fn(*args, **kwargs)
  File "/home/administrator/flask/app2.py", line 496, in update_revenue_status
    eod_item.Taken_To_Revenue_Date = datetime.UTC()  # Update the date
AttributeError: type object 'datetime.datetime' has no attribute 'UTC'
 * Detected change in '/home/administrator/flask/app2.py', reloading
 * Restarting with stat
 * Debugger is active!
 * Debugger PIN: 250-402-423
 * Detected change in '/home/administrator/flask/app2.py', reloading
 * Restarting with stat
 * Debugger is active!
 * Debugger PIN: 250-402-423
/home/administrator/flask/app2.py:493: LegacyAPIWarning: The Query.get() method is considered legacy as of the 1.x series of SQLAlchemy and becomes a legacy construct in 2.0. The method is now available as Session.get() (deprecated since: 2.0) (Background on SQLAlchemy 2.0 at: https://sqlalche.me/e/b8d9)
  eod_item = EODDump.query.get(item['seed'])
10.100.140.241 - - [05/Aug/2024 13:14:16] "[35m[1mPOST /api/update_revenue_status HTTP/1.1[0m" 500 -
Traceback (most recent call last):
  File "/home/administrator/flask/myenv/lib/python3.8/site-packages/sqlalchemy/engine/base.py", line 1815, in _execute_context
    context = constructor(
  File "/home/administrator/flask/myenv/lib/python3.8/site-packages/sqlalchemy/engine/default.py", line 1404, in _init_compiled
    self._process_execute_defaults()
  File "/home/administrator/flask/myenv/lib/python3.8/site-packages/sqlalchemy/engine/default.py", line 2339, in _process_execute_defaults
    param[param_key] = arg(self)
  File "/home/administrator/flask/myenv/lib/python3.8/site-packages/sqlalchemy/sql/schema.py", line 3599, in <lambda>
    return util.wrap_callable(lambda ctx: fn(), fn)  # type: ignore
TypeError: function missing required argument 'year' (pos 1)

The above exception was the direct cause of the following exception:

Traceback (most recent call last):
  File "/home/administrator/flask/myenv/lib/python3.8/site-packages/flask/app.py", line 1498, in __call__
    return self.wsgi_app(environ, start_response)
  File "/home/administrator/flask/myenv/lib/python3.8/site-packages/flask/app.py", line 1476, in wsgi_app
    response = self.handle_exception(e)
  File "/home/administrator/flask/myenv/lib/python3.8/site-packages/flask_cors/extension.py", line 178, in wrapped_function
    return cors_after_request(app.make_response(f(*args, **kwargs)))
  File "/home/administrator/flask/myenv/lib/python3.8/site-packages/flask/app.py", line 1473, in wsgi_app
    response = self.full_dispatch_request()
  File "/home/administrator/flask/myenv/lib/python3.8/site-packages/flask/app.py", line 882, in full_dispatch_request
    rv = self.handle_user_exception(e)
  File "/home/administrator/flask/myenv/lib/python3.8/site-packages/flask_cors/extension.py", line 178, in wrapped_function
    return cors_after_request(app.make_response(f(*args, **kwargs)))
  File "/home/administrator/flask/myenv/lib/python3.8/site-packages/flask/app.py", line 880, in full_dispatch_request
    rv = self.dispatch_request()
  File "/home/administrator/flask/myenv/lib/python3.8/site-packages/flask/app.py", line 865, in dispatch_request
    return self.ensure_sync(self.view_functions[rule.endpoint])(**view_args)  # type: ignore[no-any-return]
  File "/home/administrator/flask/myenv/lib/python3.8/site-packages/flask_jwt_extended/view_decorators.py", line 170, in decorator
    return current_app.ensure_sync(fn)(*args, **kwargs)
  File "/home/administrator/flask/app2.py", line 213, in decorator
    return fn(*args, **kwargs)
  File "/home/administrator/flask/app2.py", line 500, in update_revenue_status
    db.session.commit()
  File "/home/administrator/flask/myenv/lib/python3.8/site-packages/sqlalchemy/orm/scoping.py", line 597, in commit
    return self._proxied.commit()
  File "/home/administrator/flask/myenv/lib/python3.8/site-packages/sqlalchemy/orm/session.py", line 2017, in commit
    trans.commit(_to_root=True)
  File "<string>", line 2, in commit
  File "/home/administrator/flask/myenv/lib/python3.8/site-packages/sqlalchemy/orm/state_changes.py", line 139, in _go
    ret_value = fn(self, *arg, **kw)
  File "/home/administrator/flask/myenv/lib/python3.8/site-packages/sqlalchemy/orm/session.py", line 1302, in commit
    self._prepare_impl()
  File "<string>", line 2, in _prepare_impl
  File "/home/administrator/flask/myenv/lib/python3.8/site-packages/sqlalchemy/orm/state_changes.py", line 139, in _go
    ret_value = fn(self, *arg, **kw)
  File "/home/administrator/flask/myenv/lib/python3.8/site-packages/sqlalchemy/orm/session.py", line 1277, in _prepare_impl
    self.session.flush()
  File "/home/administrator/flask/myenv/lib/python3.8/site-packages/sqlalchemy/orm/session.py", line 4341, in flush
    self._flush(objects)
  File "/home/administrator/flask/myenv/lib/python3.8/site-packages/sqlalchemy/orm/session.py", line 4477, in _flush
    transaction.rollback(_capture_exception=True)
  File "/home/administrator/flask/myenv/lib/python3.8/site-packages/sqlalchemy/util/langhelpers.py", line 146, in __exit__
    raise exc_value.with_traceback(exc_tb)
  File "/home/administrator/flask/myenv/lib/python3.8/site-packages/sqlalchemy/orm/session.py", line 4437, in _flush
    flush_context.execute()
  File "/home/administrator/flask/myenv/lib/python3.8/site-packages/sqlalchemy/orm/unitofwork.py", line 466, in execute
    rec.execute(self)
  File "/home/administrator/flask/myenv/lib/python3.8/site-packages/sqlalchemy/orm/unitofwork.py", line 642, in execute
    util.preloaded.orm_persistence.save_obj(
  File "/home/administrator/flask/myenv/lib/python3.8/site-packages/sqlalchemy/orm/persistence.py", line 93, in save_obj
    _emit_insert_statements(
  File "/home/administrator/flask/myenv/lib/python3.8/site-packages/sqlalchemy/orm/persistence.py", line 1233, in _emit_insert_statements
    result = connection.execute(
  File "/home/administrator/flask/myenv/lib/python3.8/site-packages/sqlalchemy/engine/base.py", line 1418, in execute
    return meth(
  File "/home/administrator/flask/myenv/lib/python3.8/site-packages/sqlalchemy/sql/elements.py", line 515, in _execute_on_connection
    return connection._execute_clauseelement(
  File "/home/administrator/flask/myenv/lib/python3.8/site-packages/sqlalchemy/engine/base.py", line 1640, in _execute_clauseelement
    ret = self._execute_context(
  File "/home/administrator/flask/myenv/lib/python3.8/site-packages/sqlalchemy/engine/base.py", line 1821, in _execute_context
    self._handle_dbapi_exception(
  File "/home/administrator/flask/myenv/lib/python3.8/site-packages/sqlalchemy/engine/base.py", line 2353, in _handle_dbapi_exception
    raise sqlalchemy_exception.with_traceback(exc_info[2]) from e
  File "/home/administrator/flask/myenv/lib/python3.8/site-packages/sqlalchemy/engine/base.py", line 1815, in _execute_context
    context = constructor(
  File "/home/administrator/flask/myenv/lib/python3.8/site-packages/sqlalchemy/engine/default.py", line 1404, in _init_compiled
    self._process_execute_defaults()
  File "/home/administrator/flask/myenv/lib/python3.8/site-packages/sqlalchemy/engine/default.py", line 2339, in _process_execute_defaults
    param[param_key] = arg(self)
  File "/home/administrator/flask/myenv/lib/python3.8/site-packages/sqlalchemy/sql/schema.py", line 3599, in <lambda>
    return util.wrap_callable(lambda ctx: fn(), fn)  # type: ignore
sqlalchemy.exc.StatementError: (builtins.TypeError) function missing required argument 'year' (pos 1)
[SQL: INSERT INTO activity_log (user_id, action, timestamp) VALUES (%s, %s, %s)]
[parameters: [{'user_id': 1, 'action': 'Updated Taken_To_Revenue for seed 121822 to True'}]]
 * Detected change in '/home/administrator/flask/app2.py', reloading
 * Restarting with stat
 * Debugger is active!
 * Debugger PIN: 250-402-423
/home/administrator/flask/app2.py:493: LegacyAPIWarning: The Query.get() method is considered legacy as of the 1.x series of SQLAlchemy and becomes a legacy construct in 2.0. The method is now available as Session.get() (deprecated since: 2.0) (Background on SQLAlchemy 2.0 at: https://sqlalche.me/e/b8d9)
  eod_item = EODDump.query.get(item['seed'])
10.100.140.241 - - [05/Aug/2024 13:14:38] "[35m[1mPOST /api/update_revenue_status HTTP/1.1[0m" 500 -
Traceback (most recent call last):
  File "/home/administrator/flask/myenv/lib/python3.8/site-packages/sqlalchemy/engine/base.py", line 1815, in _execute_context
    context = constructor(
  File "/home/administrator/flask/myenv/lib/python3.8/site-packages/sqlalchemy/engine/default.py", line 1404, in _init_compiled
    self._process_execute_defaults()
  File "/home/administrator/flask/myenv/lib/python3.8/site-packages/sqlalchemy/engine/default.py", line 2339, in _process_execute_defaults
    param[param_key] = arg(self)
  File "/home/administrator/flask/myenv/lib/python3.8/site-packages/sqlalchemy/sql/schema.py", line 3599, in <lambda>
    return util.wrap_callable(lambda ctx: fn(), fn)  # type: ignore
TypeError: function missing required argument 'year' (pos 1)

The above exception was the direct cause of the following exception:

Traceback (most recent call last):
  File "/home/administrator/flask/myenv/lib/python3.8/site-packages/flask/app.py", line 1498, in __call__
    return self.wsgi_app(environ, start_response)
  File "/home/administrator/flask/myenv/lib/python3.8/site-packages/flask/app.py", line 1476, in wsgi_app
    response = self.handle_exception(e)
  File "/home/administrator/flask/myenv/lib/python3.8/site-packages/flask_cors/extension.py", line 178, in wrapped_function
    return cors_after_request(app.make_response(f(*args, **kwargs)))
  File "/home/administrator/flask/myenv/lib/python3.8/site-packages/flask/app.py", line 1473, in wsgi_app
    response = self.full_dispatch_request()
  File "/home/administrator/flask/myenv/lib/python3.8/site-packages/flask/app.py", line 882, in full_dispatch_request
    rv = self.handle_user_exception(e)
  File "/home/administrator/flask/myenv/lib/python3.8/site-packages/flask_cors/extension.py", line 178, in wrapped_function
    return cors_after_request(app.make_response(f(*args, **kwargs)))
  File "/home/administrator/flask/myenv/lib/python3.8/site-packages/flask/app.py", line 880, in full_dispatch_request
    rv = self.dispatch_request()
  File "/home/administrator/flask/myenv/lib/python3.8/site-packages/flask/app.py", line 865, in dispatch_request
    return self.ensure_sync(self.view_functions[rule.endpoint])(**view_args)  # type: ignore[no-any-return]
  File "/home/administrator/flask/myenv/lib/python3.8/site-packages/flask_jwt_extended/view_decorators.py", line 170, in decorator
    return current_app.ensure_sync(fn)(*args, **kwargs)
  File "/home/administrator/flask/app2.py", line 213, in decorator
    return fn(*args, **kwargs)
  File "/home/administrator/flask/app2.py", line 500, in update_revenue_status
    db.session.commit()
  File "/home/administrator/flask/myenv/lib/python3.8/site-packages/sqlalchemy/orm/scoping.py", line 597, in commit
    return self._proxied.commit()
  File "/home/administrator/flask/myenv/lib/python3.8/site-packages/sqlalchemy/orm/session.py", line 2017, in commit
    trans.commit(_to_root=True)
  File "<string>", line 2, in commit
  File "/home/administrator/flask/myenv/lib/python3.8/site-packages/sqlalchemy/orm/state_changes.py", line 139, in _go
    ret_value = fn(self, *arg, **kw)
  File "/home/administrator/flask/myenv/lib/python3.8/site-packages/sqlalchemy/orm/session.py", line 1302, in commit
    self._prepare_impl()
  File "<string>", line 2, in _prepare_impl
  File "/home/administrator/flask/myenv/lib/python3.8/site-packages/sqlalchemy/orm/state_changes.py", line 139, in _go
    ret_value = fn(self, *arg, **kw)
  File "/home/administrator/flask/myenv/lib/python3.8/site-packages/sqlalchemy/orm/session.py", line 1277, in _prepare_impl
    self.session.flush()
  File "/home/administrator/flask/myenv/lib/python3.8/site-packages/sqlalchemy/orm/session.py", line 4341, in flush
    self._flush(objects)
  File "/home/administrator/flask/myenv/lib/python3.8/site-packages/sqlalchemy/orm/session.py", line 4477, in _flush
    transaction.rollback(_capture_exception=True)
  File "/home/administrator/flask/myenv/lib/python3.8/site-packages/sqlalchemy/util/langhelpers.py", line 146, in __exit__
    raise exc_value.with_traceback(exc_tb)
  File "/home/administrator/flask/myenv/lib/python3.8/site-packages/sqlalchemy/orm/session.py", line 4437, in _flush
    flush_context.execute()
  File "/home/administrator/flask/myenv/lib/python3.8/site-packages/sqlalchemy/orm/unitofwork.py", line 466, in execute
    rec.execute(self)
  File "/home/administrator/flask/myenv/lib/python3.8/site-packages/sqlalchemy/orm/unitofwork.py", line 642, in execute
    util.preloaded.orm_persistence.save_obj(
  File "/home/administrator/flask/myenv/lib/python3.8/site-packages/sqlalchemy/orm/persistence.py", line 93, in save_obj
    _emit_insert_statements(
  File "/home/administrator/flask/myenv/lib/python3.8/site-packages/sqlalchemy/orm/persistence.py", line 1233, in _emit_insert_statements
    result = connection.execute(
  File "/home/administrator/flask/myenv/lib/python3.8/site-packages/sqlalchemy/engine/base.py", line 1418, in execute
    return meth(
  File "/home/administrator/flask/myenv/lib/python3.8/site-packages/sqlalchemy/sql/elements.py", line 515, in _execute_on_connection
    return connection._execute_clauseelement(
  File "/home/administrator/flask/myenv/lib/python3.8/site-packages/sqlalchemy/engine/base.py", line 1640, in _execute_clauseelement
    ret = self._execute_context(
  File "/home/administrator/flask/myenv/lib/python3.8/site-packages/sqlalchemy/engine/base.py", line 1821, in _execute_context
    self._handle_dbapi_exception(
  File "/home/administrator/flask/myenv/lib/python3.8/site-packages/sqlalchemy/engine/base.py", line 2353, in _handle_dbapi_exception
    raise sqlalchemy_exception.with_traceback(exc_info[2]) from e
  File "/home/administrator/flask/myenv/lib/python3.8/site-packages/sqlalchemy/engine/base.py", line 1815, in _execute_context
    context = constructor(
  File "/home/administrator/flask/myenv/lib/python3.8/site-packages/sqlalchemy/engine/default.py", line 1404, in _init_compiled
    self._process_execute_defaults()
  File "/home/administrator/flask/myenv/lib/python3.8/site-packages/sqlalchemy/engine/default.py", line 2339, in _process_execute_defaults
    param[param_key] = arg(self)
  File "/home/administrator/flask/myenv/lib/python3.8/site-packages/sqlalchemy/sql/schema.py", line 3599, in <lambda>
    return util.wrap_callable(lambda ctx: fn(), fn)  # type: ignore
sqlalchemy.exc.StatementError: (builtins.TypeError) function missing required argument 'year' (pos 1)
[SQL: INSERT INTO activity_log (user_id, action, timestamp) VALUES (%s, %s, %s)]
[parameters: [{'user_id': 1, 'action': 'Updated Taken_To_Revenue for seed 121822 to True'}]]
 * Detected change in '/home/administrator/flask/app2.py', reloading
 * Restarting with stat
  File "/home/administrator/flask/app2.py", line 91
    timestamp = db.Column(db.DateTime., default=datetime)
                                      ^
SyntaxError: invalid syntax
 * Serving Flask app 'app2'
 * Debug mode: on
[31m[1mWARNING: This is a development server. Do not use it in a production deployment. Use a production WSGI server instead.[0m
 * Running on all addresses (0.0.0.0)
 * Running on http://127.0.0.1:5000
 * Running on http://10.100.130.76:5000
[33mPress CTRL+C to quit[0m
 * Restarting with stat
 * Debugger is active!
 * Debugger PIN: 250-402-423
/home/administrator/flask/app2.py:493: LegacyAPIWarning: The Query.get() method is considered legacy as of the 1.x series of SQLAlchemy and becomes a legacy construct in 2.0. The method is now available as Session.get() (deprecated since: 2.0) (Background on SQLAlchemy 2.0 at: https://sqlalche.me/e/b8d9)
  eod_item = EODDump.query.get(item['seed'])
10.100.140.241 - - [05/Aug/2024 13:26:36] "POST /api/update_revenue_status HTTP/1.1" 200 -
10.100.140.241 - - [05/Aug/2024 16:32:49] "OPTIONS /api/login HTTP/1.1" 200 -
10.100.140.241 - - [05/Aug/2024 16:32:50] "POST /api/login HTTP/1.1" 200 -
10.100.140.241 - - [05/Aug/2024 16:32:50] "OPTIONS /api/data HTTP/1.1" 200 -
10.100.140.241 - - [05/Aug/2024 16:32:50] "OPTIONS /api/data HTTP/1.1" 200 -
10.100.140.241 - - [05/Aug/2024 16:32:50] "[31m[1mGET /api/data HTTP/1.1[0m" 422 -
10.100.140.241 - - [05/Aug/2024 16:32:50] "[31m[1mGET /api/data HTTP/1.1[0m" 422 -
10.100.140.241 - - [05/Aug/2024 16:49:55] "OPTIONS /api/data HTTP/1.1" 200 -
10.100.140.241 - - [05/Aug/2024 16:49:55] "OPTIONS /api/data HTTP/1.1" 200 -
10.100.140.241 - - [05/Aug/2024 16:49:55] "[31m[1mGET /api/data HTTP/1.1[0m" 422 -
10.100.140.241 - - [05/Aug/2024 16:49:55] "[31m[1mGET /api/data HTTP/1.1[0m" 422 -
10.100.140.241 - - [05/Aug/2024 16:51:13] "OPTIONS /api/login HTTP/1.1" 200 -
10.100.140.241 - - [05/Aug/2024 16:51:13] "POST /api/login HTTP/1.1" 200 -
10.100.140.241 - - [05/Aug/2024 16:51:13] "OPTIONS /api/data HTTP/1.1" 200 -
10.100.140.241 - - [05/Aug/2024 16:51:13] "OPTIONS /api/data HTTP/1.1" 200 -
10.100.140.241 - - [05/Aug/2024 16:51:13] "[31m[1mGET /api/data HTTP/1.1[0m" 422 -
10.100.140.241 - - [05/Aug/2024 16:51:13] "[31m[1mGET /api/data HTTP/1.1[0m" 422 -
10.100.140.241 - - [05/Aug/2024 16:55:15] "OPTIONS /api/data HTTP/1.1" 200 -
10.100.140.241 - - [05/Aug/2024 16:55:16] "[31m[1mGET /api/data HTTP/1.1[0m" 422 -
10.100.140.241 - - [05/Aug/2024 16:55:45] "OPTIONS /api/login HTTP/1.1" 200 -
10.100.140.241 - - [05/Aug/2024 16:55:46] "POST /api/login HTTP/1.1" 200 -
10.100.140.241 - - [05/Aug/2024 16:55:46] "OPTIONS /api/data HTTP/1.1" 200 -
10.100.140.241 - - [05/Aug/2024 16:55:46] "OPTIONS /api/data HTTP/1.1" 200 -
10.100.140.241 - - [05/Aug/2024 16:55:46] "[31m[1mGET /api/data HTTP/1.1[0m" 422 -
10.100.140.241 - - [05/Aug/2024 16:55:46] "[31m[1mGET /api/data HTTP/1.1[0m" 422 -
10.100.140.241 - - [05/Aug/2024 18:20:59] "[31m[1mGET /api/data HTTP/1.1[0m" 401 -
10.100.140.241 - - [05/Aug/2024 18:21:05] "POST /api/login HTTP/1.1" 200 -
10.100.140.241 - - [05/Aug/2024 18:21:35] "GET /api/data HTTP/1.1" 200 -
10.100.140.241 - - [05/Aug/2024 18:22:00] "OPTIONS /api/login HTTP/1.1" 200 -
10.100.140.241 - - [05/Aug/2024 18:22:00] "POST /api/login HTTP/1.1" 200 -
10.100.140.241 - - [05/Aug/2024 18:22:01] "OPTIONS /api/data HTTP/1.1" 200 -
10.100.140.241 - - [05/Aug/2024 18:22:01] "OPTIONS /api/data HTTP/1.1" 200 -
10.100.140.241 - - [05/Aug/2024 18:22:01] "[31m[1mGET /api/data HTTP/1.1[0m" 422 -
10.100.140.241 - - [05/Aug/2024 18:22:01] "[31m[1mGET /api/data HTTP/1.1[0m" 422 -
10.100.140.241 - - [05/Aug/2024 18:30:34] "[31m[1mGET /api/data HTTP/1.1[0m" 401 -
10.100.140.241 - - [05/Aug/2024 18:30:34] "[33mGET /favicon.ico HTTP/1.1[0m" 404 -
10.100.140.241 - - [05/Aug/2024 18:38:36] "OPTIONS /api/data HTTP/1.1" 200 -
10.100.140.241 - - [05/Aug/2024 18:38:36] "OPTIONS /api/data HTTP/1.1" 200 -
10.100.140.241 - - [05/Aug/2024 18:38:36] "GET /api/data HTTP/1.1" 200 -
10.100.140.241 - - [05/Aug/2024 18:38:37] "GET /api/data HTTP/1.1" 200 -
10.100.140.241 - - [05/Aug/2024 18:41:31] "OPTIONS /api/login HTTP/1.1" 200 -
10.100.140.241 - - [05/Aug/2024 18:41:32] "[31m[1mPOST /api/login HTTP/1.1[0m" 401 -
10.100.140.241 - - [05/Aug/2024 18:41:43] "OPTIONS /api/login HTTP/1.1" 200 -
10.100.140.241 - - [05/Aug/2024 18:41:44] "[31m[1mPOST /api/login HTTP/1.1[0m" 401 -
10.100.140.241 - - [05/Aug/2024 18:42:07] "OPTIONS /api/login HTTP/1.1" 200 -
10.100.140.241 - - [05/Aug/2024 18:42:07] "POST /api/login HTTP/1.1" 200 -
10.100.140.241 - - [05/Aug/2024 18:42:08] "OPTIONS /api/data HTTP/1.1" 200 -
10.100.140.241 - - [05/Aug/2024 18:42:08] "OPTIONS /api/data HTTP/1.1" 200 -
10.100.140.241 - - [05/Aug/2024 18:42:08] "[31m[1mGET /api/data HTTP/1.1[0m" 422 -
10.100.140.241 - - [05/Aug/2024 18:42:08] "[31m[1mGET /api/data HTTP/1.1[0m" 422 -
10.100.140.241 - - [05/Aug/2024 18:42:47] "OPTIONS /api/login HTTP/1.1" 200 -
10.100.140.241 - - [05/Aug/2024 18:42:48] "POST /api/login HTTP/1.1" 200 -
10.100.140.241 - - [05/Aug/2024 18:42:48] "OPTIONS /api/data HTTP/1.1" 200 -
10.100.140.241 - - [05/Aug/2024 18:42:48] "OPTIONS /api/data HTTP/1.1" 200 -
10.100.140.241 - - [05/Aug/2024 18:42:48] "[31m[1mGET /api/data HTTP/1.1[0m" 422 -
10.100.140.241 - - [05/Aug/2024 18:42:48] "[31m[1mGET /api/data HTTP/1.1[0m" 422 -
10.100.140.241 - - [05/Aug/2024 18:43:24] "OPTIONS /api/login HTTP/1.1" 200 -
10.100.140.241 - - [05/Aug/2024 18:43:25] "POST /api/login HTTP/1.1" 200 -
10.100.140.241 - - [05/Aug/2024 18:43:25] "OPTIONS /api/data HTTP/1.1" 200 -
10.100.140.241 - - [05/Aug/2024 18:43:25] "OPTIONS /api/data HTTP/1.1" 200 -
10.100.140.241 - - [05/Aug/2024 18:43:25] "[31m[1mGET /api/data HTTP/1.1[0m" 422 -
10.100.140.241 - - [05/Aug/2024 18:43:25] "[31m[1mGET /api/data HTTP/1.1[0m" 422 -
10.100.140.241 - - [05/Aug/2024 18:43:46] "OPTIONS /api/data HTTP/1.1" 200 -
10.100.140.241 - - [05/Aug/2024 18:43:46] "OPTIONS /api/data HTTP/1.1" 200 -
10.100.140.241 - - [05/Aug/2024 18:43:47] "[31m[1mGET /api/data HTTP/1.1[0m" 422 -
10.100.140.241 - - [05/Aug/2024 18:43:47] "[31m[1mGET /api/data HTTP/1.1[0m" 422 -
10.100.140.241 - - [05/Aug/2024 18:44:01] "OPTIONS /api/login HTTP/1.1" 200 -
10.100.140.241 - - [05/Aug/2024 18:44:01] "POST /api/login HTTP/1.1" 200 -
10.100.140.241 - - [05/Aug/2024 18:44:01] "OPTIONS /api/data HTTP/1.1" 200 -
10.100.140.241 - - [05/Aug/2024 18:44:01] "OPTIONS /api/data HTTP/1.1" 200 -
10.100.140.241 - - [05/Aug/2024 18:44:01] "[31m[1mGET /api/data HTTP/1.1[0m" 422 -
10.100.140.241 - - [05/Aug/2024 18:44:01] "[31m[1mGET /api/data HTTP/1.1[0m" 422 -
10.100.140.241 - - [05/Aug/2024 18:44:35] "OPTIONS /api/login HTTP/1.1" 200 -
10.100.140.241 - - [05/Aug/2024 18:44:35] "POST /api/login HTTP/1.1" 200 -
10.100.140.241 - - [05/Aug/2024 18:44:35] "OPTIONS /api/data HTTP/1.1" 200 -
10.100.140.241 - - [05/Aug/2024 18:44:35] "OPTIONS /api/data HTTP/1.1" 200 -
10.100.140.241 - - [05/Aug/2024 18:44:35] "[31m[1mGET /api/data HTTP/1.1[0m" 422 -
10.100.140.241 - - [05/Aug/2024 18:44:35] "[31m[1mGET /api/data HTTP/1.1[0m" 422 -
10.100.140.241 - - [05/Aug/2024 18:46:06] "OPTIONS /api/login HTTP/1.1" 200 -
10.100.140.241 - - [05/Aug/2024 18:46:07] "POST /api/login HTTP/1.1" 200 -
10.100.140.241 - - [05/Aug/2024 18:46:07] "OPTIONS /api/data HTTP/1.1" 200 -
10.100.140.241 - - [05/Aug/2024 18:46:07] "OPTIONS /api/data HTTP/1.1" 200 -
10.100.140.241 - - [05/Aug/2024 18:46:07] "GET /api/data HTTP/1.1" 200 -
10.100.140.241 - - [05/Aug/2024 18:46:07] "GET /api/data HTTP/1.1" 200 -
10.100.140.241 - - [05/Aug/2024 18:46:48] "OPTIONS /api/data HTTP/1.1" 200 -
10.100.140.241 - - [05/Aug/2024 18:46:48] "OPTIONS /api/data HTTP/1.1" 200 -
10.100.140.241 - - [05/Aug/2024 18:46:48] "GET /api/data HTTP/1.1" 200 -
10.100.140.241 - - [05/Aug/2024 18:46:48] "GET /api/data HTTP/1.1" 200 -
10.100.140.241 - - [05/Aug/2024 19:33:08] "OPTIONS /api/login HTTP/1.1" 200 -
10.100.140.241 - - [05/Aug/2024 19:33:09] "POST /api/login HTTP/1.1" 200 -
10.100.140.241 - - [05/Aug/2024 19:33:09] "OPTIONS /api/data HTTP/1.1" 200 -
10.100.140.241 - - [05/Aug/2024 19:33:09] "OPTIONS /api/data HTTP/1.1" 200 -
10.100.140.241 - - [05/Aug/2024 19:33:09] "GET /api/data HTTP/1.1" 200 -
10.100.140.241 - - [05/Aug/2024 19:33:09] "GET /api/data HTTP/1.1" 200 -
10.100.140.241 - - [05/Aug/2024 19:33:16] "OPTIONS /api/data HTTP/1.1" 200 -
10.100.140.241 - - [05/Aug/2024 19:33:16] "OPTIONS /api/data HTTP/1.1" 200 -
10.100.140.241 - - [05/Aug/2024 19:33:16] "GET /api/data HTTP/1.1" 200 -
10.100.140.241 - - [05/Aug/2024 19:33:16] "GET /api/data HTTP/1.1" 200 -
10.100.140.241 - - [05/Aug/2024 19:33:20] "GET /api/data HTTP/1.1" 200 -
10.100.140.241 - - [05/Aug/2024 19:33:20] "GET /api/data HTTP/1.1" 200 -
10.100.140.241 - - [05/Aug/2024 19:33:40] "[31m[1mGET /api/data HTTP/1.1[0m" 401 -
10.100.140.241 - - [05/Aug/2024 19:36:52] "OPTIONS /api/data HTTP/1.1" 200 -
10.100.140.241 - - [05/Aug/2024 19:36:52] "GET /api/data HTTP/1.1" 200 -
10.100.140.241 - - [05/Aug/2024 19:38:34] "OPTIONS /api/data HTTP/1.1" 200 -
10.100.140.241 - - [05/Aug/2024 19:38:34] "OPTIONS /api/data HTTP/1.1" 200 -
10.100.140.241 - - [05/Aug/2024 19:38:34] "GET /api/data HTTP/1.1" 200 -
10.100.140.241 - - [05/Aug/2024 19:38:34] "GET /api/data HTTP/1.1" 200 -
10.100.140.241 - - [05/Aug/2024 19:39:48] "OPTIONS /api/data HTTP/1.1" 200 -
10.100.140.241 - - [05/Aug/2024 19:39:48] "GET /api/data HTTP/1.1" 200 -
10.100.140.241 - - [05/Aug/2024 19:39:57] "OPTIONS /api/data HTTP/1.1" 200 -
10.100.140.241 - - [05/Aug/2024 19:39:58] "GET /api/data HTTP/1.1" 200 -
10.100.140.241 - - [05/Aug/2024 19:42:32] "OPTIONS /api/data HTTP/1.1" 200 -
10.100.140.241 - - [05/Aug/2024 19:42:32] "OPTIONS /api/data HTTP/1.1" 200 -
10.100.140.241 - - [05/Aug/2024 19:42:32] "GET /api/data HTTP/1.1" 200 -
10.100.140.241 - - [05/Aug/2024 19:42:32] "GET /api/data HTTP/1.1" 200 -
10.100.140.241 - - [05/Aug/2024 19:42:51] "OPTIONS /api/data HTTP/1.1" 200 -
10.100.140.241 - - [05/Aug/2024 19:42:51] "OPTIONS /api/data HTTP/1.1" 200 -
10.100.140.241 - - [05/Aug/2024 19:42:51] "GET /api/data HTTP/1.1" 200 -
10.100.140.241 - - [05/Aug/2024 19:42:51] "GET /api/data HTTP/1.1" 200 -
10.100.140.241 - - [05/Aug/2024 19:45:56] "OPTIONS /api/data HTTP/1.1" 200 -
10.100.140.241 - - [05/Aug/2024 19:45:56] "OPTIONS /api/data HTTP/1.1" 200 -
10.100.140.241 - - [05/Aug/2024 19:45:56] "GET /api/data HTTP/1.1" 200 -
10.100.140.241 - - [05/Aug/2024 19:45:56] "GET /api/data HTTP/1.1" 200 -
10.100.140.241 - - [05/Aug/2024 19:46:49] "OPTIONS /api/data HTTP/1.1" 200 -
10.100.140.241 - - [05/Aug/2024 19:46:49] "GET /api/data HTTP/1.1" 200 -
10.100.140.241 - - [05/Aug/2024 19:49:53] "OPTIONS /api/data HTTP/1.1" 200 -
10.100.140.241 - - [05/Aug/2024 19:49:53] "GET /api/data HTTP/1.1" 200 -
10.100.140.241 - - [05/Aug/2024 19:51:21] "OPTIONS /api/data HTTP/1.1" 200 -
10.100.140.241 - - [05/Aug/2024 19:51:21] "GET /api/data HTTP/1.1" 200 -
10.100.140.241 - - [05/Aug/2024 19:51:35] "OPTIONS /api/data HTTP/1.1" 200 -
10.100.140.241 - - [05/Aug/2024 19:51:35] "GET /api/data HTTP/1.1" 200 -
10.100.140.241 - - [05/Aug/2024 22:49:01] "OPTIONS /api/data HTTP/1.1" 200 -
10.100.140.241 - - [05/Aug/2024 22:49:01] "OPTIONS /api/data HTTP/1.1" 200 -
10.100.140.241 - - [05/Aug/2024 22:49:01] "[31m[1mGET /api/data HTTP/1.1[0m" 401 -
10.100.140.241 - - [05/Aug/2024 22:49:01] "[31m[1mGET /api/data HTTP/1.1[0m" 401 -
10.100.140.241 - - [05/Aug/2024 22:49:22] "OPTIONS /api/data HTTP/1.1" 200 -
10.100.140.241 - - [05/Aug/2024 22:49:22] "OPTIONS /api/data HTTP/1.1" 200 -
10.100.140.241 - - [05/Aug/2024 22:49:22] "[31m[1mGET /api/data HTTP/1.1[0m" 401 -
10.100.140.241 - - [05/Aug/2024 22:49:22] "[31m[1mGET /api/data HTTP/1.1[0m" 401 -
10.100.140.241 - - [05/Aug/2024 22:49:25] "[31m[1mGET /api/data HTTP/1.1[0m" 401 -
10.100.140.241 - - [05/Aug/2024 22:49:26] "[31m[1mGET /api/data HTTP/1.1[0m" 401 -
10.100.140.241 - - [05/Aug/2024 22:49:26] "[31m[1mGET /api/data HTTP/1.1[0m" 401 -
10.100.140.241 - - [05/Aug/2024 22:49:26] "[31m[1mGET /api/data HTTP/1.1[0m" 401 -
10.100.140.241 - - [05/Aug/2024 22:49:27] "OPTIONS /api/data HTTP/1.1" 200 -
10.100.140.241 - - [05/Aug/2024 22:49:27] "OPTIONS /api/data HTTP/1.1" 200 -
10.100.140.241 - - [05/Aug/2024 22:49:27] "[31m[1mGET /api/data HTTP/1.1[0m" 401 -
10.100.140.241 - - [05/Aug/2024 22:49:27] "[31m[1mGET /api/data HTTP/1.1[0m" 401 -
10.100.140.241 - - [05/Aug/2024 22:49:27] "[31m[1mGET /api/data HTTP/1.1[0m" 401 -
10.100.140.241 - - [05/Aug/2024 22:49:27] "[31m[1mGET /api/data HTTP/1.1[0m" 401 -
10.100.140.241 - - [05/Aug/2024 22:49:28] "[31m[1mGET /api/data HTTP/1.1[0m" 401 -
10.100.140.241 - - [05/Aug/2024 22:49:28] "[31m[1mGET /api/data HTTP/1.1[0m" 401 -
10.100.140.241 - - [05/Aug/2024 22:49:29] "[31m[1mGET /api/data HTTP/1.1[0m" 401 -
10.100.140.241 - - [05/Aug/2024 22:49:29] "[31m[1mGET /api/data HTTP/1.1[0m" 401 -
10.100.140.241 - - [05/Aug/2024 22:49:29] "[31m[1mGET /api/data HTTP/1.1[0m" 401 -
10.100.140.241 - - [05/Aug/2024 22:49:29] "[31m[1mGET /api/data HTTP/1.1[0m" 401 -
10.100.140.241 - - [05/Aug/2024 22:49:30] "[31m[1mGET /api/data HTTP/1.1[0m" 401 -
10.100.140.241 - - [05/Aug/2024 22:49:30] "[31m[1mGET /api/data HTTP/1.1[0m" 401 -
10.100.140.241 - - [05/Aug/2024 22:49:30] "[31m[1mGET /api/data HTTP/1.1[0m" 401 -
10.100.140.241 - - [05/Aug/2024 22:49:30] "[31m[1mGET /api/data HTTP/1.1[0m" 401 -
10.100.140.241 - - [05/Aug/2024 22:49:41] "OPTIONS /api/login HTTP/1.1" 200 -
10.100.140.241 - - [05/Aug/2024 22:49:42] "POST /api/login HTTP/1.1" 200 -
10.100.140.241 - - [05/Aug/2024 22:49:42] "OPTIONS /api/data HTTP/1.1" 200 -
10.100.140.241 - - [05/Aug/2024 22:49:42] "OPTIONS /api/data HTTP/1.1" 200 -
10.100.140.241 - - [05/Aug/2024 22:49:42] "GET /api/data HTTP/1.1" 200 -
10.100.140.241 - - [05/Aug/2024 22:49:42] "GET /api/data HTTP/1.1" 200 -
10.100.140.241 - - [05/Aug/2024 22:49:46] "GET /api/data HTTP/1.1" 200 -
10.100.140.241 - - [05/Aug/2024 22:49:47] "GET /api/data HTTP/1.1" 200 -
10.100.140.241 - - [05/Aug/2024 22:50:23] "OPTIONS /api/data HTTP/1.1" 200 -
10.100.140.241 - - [05/Aug/2024 22:50:24] "OPTIONS /api/data HTTP/1.1" 200 -
10.100.140.241 - - [05/Aug/2024 22:50:24] "GET /api/data HTTP/1.1" 200 -
10.100.140.241 - - [05/Aug/2024 22:50:24] "GET /api/data HTTP/1.1" 200 -
10.100.140.241 - - [05/Aug/2024 22:50:27] "GET /api/data HTTP/1.1" 200 -
10.100.140.241 - - [05/Aug/2024 22:50:28] "GET /api/data HTTP/1.1" 200 -
10.100.140.241 - - [05/Aug/2024 22:50:33] "OPTIONS /api/data HTTP/1.1" 200 -
10.100.140.241 - - [05/Aug/2024 22:50:33] "OPTIONS /api/data HTTP/1.1" 200 -
10.100.140.241 - - [05/Aug/2024 22:50:33] "GET /api/data HTTP/1.1" 200 -
10.100.140.241 - - [05/Aug/2024 22:50:33] "GET /api/data HTTP/1.1" 200 -
10.100.140.241 - - [05/Aug/2024 22:50:38] "GET /api/data HTTP/1.1" 200 -
10.100.140.241 - - [05/Aug/2024 22:50:38] "GET /api/data HTTP/1.1" 200 -
10.100.140.241 - - [05/Aug/2024 22:51:32] "OPTIONS /api/data HTTP/1.1" 200 -
10.100.140.241 - - [05/Aug/2024 22:51:32] "OPTIONS /api/data HTTP/1.1" 200 -
10.100.140.241 - - [05/Aug/2024 22:51:32] "GET /api/data HTTP/1.1" 200 -
10.100.140.241 - - [05/Aug/2024 22:51:32] "GET /api/data HTTP/1.1" 200 -
10.100.140.241 - - [05/Aug/2024 22:56:31] "OPTIONS /api/data HTTP/1.1" 200 -
10.100.140.241 - - [05/Aug/2024 22:56:31] "GET /api/data HTTP/1.1" 200 -
10.100.140.241 - - [05/Aug/2024 22:57:07] "OPTIONS /api/data HTTP/1.1" 200 -
10.100.140.241 - - [05/Aug/2024 22:57:08] "GET /api/data HTTP/1.1" 200 -
10.100.140.241 - - [05/Aug/2024 23:01:17] "OPTIONS /api/data HTTP/1.1" 200 -
10.100.140.241 - - [05/Aug/2024 23:01:17] "GET /api/data HTTP/1.1" 200 -
10.100.140.241 - - [05/Aug/2024 23:13:20] "OPTIONS /api/data HTTP/1.1" 200 -
10.100.140.241 - - [05/Aug/2024 23:13:20] "OPTIONS /api/data HTTP/1.1" 200 -
10.100.140.241 - - [05/Aug/2024 23:13:20] "GET /api/data HTTP/1.1" 200 -
10.100.140.241 - - [05/Aug/2024 23:13:20] "GET /api/data HTTP/1.1" 200 -
10.100.140.241 - - [05/Aug/2024 23:28:05] "OPTIONS /api/data HTTP/1.1" 200 -
10.100.140.241 - - [05/Aug/2024 23:28:05] "OPTIONS /api/data HTTP/1.1" 200 -
10.100.140.241 - - [05/Aug/2024 23:28:05] "GET /api/data HTTP/1.1" 200 -
10.100.140.241 - - [05/Aug/2024 23:28:05] "GET /api/data HTTP/1.1" 200 -
10.100.140.241 - - [05/Aug/2024 23:28:35] "OPTIONS /api/data HTTP/1.1" 200 -
10.100.140.241 - - [05/Aug/2024 23:28:35] "OPTIONS /api/data HTTP/1.1" 200 -
10.100.140.241 - - [05/Aug/2024 23:28:35] "GET /api/data HTTP/1.1" 200 -
10.100.140.241 - - [05/Aug/2024 23:28:35] "GET /api/data HTTP/1.1" 200 -
10.100.140.241 - - [05/Aug/2024 23:28:58] "OPTIONS /api/data HTTP/1.1" 200 -
10.100.140.241 - - [05/Aug/2024 23:28:58] "OPTIONS /api/data HTTP/1.1" 200 -
10.100.140.241 - - [05/Aug/2024 23:28:58] "GET /api/data HTTP/1.1" 200 -
10.100.140.241 - - [05/Aug/2024 23:28:58] "GET /api/data HTTP/1.1" 200 -
10.100.140.241 - - [05/Aug/2024 23:29:02] "GET /api/data HTTP/1.1" 200 -
10.100.140.241 - - [05/Aug/2024 23:29:02] "GET /api/data HTTP/1.1" 200 -
10.100.140.241 - - [05/Aug/2024 23:33:15] "OPTIONS /api/data HTTP/1.1" 200 -
10.100.140.241 - - [05/Aug/2024 23:33:15] "OPTIONS /api/data HTTP/1.1" 200 -
10.100.140.241 - - [05/Aug/2024 23:33:15] "GET /api/data HTTP/1.1" 200 -
10.100.140.241 - - [05/Aug/2024 23:33:15] "GET /api/data HTTP/1.1" 200 -
10.100.140.241 - - [05/Aug/2024 23:33:18] "GET /api/data HTTP/1.1" 200 -
10.100.140.241 - - [05/Aug/2024 23:33:18] "GET /api/data HTTP/1.1" 200 -
10.100.140.241 - - [05/Aug/2024 23:33:55] "OPTIONS /api/update_revenue_status HTTP/1.1" 200 -
10.100.140.241 - - [05/Aug/2024 23:33:55] "[35m[1mPOST /api/update_revenue_status HTTP/1.1[0m" 500 -
Traceback (most recent call last):
  File "/home/administrator/flask/myenv/lib/python3.8/site-packages/flask/app.py", line 1498, in __call__
    return self.wsgi_app(environ, start_response)
  File "/home/administrator/flask/myenv/lib/python3.8/site-packages/flask/app.py", line 1476, in wsgi_app
    response = self.handle_exception(e)
  File "/home/administrator/flask/myenv/lib/python3.8/site-packages/flask_cors/extension.py", line 178, in wrapped_function
    return cors_after_request(app.make_response(f(*args, **kwargs)))
  File "/home/administrator/flask/myenv/lib/python3.8/site-packages/flask/app.py", line 1473, in wsgi_app
    response = self.full_dispatch_request()
  File "/home/administrator/flask/myenv/lib/python3.8/site-packages/flask/app.py", line 882, in full_dispatch_request
    rv = self.handle_user_exception(e)
  File "/home/administrator/flask/myenv/lib/python3.8/site-packages/flask_cors/extension.py", line 178, in wrapped_function
    return cors_after_request(app.make_response(f(*args, **kwargs)))
  File "/home/administrator/flask/myenv/lib/python3.8/site-packages/flask/app.py", line 880, in full_dispatch_request
    rv = self.dispatch_request()
  File "/home/administrator/flask/myenv/lib/python3.8/site-packages/flask/app.py", line 865, in dispatch_request
    return self.ensure_sync(self.view_functions[rule.endpoint])(**view_args)  # type: ignore[no-any-return]
  File "/home/administrator/flask/myenv/lib/python3.8/site-packages/flask_jwt_extended/view_decorators.py", line 170, in decorator
    return current_app.ensure_sync(fn)(*args, **kwargs)
  File "/home/administrator/flask/app2.py", line 213, in decorator
    return fn(*args, **kwargs)
  File "/home/administrator/flask/app2.py", line 493, in update_revenue_status
    eod_item = EODDump.query.get(item['seed'])
KeyError: 'seed'
10.100.140.241 - - [05/Aug/2024 23:34:08] "OPTIONS /api/data HTTP/1.1" 200 -
10.100.140.241 - - [05/Aug/2024 23:34:08] "OPTIONS /api/data HTTP/1.1" 200 -
10.100.140.241 - - [05/Aug/2024 23:34:10] "GET /api/data HTTP/1.1" 200 -
10.100.140.241 - - [05/Aug/2024 23:34:10] "GET /api/data HTTP/1.1" 200 -
10.100.140.241 - - [05/Aug/2024 23:38:55] "OPTIONS /api/data HTTP/1.1" 200 -
10.100.140.241 - - [05/Aug/2024 23:38:55] "OPTIONS /api/data HTTP/1.1" 200 -
10.100.140.241 - - [05/Aug/2024 23:38:55] "GET /api/data HTTP/1.1" 200 -
10.100.140.241 - - [05/Aug/2024 23:38:55] "GET /api/data HTTP/1.1" 200 -
10.100.140.241 - - [05/Aug/2024 23:38:58] "OPTIONS /api/update_revenue_status HTTP/1.1" 200 -
10.100.140.241 - - [05/Aug/2024 23:38:59] "[35m[1mPOST /api/update_revenue_status HTTP/1.1[0m" 500 -
Traceback (most recent call last):
  File "/home/administrator/flask/myenv/lib/python3.8/site-packages/flask/app.py", line 1498, in __call__
    return self.wsgi_app(environ, start_response)
  File "/home/administrator/flask/myenv/lib/python3.8/site-packages/flask/app.py", line 1476, in wsgi_app
    response = self.handle_exception(e)
  File "/home/administrator/flask/myenv/lib/python3.8/site-packages/flask_cors/extension.py", line 178, in wrapped_function
    return cors_after_request(app.make_response(f(*args, **kwargs)))
  File "/home/administrator/flask/myenv/lib/python3.8/site-packages/flask/app.py", line 1473, in wsgi_app
    response = self.full_dispatch_request()
  File "/home/administrator/flask/myenv/lib/python3.8/site-packages/flask/app.py", line 882, in full_dispatch_request
    rv = self.handle_user_exception(e)
  File "/home/administrator/flask/myenv/lib/python3.8/site-packages/flask_cors/extension.py", line 178, in wrapped_function
    return cors_after_request(app.make_response(f(*args, **kwargs)))
  File "/home/administrator/flask/myenv/lib/python3.8/site-packages/flask/app.py", line 880, in full_dispatch_request
    rv = self.dispatch_request()
  File "/home/administrator/flask/myenv/lib/python3.8/site-packages/flask/app.py", line 865, in dispatch_request
    return self.ensure_sync(self.view_functions[rule.endpoint])(**view_args)  # type: ignore[no-any-return]
  File "/home/administrator/flask/myenv/lib/python3.8/site-packages/flask_jwt_extended/view_decorators.py", line 170, in decorator
    return current_app.ensure_sync(fn)(*args, **kwargs)
  File "/home/administrator/flask/app2.py", line 213, in decorator
    return fn(*args, **kwargs)
  File "/home/administrator/flask/app2.py", line 493, in update_revenue_status
    eod_item = EODDump.query.get(item['seed'])
KeyError: 'seed'
10.100.140.241 - - [05/Aug/2024 23:39:17] "OPTIONS /api/data HTTP/1.1" 200 -
10.100.140.241 - - [05/Aug/2024 23:39:17] "OPTIONS /api/data HTTP/1.1" 200 -
10.100.140.241 - - [05/Aug/2024 23:39:17] "GET /api/data HTTP/1.1" 200 -
10.100.140.241 - - [05/Aug/2024 23:39:17] "GET /api/data HTTP/1.1" 200 -
10.100.140.241 - - [05/Aug/2024 23:39:18] "GET /api/data HTTP/1.1" 200 -
10.100.140.241 - - [05/Aug/2024 23:39:18] "GET /api/data HTTP/1.1" 200 -
10.100.140.241 - - [05/Aug/2024 23:39:18] "GET /api/data HTTP/1.1" 200 -
10.100.140.241 - - [05/Aug/2024 23:39:19] "GET /api/data HTTP/1.1" 200 -
10.100.140.241 - - [05/Aug/2024 23:39:19] "GET /api/data HTTP/1.1" 200 -
10.100.140.241 - - [05/Aug/2024 23:39:19] "GET /api/data HTTP/1.1" 200 -
10.100.140.241 - - [05/Aug/2024 23:39:19] "GET /api/data HTTP/1.1" 200 -
10.100.140.241 - - [05/Aug/2024 23:39:19] "GET /api/data HTTP/1.1" 200 -
10.100.140.241 - - [05/Aug/2024 23:39:20] "GET /api/data HTTP/1.1" 200 -
10.100.140.241 - - [05/Aug/2024 23:39:20] "GET /api/data HTTP/1.1" 200 -
10.100.140.241 - - [05/Aug/2024 23:39:20] "GET /api/data HTTP/1.1" 200 -
10.100.140.241 - - [05/Aug/2024 23:39:20] "GET /api/data HTTP/1.1" 200 -
10.100.140.241 - - [05/Aug/2024 23:39:20] "GET /api/data HTTP/1.1" 200 -
10.100.140.241 - - [05/Aug/2024 23:39:20] "GET /api/data HTTP/1.1" 200 -
10.100.140.241 - - [05/Aug/2024 23:39:20] "GET /api/data HTTP/1.1" 200 -
10.100.140.241 - - [05/Aug/2024 23:39:20] "GET /api/data HTTP/1.1" 200 -
10.100.140.241 - - [05/Aug/2024 23:39:20] "GET /api/data HTTP/1.1" 200 -
10.100.140.241 - - [05/Aug/2024 23:39:20] "GET /api/data HTTP/1.1" 200 -
10.100.140.241 - - [05/Aug/2024 23:39:21] "GET /api/data HTTP/1.1" 200 -
10.100.140.241 - - [05/Aug/2024 23:39:21] "GET /api/data HTTP/1.1" 200 -
10.100.140.241 - - [05/Aug/2024 23:39:30] "OPTIONS /api/login HTTP/1.1" 200 -
10.100.140.241 - - [05/Aug/2024 23:39:31] "POST /api/login HTTP/1.1" 200 -
10.100.140.241 - - [05/Aug/2024 23:39:31] "OPTIONS /api/data HTTP/1.1" 200 -
10.100.140.241 - - [05/Aug/2024 23:39:31] "OPTIONS /api/data HTTP/1.1" 200 -
10.100.140.241 - - [05/Aug/2024 23:39:31] "GET /api/data HTTP/1.1" 200 -
10.100.140.241 - - [05/Aug/2024 23:39:31] "GET /api/data HTTP/1.1" 200 -
10.100.140.241 - - [05/Aug/2024 23:39:34] "GET /api/data HTTP/1.1" 200 -
10.100.140.241 - - [05/Aug/2024 23:39:34] "GET /api/data HTTP/1.1" 200 -
10.100.140.241 - - [05/Aug/2024 23:39:38] "OPTIONS /api/update_revenue_status HTTP/1.1" 200 -
10.100.140.241 - - [05/Aug/2024 23:39:39] "[35m[1mPOST /api/update_revenue_status HTTP/1.1[0m" 500 -
Traceback (most recent call last):
  File "/home/administrator/flask/myenv/lib/python3.8/site-packages/flask/app.py", line 1498, in __call__
    return self.wsgi_app(environ, start_response)
  File "/home/administrator/flask/myenv/lib/python3.8/site-packages/flask/app.py", line 1476, in wsgi_app
    response = self.handle_exception(e)
  File "/home/administrator/flask/myenv/lib/python3.8/site-packages/flask_cors/extension.py", line 178, in wrapped_function
    return cors_after_request(app.make_response(f(*args, **kwargs)))
  File "/home/administrator/flask/myenv/lib/python3.8/site-packages/flask/app.py", line 1473, in wsgi_app
    response = self.full_dispatch_request()
  File "/home/administrator/flask/myenv/lib/python3.8/site-packages/flask/app.py", line 882, in full_dispatch_request
    rv = self.handle_user_exception(e)
  File "/home/administrator/flask/myenv/lib/python3.8/site-packages/flask_cors/extension.py", line 178, in wrapped_function
    return cors_after_request(app.make_response(f(*args, **kwargs)))
  File "/home/administrator/flask/myenv/lib/python3.8/site-packages/flask/app.py", line 880, in full_dispatch_request
    rv = self.dispatch_request()
  File "/home/administrator/flask/myenv/lib/python3.8/site-packages/flask/app.py", line 865, in dispatch_request
    return self.ensure_sync(self.view_functions[rule.endpoint])(**view_args)  # type: ignore[no-any-return]
  File "/home/administrator/flask/myenv/lib/python3.8/site-packages/flask_jwt_extended/view_decorators.py", line 170, in decorator
    return current_app.ensure_sync(fn)(*args, **kwargs)
  File "/home/administrator/flask/app2.py", line 213, in decorator
    return fn(*args, **kwargs)
  File "/home/administrator/flask/app2.py", line 493, in update_revenue_status
    eod_item = EODDump.query.get(item['seed'])
KeyError: 'seed'
10.100.140.241 - - [05/Aug/2024 23:41:19] "POST /api/login HTTP/1.1" 200 -
10.100.140.241 - - [05/Aug/2024 23:42:07] "POST /api/get_revenue HTTP/1.1" 200 -
10.100.140.241 - - [05/Aug/2024 23:42:42] "[33mGET /api/summary HTTP/1.1[0m" 404 -
10.100.140.241 - - [06/Aug/2024 00:07:21] "OPTIONS /api/data HTTP/1.1" 200 -
10.100.140.241 - - [06/Aug/2024 00:07:21] "OPTIONS /api/data HTTP/1.1" 200 -
10.100.140.241 - - [06/Aug/2024 00:07:21] "GET /api/data HTTP/1.1" 200 -
10.100.140.241 - - [06/Aug/2024 00:07:21] "GET /api/data HTTP/1.1" 200 -
10.100.140.241 - - [06/Aug/2024 00:07:26] "OPTIONS /api/update_revenue_status HTTP/1.1" 200 -
10.100.140.241 - - [06/Aug/2024 00:07:26] "[35m[1mPOST /api/update_revenue_status HTTP/1.1[0m" 500 -
Traceback (most recent call last):
  File "/home/administrator/flask/myenv/lib/python3.8/site-packages/flask/app.py", line 1498, in __call__
    return self.wsgi_app(environ, start_response)
  File "/home/administrator/flask/myenv/lib/python3.8/site-packages/flask/app.py", line 1476, in wsgi_app
    response = self.handle_exception(e)
  File "/home/administrator/flask/myenv/lib/python3.8/site-packages/flask_cors/extension.py", line 178, in wrapped_function
    return cors_after_request(app.make_response(f(*args, **kwargs)))
  File "/home/administrator/flask/myenv/lib/python3.8/site-packages/flask/app.py", line 1473, in wsgi_app
    response = self.full_dispatch_request()
  File "/home/administrator/flask/myenv/lib/python3.8/site-packages/flask/app.py", line 882, in full_dispatch_request
    rv = self.handle_user_exception(e)
  File "/home/administrator/flask/myenv/lib/python3.8/site-packages/flask_cors/extension.py", line 178, in wrapped_function
    return cors_after_request(app.make_response(f(*args, **kwargs)))
  File "/home/administrator/flask/myenv/lib/python3.8/site-packages/flask/app.py", line 880, in full_dispatch_request
    rv = self.dispatch_request()
  File "/home/administrator/flask/myenv/lib/python3.8/site-packages/flask/app.py", line 865, in dispatch_request
    return self.ensure_sync(self.view_functions[rule.endpoint])(**view_args)  # type: ignore[no-any-return]
  File "/home/administrator/flask/myenv/lib/python3.8/site-packages/flask_jwt_extended/view_decorators.py", line 170, in decorator
    return current_app.ensure_sync(fn)(*args, **kwargs)
  File "/home/administrator/flask/app2.py", line 213, in decorator
    return fn(*args, **kwargs)
  File "/home/administrator/flask/app2.py", line 493, in update_revenue_status
    eod_item = EODDump.query.get(item['seed'])
KeyError: 'seed'
10.100.140.241 - - [06/Aug/2024 00:08:05] "OPTIONS /api/update_revenue_status HTTP/1.1" 200 -
10.100.140.241 - - [06/Aug/2024 00:08:05] "[35m[1mPOST /api/update_revenue_status HTTP/1.1[0m" 500 -
Traceback (most recent call last):
  File "/home/administrator/flask/myenv/lib/python3.8/site-packages/flask/app.py", line 1498, in __call__
    return self.wsgi_app(environ, start_response)
  File "/home/administrator/flask/myenv/lib/python3.8/site-packages/flask/app.py", line 1476, in wsgi_app
    response = self.handle_exception(e)
  File "/home/administrator/flask/myenv/lib/python3.8/site-packages/flask_cors/extension.py", line 178, in wrapped_function
    return cors_after_request(app.make_response(f(*args, **kwargs)))
  File "/home/administrator/flask/myenv/lib/python3.8/site-packages/flask/app.py", line 1473, in wsgi_app
    response = self.full_dispatch_request()
  File "/home/administrator/flask/myenv/lib/python3.8/site-packages/flask/app.py", line 882, in full_dispatch_request
    rv = self.handle_user_exception(e)
  File "/home/administrator/flask/myenv/lib/python3.8/site-packages/flask_cors/extension.py", line 178, in wrapped_function
    return cors_after_request(app.make_response(f(*args, **kwargs)))
  File "/home/administrator/flask/myenv/lib/python3.8/site-packages/flask/app.py", line 880, in full_dispatch_request
    rv = self.dispatch_request()
  File "/home/administrator/flask/myenv/lib/python3.8/site-packages/flask/app.py", line 865, in dispatch_request
    return self.ensure_sync(self.view_functions[rule.endpoint])(**view_args)  # type: ignore[no-any-return]
  File "/home/administrator/flask/myenv/lib/python3.8/site-packages/flask_jwt_extended/view_decorators.py", line 170, in decorator
    return current_app.ensure_sync(fn)(*args, **kwargs)
  File "/home/administrator/flask/app2.py", line 213, in decorator
    return fn(*args, **kwargs)
  File "/home/administrator/flask/app2.py", line 493, in update_revenue_status
    eod_item = EODDump.query.get(item['seed'])
KeyError: 'seed'
10.100.140.241 - - [06/Aug/2024 00:08:08] "[35m[1mPOST /api/update_revenue_status HTTP/1.1[0m" 500 -
Traceback (most recent call last):
  File "/home/administrator/flask/myenv/lib/python3.8/site-packages/flask/app.py", line 1498, in __call__
    return self.wsgi_app(environ, start_response)
  File "/home/administrator/flask/myenv/lib/python3.8/site-packages/flask/app.py", line 1476, in wsgi_app
    response = self.handle_exception(e)
  File "/home/administrator/flask/myenv/lib/python3.8/site-packages/flask_cors/extension.py", line 178, in wrapped_function
    return cors_after_request(app.make_response(f(*args, **kwargs)))
  File "/home/administrator/flask/myenv/lib/python3.8/site-packages/flask/app.py", line 1473, in wsgi_app
    response = self.full_dispatch_request()
  File "/home/administrator/flask/myenv/lib/python3.8/site-packages/flask/app.py", line 882, in full_dispatch_request
    rv = self.handle_user_exception(e)
  File "/home/administrator/flask/myenv/lib/python3.8/site-packages/flask_cors/extension.py", line 178, in wrapped_function
    return cors_after_request(app.make_response(f(*args, **kwargs)))
  File "/home/administrator/flask/myenv/lib/python3.8/site-packages/flask/app.py", line 880, in full_dispatch_request
    rv = self.dispatch_request()
  File "/home/administrator/flask/myenv/lib/python3.8/site-packages/flask/app.py", line 865, in dispatch_request
    return self.ensure_sync(self.view_functions[rule.endpoint])(**view_args)  # type: ignore[no-any-return]
  File "/home/administrator/flask/myenv/lib/python3.8/site-packages/flask_jwt_extended/view_decorators.py", line 170, in decorator
    return current_app.ensure_sync(fn)(*args, **kwargs)
  File "/home/administrator/flask/app2.py", line 213, in decorator
    return fn(*args, **kwargs)
  File "/home/administrator/flask/app2.py", line 493, in update_revenue_status
    eod_item = EODDump.query.get(item['seed'])
KeyError: 'seed'
10.100.140.241 - - [06/Aug/2024 00:08:24] "OPTIONS /api/update_revenue_status HTTP/1.1" 200 -
10.100.140.241 - - [06/Aug/2024 00:08:24] "[35m[1mPOST /api/update_revenue_status HTTP/1.1[0m" 500 -
Traceback (most recent call last):
  File "/home/administrator/flask/myenv/lib/python3.8/site-packages/flask/app.py", line 1498, in __call__
    return self.wsgi_app(environ, start_response)
  File "/home/administrator/flask/myenv/lib/python3.8/site-packages/flask/app.py", line 1476, in wsgi_app
    response = self.handle_exception(e)
  File "/home/administrator/flask/myenv/lib/python3.8/site-packages/flask_cors/extension.py", line 178, in wrapped_function
    return cors_after_request(app.make_response(f(*args, **kwargs)))
  File "/home/administrator/flask/myenv/lib/python3.8/site-packages/flask/app.py", line 1473, in wsgi_app
    response = self.full_dispatch_request()
  File "/home/administrator/flask/myenv/lib/python3.8/site-packages/flask/app.py", line 882, in full_dispatch_request
    rv = self.handle_user_exception(e)
  File "/home/administrator/flask/myenv/lib/python3.8/site-packages/flask_cors/extension.py", line 178, in wrapped_function
    return cors_after_request(app.make_response(f(*args, **kwargs)))
  File "/home/administrator/flask/myenv/lib/python3.8/site-packages/flask/app.py", line 880, in full_dispatch_request
    rv = self.dispatch_request()
  File "/home/administrator/flask/myenv/lib/python3.8/site-packages/flask/app.py", line 865, in dispatch_request
    return self.ensure_sync(self.view_functions[rule.endpoint])(**view_args)  # type: ignore[no-any-return]
  File "/home/administrator/flask/myenv/lib/python3.8/site-packages/flask_jwt_extended/view_decorators.py", line 170, in decorator
    return current_app.ensure_sync(fn)(*args, **kwargs)
  File "/home/administrator/flask/app2.py", line 213, in decorator
    return fn(*args, **kwargs)
  File "/home/administrator/flask/app2.py", line 493, in update_revenue_status
    eod_item = EODDump.query.get(item['seed'])
KeyError: 'seed'
10.100.140.241 - - [06/Aug/2024 00:08:26] "[35m[1mPOST /api/update_revenue_status HTTP/1.1[0m" 500 -
Traceback (most recent call last):
  File "/home/administrator/flask/myenv/lib/python3.8/site-packages/flask/app.py", line 1498, in __call__
    return self.wsgi_app(environ, start_response)
  File "/home/administrator/flask/myenv/lib/python3.8/site-packages/flask/app.py", line 1476, in wsgi_app
    response = self.handle_exception(e)
  File "/home/administrator/flask/myenv/lib/python3.8/site-packages/flask_cors/extension.py", line 178, in wrapped_function
    return cors_after_request(app.make_response(f(*args, **kwargs)))
  File "/home/administrator/flask/myenv/lib/python3.8/site-packages/flask/app.py", line 1473, in wsgi_app
    response = self.full_dispatch_request()
  File "/home/administrator/flask/myenv/lib/python3.8/site-packages/flask/app.py", line 882, in full_dispatch_request
    rv = self.handle_user_exception(e)
  File "/home/administrator/flask/myenv/lib/python3.8/site-packages/flask_cors/extension.py", line 178, in wrapped_function
    return cors_after_request(app.make_response(f(*args, **kwargs)))
  File "/home/administrator/flask/myenv/lib/python3.8/site-packages/flask/app.py", line 880, in full_dispatch_request
    rv = self.dispatch_request()
  File "/home/administrator/flask/myenv/lib/python3.8/site-packages/flask/app.py", line 865, in dispatch_request
    return self.ensure_sync(self.view_functions[rule.endpoint])(**view_args)  # type: ignore[no-any-return]
  File "/home/administrator/flask/myenv/lib/python3.8/site-packages/flask_jwt_extended/view_decorators.py", line 170, in decorator
    return current_app.ensure_sync(fn)(*args, **kwargs)
  File "/home/administrator/flask/app2.py", line 213, in decorator
    return fn(*args, **kwargs)
  File "/home/administrator/flask/app2.py", line 493, in update_revenue_status
    eod_item = EODDump.query.get(item['seed'])
KeyError: 'seed'
10.100.140.241 - - [06/Aug/2024 00:11:17] "OPTIONS /api/update_revenue_status HTTP/1.1" 200 -
10.100.140.241 - - [06/Aug/2024 00:11:17] "[35m[1mPOST /api/update_revenue_status HTTP/1.1[0m" 500 -
Traceback (most recent call last):
  File "/home/administrator/flask/myenv/lib/python3.8/site-packages/flask/app.py", line 1498, in __call__
    return self.wsgi_app(environ, start_response)
  File "/home/administrator/flask/myenv/lib/python3.8/site-packages/flask/app.py", line 1476, in wsgi_app
    response = self.handle_exception(e)
  File "/home/administrator/flask/myenv/lib/python3.8/site-packages/flask_cors/extension.py", line 178, in wrapped_function
    return cors_after_request(app.make_response(f(*args, **kwargs)))
  File "/home/administrator/flask/myenv/lib/python3.8/site-packages/flask/app.py", line 1473, in wsgi_app
    response = self.full_dispatch_request()
  File "/home/administrator/flask/myenv/lib/python3.8/site-packages/flask/app.py", line 882, in full_dispatch_request
    rv = self.handle_user_exception(e)
  File "/home/administrator/flask/myenv/lib/python3.8/site-packages/flask_cors/extension.py", line 178, in wrapped_function
    return cors_after_request(app.make_response(f(*args, **kwargs)))
  File "/home/administrator/flask/myenv/lib/python3.8/site-packages/flask/app.py", line 880, in full_dispatch_request
    rv = self.dispatch_request()
  File "/home/administrator/flask/myenv/lib/python3.8/site-packages/flask/app.py", line 865, in dispatch_request
    return self.ensure_sync(self.view_functions[rule.endpoint])(**view_args)  # type: ignore[no-any-return]
  File "/home/administrator/flask/myenv/lib/python3.8/site-packages/flask_jwt_extended/view_decorators.py", line 170, in decorator
    return current_app.ensure_sync(fn)(*args, **kwargs)
  File "/home/administrator/flask/app2.py", line 213, in decorator
    return fn(*args, **kwargs)
  File "/home/administrator/flask/app2.py", line 493, in update_revenue_status
    eod_item = EODDump.query.get(item['seed'])
KeyError: 'seed'
10.100.140.241 - - [06/Aug/2024 00:11:19] "[35m[1mPOST /api/update_revenue_status HTTP/1.1[0m" 500 -
Traceback (most recent call last):
  File "/home/administrator/flask/myenv/lib/python3.8/site-packages/flask/app.py", line 1498, in __call__
    return self.wsgi_app(environ, start_response)
  File "/home/administrator/flask/myenv/lib/python3.8/site-packages/flask/app.py", line 1476, in wsgi_app
    response = self.handle_exception(e)
  File "/home/administrator/flask/myenv/lib/python3.8/site-packages/flask_cors/extension.py", line 178, in wrapped_function
    return cors_after_request(app.make_response(f(*args, **kwargs)))
  File "/home/administrator/flask/myenv/lib/python3.8/site-packages/flask/app.py", line 1473, in wsgi_app
    response = self.full_dispatch_request()
  File "/home/administrator/flask/myenv/lib/python3.8/site-packages/flask/app.py", line 882, in full_dispatch_request
    rv = self.handle_user_exception(e)
  File "/home/administrator/flask/myenv/lib/python3.8/site-packages/flask_cors/extension.py", line 178, in wrapped_function
    return cors_after_request(app.make_response(f(*args, **kwargs)))
  File "/home/administrator/flask/myenv/lib/python3.8/site-packages/flask/app.py", line 880, in full_dispatch_request
    rv = self.dispatch_request()
  File "/home/administrator/flask/myenv/lib/python3.8/site-packages/flask/app.py", line 865, in dispatch_request
    return self.ensure_sync(self.view_functions[rule.endpoint])(**view_args)  # type: ignore[no-any-return]
  File "/home/administrator/flask/myenv/lib/python3.8/site-packages/flask_jwt_extended/view_decorators.py", line 170, in decorator
    return current_app.ensure_sync(fn)(*args, **kwargs)
  File "/home/administrator/flask/app2.py", line 213, in decorator
    return fn(*args, **kwargs)
  File "/home/administrator/flask/app2.py", line 493, in update_revenue_status
    eod_item = EODDump.query.get(item['seed'])
KeyError: 'seed'
10.100.140.241 - - [06/Aug/2024 00:11:32] "OPTIONS /api/update_revenue_status HTTP/1.1" 200 -
10.100.140.241 - - [06/Aug/2024 00:11:32] "[35m[1mPOST /api/update_revenue_status HTTP/1.1[0m" 500 -
Traceback (most recent call last):
  File "/home/administrator/flask/myenv/lib/python3.8/site-packages/flask/app.py", line 1498, in __call__
    return self.wsgi_app(environ, start_response)
  File "/home/administrator/flask/myenv/lib/python3.8/site-packages/flask/app.py", line 1476, in wsgi_app
    response = self.handle_exception(e)
  File "/home/administrator/flask/myenv/lib/python3.8/site-packages/flask_cors/extension.py", line 178, in wrapped_function
    return cors_after_request(app.make_response(f(*args, **kwargs)))
  File "/home/administrator/flask/myenv/lib/python3.8/site-packages/flask/app.py", line 1473, in wsgi_app
    response = self.full_dispatch_request()
  File "/home/administrator/flask/myenv/lib/python3.8/site-packages/flask/app.py", line 882, in full_dispatch_request
    rv = self.handle_user_exception(e)
  File "/home/administrator/flask/myenv/lib/python3.8/site-packages/flask_cors/extension.py", line 178, in wrapped_function
    return cors_after_request(app.make_response(f(*args, **kwargs)))
  File "/home/administrator/flask/myenv/lib/python3.8/site-packages/flask/app.py", line 880, in full_dispatch_request
    rv = self.dispatch_request()
  File "/home/administrator/flask/myenv/lib/python3.8/site-packages/flask/app.py", line 865, in dispatch_request
    return self.ensure_sync(self.view_functions[rule.endpoint])(**view_args)  # type: ignore[no-any-return]
  File "/home/administrator/flask/myenv/lib/python3.8/site-packages/flask_jwt_extended/view_decorators.py", line 170, in decorator
    return current_app.ensure_sync(fn)(*args, **kwargs)
  File "/home/administrator/flask/app2.py", line 213, in decorator
    return fn(*args, **kwargs)
  File "/home/administrator/flask/app2.py", line 493, in update_revenue_status
    eod_item = EODDump.query.get(item['seed'])
KeyError: 'seed'
10.100.140.241 - - [06/Aug/2024 00:11:34] "[35m[1mPOST /api/update_revenue_status HTTP/1.1[0m" 500 -
Traceback (most recent call last):
  File "/home/administrator/flask/myenv/lib/python3.8/site-packages/flask/app.py", line 1498, in __call__
    return self.wsgi_app(environ, start_response)
  File "/home/administrator/flask/myenv/lib/python3.8/site-packages/flask/app.py", line 1476, in wsgi_app
    response = self.handle_exception(e)
  File "/home/administrator/flask/myenv/lib/python3.8/site-packages/flask_cors/extension.py", line 178, in wrapped_function
    return cors_after_request(app.make_response(f(*args, **kwargs)))
  File "/home/administrator/flask/myenv/lib/python3.8/site-packages/flask/app.py", line 1473, in wsgi_app
    response = self.full_dispatch_request()
  File "/home/administrator/flask/myenv/lib/python3.8/site-packages/flask/app.py", line 882, in full_dispatch_request
    rv = self.handle_user_exception(e)
  File "/home/administrator/flask/myenv/lib/python3.8/site-packages/flask_cors/extension.py", line 178, in wrapped_function
    return cors_after_request(app.make_response(f(*args, **kwargs)))
  File "/home/administrator/flask/myenv/lib/python3.8/site-packages/flask/app.py", line 880, in full_dispatch_request
    rv = self.dispatch_request()
  File "/home/administrator/flask/myenv/lib/python3.8/site-packages/flask/app.py", line 865, in dispatch_request
    return self.ensure_sync(self.view_functions[rule.endpoint])(**view_args)  # type: ignore[no-any-return]
  File "/home/administrator/flask/myenv/lib/python3.8/site-packages/flask_jwt_extended/view_decorators.py", line 170, in decorator
    return current_app.ensure_sync(fn)(*args, **kwargs)
  File "/home/administrator/flask/app2.py", line 213, in decorator
    return fn(*args, **kwargs)
  File "/home/administrator/flask/app2.py", line 493, in update_revenue_status
    eod_item = EODDump.query.get(item['seed'])
KeyError: 'seed'
10.100.140.241 - - [06/Aug/2024 00:12:17] "OPTIONS /api/data HTTP/1.1" 200 -
10.100.140.241 - - [06/Aug/2024 00:12:17] "OPTIONS /api/data HTTP/1.1" 200 -
10.100.140.241 - - [06/Aug/2024 00:12:17] "GET /api/data HTTP/1.1" 200 -
10.100.140.241 - - [06/Aug/2024 00:12:17] "GET /api/data HTTP/1.1" 200 -
10.100.140.241 - - [06/Aug/2024 00:12:43] "OPTIONS /api/update_revenue_status HTTP/1.1" 200 -
10.100.140.241 - - [06/Aug/2024 00:12:43] "[35m[1mPOST /api/update_revenue_status HTTP/1.1[0m" 500 -
Traceback (most recent call last):
  File "/home/administrator/flask/myenv/lib/python3.8/site-packages/flask/app.py", line 1498, in __call__
    return self.wsgi_app(environ, start_response)
  File "/home/administrator/flask/myenv/lib/python3.8/site-packages/flask/app.py", line 1476, in wsgi_app
    response = self.handle_exception(e)
  File "/home/administrator/flask/myenv/lib/python3.8/site-packages/flask_cors/extension.py", line 178, in wrapped_function
    return cors_after_request(app.make_response(f(*args, **kwargs)))
  File "/home/administrator/flask/myenv/lib/python3.8/site-packages/flask/app.py", line 1473, in wsgi_app
    response = self.full_dispatch_request()
  File "/home/administrator/flask/myenv/lib/python3.8/site-packages/flask/app.py", line 882, in full_dispatch_request
    rv = self.handle_user_exception(e)
  File "/home/administrator/flask/myenv/lib/python3.8/site-packages/flask_cors/extension.py", line 178, in wrapped_function
    return cors_after_request(app.make_response(f(*args, **kwargs)))
  File "/home/administrator/flask/myenv/lib/python3.8/site-packages/flask/app.py", line 880, in full_dispatch_request
    rv = self.dispatch_request()
  File "/home/administrator/flask/myenv/lib/python3.8/site-packages/flask/app.py", line 865, in dispatch_request
    return self.ensure_sync(self.view_functions[rule.endpoint])(**view_args)  # type: ignore[no-any-return]
  File "/home/administrator/flask/myenv/lib/python3.8/site-packages/flask_jwt_extended/view_decorators.py", line 170, in decorator
    return current_app.ensure_sync(fn)(*args, **kwargs)
  File "/home/administrator/flask/app2.py", line 213, in decorator
    return fn(*args, **kwargs)
  File "/home/administrator/flask/app2.py", line 493, in update_revenue_status
    eod_item = EODDump.query.get(item['seed'])
KeyError: 'seed'
10.100.140.241 - - [06/Aug/2024 00:34:50] "OPTIONS /api/data HTTP/1.1" 200 -
10.100.140.241 - - [06/Aug/2024 00:34:50] "OPTIONS /api/data HTTP/1.1" 200 -
10.100.140.241 - - [06/Aug/2024 00:34:50] "GET /api/data HTTP/1.1" 200 -
10.100.140.241 - - [06/Aug/2024 00:34:50] "GET /api/data HTTP/1.1" 200 -
10.100.140.241 - - [06/Aug/2024 00:38:10] "OPTIONS /api/data HTTP/1.1" 200 -
10.100.140.241 - - [06/Aug/2024 00:38:10] "GET /api/data HTTP/1.1" 200 -
10.100.140.241 - - [06/Aug/2024 00:38:13] "GET /api/data HTTP/1.1" 200 -
10.100.140.241 - - [06/Aug/2024 00:38:13] "GET /api/data HTTP/1.1" 200 -
10.100.140.241 - - [06/Aug/2024 00:45:53] "OPTIONS /api/data HTTP/1.1" 200 -
10.100.140.241 - - [06/Aug/2024 00:45:53] "OPTIONS /api/data HTTP/1.1" 200 -
10.100.140.241 - - [06/Aug/2024 00:45:53] "[31m[1mGET /api/data HTTP/1.1[0m" 401 -
10.100.140.241 - - [06/Aug/2024 00:45:53] "[31m[1mGET /api/data HTTP/1.1[0m" 401 -
10.100.140.241 - - [06/Aug/2024 00:46:01] "OPTIONS /api/data HTTP/1.1" 200 -
10.100.140.241 - - [06/Aug/2024 00:46:01] "OPTIONS /api/data HTTP/1.1" 200 -
10.100.140.241 - - [06/Aug/2024 00:46:01] "[31m[1mGET /api/data HTTP/1.1[0m" 401 -
10.100.140.241 - - [06/Aug/2024 00:46:01] "[31m[1mGET /api/data HTTP/1.1[0m" 401 -
10.100.140.241 - - [06/Aug/2024 00:46:20] "OPTIONS /api/data HTTP/1.1" 200 -
10.100.140.241 - - [06/Aug/2024 00:46:20] "OPTIONS /api/data HTTP/1.1" 200 -
10.100.140.241 - - [06/Aug/2024 00:46:20] "[31m[1mGET /api/data HTTP/1.1[0m" 401 -
10.100.140.241 - - [06/Aug/2024 00:46:20] "[31m[1mGET /api/data HTTP/1.1[0m" 401 -
10.100.140.241 - - [06/Aug/2024 00:46:31] "OPTIONS /api/login HTTP/1.1" 200 -
10.100.140.241 - - [06/Aug/2024 00:46:31] "POST /api/login HTTP/1.1" 200 -
10.100.140.241 - - [06/Aug/2024 00:46:32] "OPTIONS /api/data HTTP/1.1" 200 -
10.100.140.241 - - [06/Aug/2024 00:46:32] "OPTIONS /api/data HTTP/1.1" 200 -
10.100.140.241 - - [06/Aug/2024 00:46:32] "GET /api/data HTTP/1.1" 200 -
10.100.140.241 - - [06/Aug/2024 00:46:32] "GET /api/data HTTP/1.1" 200 -
10.100.140.241 - - [06/Aug/2024 00:46:36] "GET /api/data HTTP/1.1" 200 -
10.100.140.241 - - [06/Aug/2024 00:46:36] "GET /api/data HTTP/1.1" 200 -
10.100.140.241 - - [06/Aug/2024 00:48:36] "OPTIONS /api/data HTTP/1.1" 200 -
10.100.140.241 - - [06/Aug/2024 00:48:36] "GET /api/data HTTP/1.1" 200 -
10.100.140.241 - - [06/Aug/2024 00:48:52] "OPTIONS /api/data HTTP/1.1" 200 -
10.100.140.241 - - [06/Aug/2024 00:48:52] "OPTIONS /api/data HTTP/1.1" 200 -
10.100.140.241 - - [06/Aug/2024 00:48:52] "GET /api/data HTTP/1.1" 200 -
10.100.140.241 - - [06/Aug/2024 00:48:52] "GET /api/data HTTP/1.1" 200 -
10.100.140.241 - - [06/Aug/2024 00:50:28] "OPTIONS /api/data HTTP/1.1" 200 -
10.100.140.241 - - [06/Aug/2024 00:50:28] "OPTIONS /api/data HTTP/1.1" 200 -
10.100.140.241 - - [06/Aug/2024 00:50:28] "GET /api/data HTTP/1.1" 200 -
10.100.140.241 - - [06/Aug/2024 00:50:29] "GET /api/data HTTP/1.1" 200 -
10.100.140.241 - - [06/Aug/2024 00:51:54] "OPTIONS /api/data HTTP/1.1" 200 -
10.100.140.241 - - [06/Aug/2024 00:51:54] "OPTIONS /api/data HTTP/1.1" 200 -
10.100.140.241 - - [06/Aug/2024 00:51:54] "GET /api/data HTTP/1.1" 200 -
10.100.140.241 - - [06/Aug/2024 00:51:54] "GET /api/data HTTP/1.1" 200 -
10.100.140.241 - - [06/Aug/2024 00:52:06] "OPTIONS /api/data HTTP/1.1" 200 -
10.100.140.241 - - [06/Aug/2024 00:52:06] "OPTIONS /api/data HTTP/1.1" 200 -
10.100.140.241 - - [06/Aug/2024 00:52:06] "GET /api/data HTTP/1.1" 200 -
10.100.140.241 - - [06/Aug/2024 00:52:06] "GET /api/data HTTP/1.1" 200 -
10.100.140.241 - - [06/Aug/2024 01:06:14] "OPTIONS /api/data HTTP/1.1" 200 -
10.100.140.241 - - [06/Aug/2024 01:06:14] "OPTIONS /api/data HTTP/1.1" 200 -
10.100.140.241 - - [06/Aug/2024 01:06:14] "GET /api/data HTTP/1.1" 200 -
10.100.140.241 - - [06/Aug/2024 01:06:14] "GET /api/data HTTP/1.1" 200 -
10.100.140.241 - - [06/Aug/2024 01:06:27] "OPTIONS /api/data HTTP/1.1" 200 -
10.100.140.241 - - [06/Aug/2024 01:06:27] "OPTIONS /api/data HTTP/1.1" 200 -
10.100.140.241 - - [06/Aug/2024 01:06:27] "GET /api/data HTTP/1.1" 200 -
10.100.140.241 - - [06/Aug/2024 01:06:27] "GET /api/data HTTP/1.1" 200 -
10.100.140.241 - - [06/Aug/2024 01:10:07] "OPTIONS /api/data HTTP/1.1" 200 -
10.100.140.241 - - [06/Aug/2024 01:10:07] "GET /api/data HTTP/1.1" 200 -
10.100.140.241 - - [06/Aug/2024 01:10:13] "OPTIONS /api/data HTTP/1.1" 200 -
10.100.140.241 - - [06/Aug/2024 01:10:13] "OPTIONS /api/data HTTP/1.1" 200 -
10.100.140.241 - - [06/Aug/2024 01:10:13] "GET /api/data HTTP/1.1" 200 -
10.100.140.241 - - [06/Aug/2024 01:10:13] "GET /api/data HTTP/1.1" 200 -
10.100.140.241 - - [06/Aug/2024 01:43:10] "OPTIONS /api/data HTTP/1.1" 200 -
10.100.140.241 - - [06/Aug/2024 01:43:10] "OPTIONS /api/data HTTP/1.1" 200 -
10.100.140.241 - - [06/Aug/2024 01:43:10] "GET /api/data HTTP/1.1" 200 -
10.100.140.241 - - [06/Aug/2024 01:43:10] "GET /api/data HTTP/1.1" 200 -
10.100.140.241 - - [06/Aug/2024 01:59:20] "OPTIONS /api/data HTTP/1.1" 200 -
10.100.140.241 - - [06/Aug/2024 01:59:20] "OPTIONS /api/data HTTP/1.1" 200 -
10.100.140.241 - - [06/Aug/2024 01:59:20] "[31m[1mGET /api/data HTTP/1.1[0m" 401 -
10.100.140.241 - - [06/Aug/2024 01:59:20] "[31m[1mGET /api/data HTTP/1.1[0m" 401 -
10.100.140.241 - - [06/Aug/2024 01:59:25] "[31m[1mGET /api/data HTTP/1.1[0m" 401 -
10.100.140.241 - - [06/Aug/2024 01:59:25] "[31m[1mGET /api/data HTTP/1.1[0m" 401 -
10.100.140.241 - - [06/Aug/2024 01:59:38] "OPTIONS /api/login HTTP/1.1" 200 -
10.100.140.241 - - [06/Aug/2024 01:59:38] "POST /api/login HTTP/1.1" 200 -
10.100.140.241 - - [06/Aug/2024 01:59:38] "OPTIONS /api/data HTTP/1.1" 200 -
10.100.140.241 - - [06/Aug/2024 01:59:38] "OPTIONS /api/data HTTP/1.1" 200 -
10.100.140.241 - - [06/Aug/2024 01:59:39] "GET /api/data HTTP/1.1" 200 -
10.100.140.241 - - [06/Aug/2024 01:59:39] "GET /api/data HTTP/1.1" 200 -
10.100.140.241 - - [06/Aug/2024 01:59:44] "OPTIONS /api/data HTTP/1.1" 200 -
10.100.140.241 - - [06/Aug/2024 01:59:44] "OPTIONS /api/data HTTP/1.1" 200 -
10.100.140.241 - - [06/Aug/2024 01:59:44] "GET /api/data HTTP/1.1" 200 -
10.100.140.241 - - [06/Aug/2024 01:59:44] "GET /api/data HTTP/1.1" 200 -
10.100.140.241 - - [06/Aug/2024 11:02:06] "OPTIONS /api/data HTTP/1.1" 200 -
10.100.140.241 - - [06/Aug/2024 11:02:06] "OPTIONS /api/data HTTP/1.1" 200 -
10.100.140.241 - - [06/Aug/2024 11:02:06] "[31m[1mGET /api/data HTTP/1.1[0m" 401 -
10.100.140.241 - - [06/Aug/2024 11:02:06] "[31m[1mGET /api/data HTTP/1.1[0m" 401 -
10.100.140.241 - - [06/Aug/2024 11:02:09] "[31m[1mGET /api/data HTTP/1.1[0m" 401 -
10.100.140.241 - - [06/Aug/2024 11:02:09] "[31m[1mGET /api/data HTTP/1.1[0m" 401 -
10.100.140.241 - - [06/Aug/2024 11:02:17] "OPTIONS /api/login HTTP/1.1" 200 -
10.100.140.241 - - [06/Aug/2024 11:02:18] "POST /api/login HTTP/1.1" 200 -
10.100.140.241 - - [06/Aug/2024 11:02:18] "OPTIONS /api/data HTTP/1.1" 200 -
10.100.140.241 - - [06/Aug/2024 11:02:18] "OPTIONS /api/data HTTP/1.1" 200 -
10.100.140.241 - - [06/Aug/2024 11:02:18] "GET /api/data HTTP/1.1" 200 -
10.100.140.241 - - [06/Aug/2024 11:02:18] "GET /api/data HTTP/1.1" 200 -
10.100.140.241 - - [06/Aug/2024 11:02:29] "OPTIONS /api/data HTTP/1.1" 200 -
10.100.140.241 - - [06/Aug/2024 11:02:29] "OPTIONS /api/data HTTP/1.1" 200 -
10.100.140.241 - - [06/Aug/2024 11:02:29] "GET /api/data HTTP/1.1" 200 -
10.100.140.241 - - [06/Aug/2024 11:02:29] "GET /api/data HTTP/1.1" 200 -
10.100.140.241 - - [06/Aug/2024 11:02:56] "OPTIONS /api/update_revenue_status HTTP/1.1" 200 -
10.100.140.241 - - [06/Aug/2024 11:02:57] "[35m[1mPOST /api/update_revenue_status HTTP/1.1[0m" 500 -
Traceback (most recent call last):
  File "/home/administrator/flask/myenv/lib/python3.8/site-packages/flask/app.py", line 1498, in __call__
    return self.wsgi_app(environ, start_response)
  File "/home/administrator/flask/myenv/lib/python3.8/site-packages/flask/app.py", line 1476, in wsgi_app
    response = self.handle_exception(e)
  File "/home/administrator/flask/myenv/lib/python3.8/site-packages/flask_cors/extension.py", line 178, in wrapped_function
    return cors_after_request(app.make_response(f(*args, **kwargs)))
  File "/home/administrator/flask/myenv/lib/python3.8/site-packages/flask/app.py", line 1473, in wsgi_app
    response = self.full_dispatch_request()
  File "/home/administrator/flask/myenv/lib/python3.8/site-packages/flask/app.py", line 882, in full_dispatch_request
    rv = self.handle_user_exception(e)
  File "/home/administrator/flask/myenv/lib/python3.8/site-packages/flask_cors/extension.py", line 178, in wrapped_function
    return cors_after_request(app.make_response(f(*args, **kwargs)))
  File "/home/administrator/flask/myenv/lib/python3.8/site-packages/flask/app.py", line 880, in full_dispatch_request
    rv = self.dispatch_request()
  File "/home/administrator/flask/myenv/lib/python3.8/site-packages/flask/app.py", line 865, in dispatch_request
    return self.ensure_sync(self.view_functions[rule.endpoint])(**view_args)  # type: ignore[no-any-return]
  File "/home/administrator/flask/myenv/lib/python3.8/site-packages/flask_jwt_extended/view_decorators.py", line 170, in decorator
    return current_app.ensure_sync(fn)(*args, **kwargs)
  File "/home/administrator/flask/app2.py", line 213, in decorator
    return fn(*args, **kwargs)
  File "/home/administrator/flask/app2.py", line 493, in update_revenue_status
    eod_item = EODDump.query.get(item['seed'])
KeyError: 'seed'
10.100.140.241 - - [06/Aug/2024 11:04:21] "OPTIONS /api/data HTTP/1.1" 200 -
10.100.140.241 - - [06/Aug/2024 11:04:21] "GET /api/data HTTP/1.1" 200 -
10.100.140.241 - - [06/Aug/2024 11:04:27] "OPTIONS /api/update_revenue_status HTTP/1.1" 200 -
10.100.140.241 - - [06/Aug/2024 11:04:27] "[35m[1mPOST /api/update_revenue_status HTTP/1.1[0m" 500 -
Traceback (most recent call last):
  File "/home/administrator/flask/myenv/lib/python3.8/site-packages/flask/app.py", line 1498, in __call__
    return self.wsgi_app(environ, start_response)
  File "/home/administrator/flask/myenv/lib/python3.8/site-packages/flask/app.py", line 1476, in wsgi_app
    response = self.handle_exception(e)
  File "/home/administrator/flask/myenv/lib/python3.8/site-packages/flask_cors/extension.py", line 178, in wrapped_function
    return cors_after_request(app.make_response(f(*args, **kwargs)))
  File "/home/administrator/flask/myenv/lib/python3.8/site-packages/flask/app.py", line 1473, in wsgi_app
    response = self.full_dispatch_request()
  File "/home/administrator/flask/myenv/lib/python3.8/site-packages/flask/app.py", line 882, in full_dispatch_request
    rv = self.handle_user_exception(e)
  File "/home/administrator/flask/myenv/lib/python3.8/site-packages/flask_cors/extension.py", line 178, in wrapped_function
    return cors_after_request(app.make_response(f(*args, **kwargs)))
  File "/home/administrator/flask/myenv/lib/python3.8/site-packages/flask/app.py", line 880, in full_dispatch_request
    rv = self.dispatch_request()
  File "/home/administrator/flask/myenv/lib/python3.8/site-packages/flask/app.py", line 865, in dispatch_request
    return self.ensure_sync(self.view_functions[rule.endpoint])(**view_args)  # type: ignore[no-any-return]
  File "/home/administrator/flask/myenv/lib/python3.8/site-packages/flask_jwt_extended/view_decorators.py", line 170, in decorator
    return current_app.ensure_sync(fn)(*args, **kwargs)
  File "/home/administrator/flask/app2.py", line 213, in decorator
    return fn(*args, **kwargs)
  File "/home/administrator/flask/app2.py", line 493, in update_revenue_status
    eod_item = EODDump.query.get(item['seed'])
KeyError: 'seed'
10.100.140.241 - - [06/Aug/2024 11:04:30] "[35m[1mPOST /api/update_revenue_status HTTP/1.1[0m" 500 -
Traceback (most recent call last):
  File "/home/administrator/flask/myenv/lib/python3.8/site-packages/flask/app.py", line 1498, in __call__
    return self.wsgi_app(environ, start_response)
  File "/home/administrator/flask/myenv/lib/python3.8/site-packages/flask/app.py", line 1476, in wsgi_app
    response = self.handle_exception(e)
  File "/home/administrator/flask/myenv/lib/python3.8/site-packages/flask_cors/extension.py", line 178, in wrapped_function
    return cors_after_request(app.make_response(f(*args, **kwargs)))
  File "/home/administrator/flask/myenv/lib/python3.8/site-packages/flask/app.py", line 1473, in wsgi_app
    response = self.full_dispatch_request()
  File "/home/administrator/flask/myenv/lib/python3.8/site-packages/flask/app.py", line 882, in full_dispatch_request
    rv = self.handle_user_exception(e)
  File "/home/administrator/flask/myenv/lib/python3.8/site-packages/flask_cors/extension.py", line 178, in wrapped_function
    return cors_after_request(app.make_response(f(*args, **kwargs)))
  File "/home/administrator/flask/myenv/lib/python3.8/site-packages/flask/app.py", line 880, in full_dispatch_request
    rv = self.dispatch_request()
  File "/home/administrator/flask/myenv/lib/python3.8/site-packages/flask/app.py", line 865, in dispatch_request
    return self.ensure_sync(self.view_functions[rule.endpoint])(**view_args)  # type: ignore[no-any-return]
  File "/home/administrator/flask/myenv/lib/python3.8/site-packages/flask_jwt_extended/view_decorators.py", line 170, in decorator
    return current_app.ensure_sync(fn)(*args, **kwargs)
  File "/home/administrator/flask/app2.py", line 213, in decorator
    return fn(*args, **kwargs)
  File "/home/administrator/flask/app2.py", line 493, in update_revenue_status
    eod_item = EODDump.query.get(item['seed'])
KeyError: 'seed'
10.100.140.241 - - [06/Aug/2024 11:04:37] "OPTIONS /api/update_revenue_status HTTP/1.1" 200 -
10.100.140.241 - - [06/Aug/2024 11:04:37] "[35m[1mPOST /api/update_revenue_status HTTP/1.1[0m" 500 -
Traceback (most recent call last):
  File "/home/administrator/flask/myenv/lib/python3.8/site-packages/flask/app.py", line 1498, in __call__
    return self.wsgi_app(environ, start_response)
  File "/home/administrator/flask/myenv/lib/python3.8/site-packages/flask/app.py", line 1476, in wsgi_app
    response = self.handle_exception(e)
  File "/home/administrator/flask/myenv/lib/python3.8/site-packages/flask_cors/extension.py", line 178, in wrapped_function
    return cors_after_request(app.make_response(f(*args, **kwargs)))
  File "/home/administrator/flask/myenv/lib/python3.8/site-packages/flask/app.py", line 1473, in wsgi_app
    response = self.full_dispatch_request()
  File "/home/administrator/flask/myenv/lib/python3.8/site-packages/flask/app.py", line 882, in full_dispatch_request
    rv = self.handle_user_exception(e)
  File "/home/administrator/flask/myenv/lib/python3.8/site-packages/flask_cors/extension.py", line 178, in wrapped_function
    return cors_after_request(app.make_response(f(*args, **kwargs)))
  File "/home/administrator/flask/myenv/lib/python3.8/site-packages/flask/app.py", line 880, in full_dispatch_request
    rv = self.dispatch_request()
  File "/home/administrator/flask/myenv/lib/python3.8/site-packages/flask/app.py", line 865, in dispatch_request
    return self.ensure_sync(self.view_functions[rule.endpoint])(**view_args)  # type: ignore[no-any-return]
  File "/home/administrator/flask/myenv/lib/python3.8/site-packages/flask_jwt_extended/view_decorators.py", line 170, in decorator
    return current_app.ensure_sync(fn)(*args, **kwargs)
  File "/home/administrator/flask/app2.py", line 213, in decorator
    return fn(*args, **kwargs)
  File "/home/administrator/flask/app2.py", line 493, in update_revenue_status
    eod_item = EODDump.query.get(item['seed'])
KeyError: 'seed'
 * Detected change in '/home/administrator/flask/app2.py', reloading
<User 1>
Received data: {'Seeds': [121822]}
 * Restarting with stat
 * Debugger is active!
 * Debugger PIN: 250-402-423
 * Detected change in '/home/administrator/flask/app2.py', reloading
 * Restarting with stat
 * Debugger is active!
 * Debugger PIN: 250-402-423
 * Detected change in '/home/administrator/flask/app2.py', reloading
 * Restarting with stat
 * Debugger is active!
 * Debugger PIN: 250-402-423
 * Detected change in '/home/administrator/flask/app2.py', reloading
 * Restarting with stat
 * Debugger is active!
 * Debugger PIN: 250-402-423
10.100.140.241 - - [06/Aug/2024 11:06:17] "OPTIONS /api/data HTTP/1.1" 200 -
10.100.140.241 - - [06/Aug/2024 11:06:17] "OPTIONS /api/data HTTP/1.1" 200 -
10.100.140.241 - - [06/Aug/2024 11:06:36] "OPTIONS /api/data HTTP/1.1" 200 -
10.100.140.241 - - [06/Aug/2024 11:06:36] "OPTIONS /api/data HTTP/1.1" 200 -
 * Detected change in '/home/administrator/flask/app2.py', reloading
 * Restarting with stat
 * Debugger is active!
 * Debugger PIN: 250-402-423
 * Detected change in '/home/administrator/flask/app2.py', reloading
 * Restarting with stat
 * Debugger is active!
 * Debugger PIN: 250-402-423
 * Detected change in '/home/administrator/flask/app2.py', reloading
 * Restarting with stat
 * Debugger is active!
 * Debugger PIN: 250-402-423
 * Detected change in '/home/administrator/flask/app2.py', reloading
 * Restarting with stat
 * Debugger is active!
 * Debugger PIN: 250-402-423
 * Detected change in '/home/administrator/flask/app2.py', reloading
 * Restarting with stat
Traceback (most recent call last):
  File "/home/administrator/flask/app2.py", line 22, in <module>
    CORS(app)
NameError: name 'a' is not defined
 * Serving Flask app 'app2'
 * Debug mode: on
[31m[1mWARNING: This is a development server. Do not use it in a production deployment. Use a production WSGI server instead.[0m
 * Running on all addresses (0.0.0.0)
 * Running on http://127.0.0.1:5000
 * Running on http://10.100.130.76:5000
[33mPress CTRL+C to quit[0m
 * Restarting with stat
 * Debugger is active!
 * Debugger PIN: 250-402-423

10.100.140.241 - - [06/Aug/2024 11:20:21] "OPTIONS /api/login HTTP/1.1" 200 -
10.100.140.241 - - [06/Aug/2024 11:20:21] "POST /api/login HTTP/1.1" 200 -
10.100.140.241 - - [06/Aug/2024 11:20:21] "OPTIONS /api/data HTTP/1.1" 200 -
10.100.140.241 - - [06/Aug/2024 11:20:21] "OPTIONS /api/data HTTP/1.1" 200 -
10.100.140.241 - - [06/Aug/2024 11:20:22] "GET /api/data HTTP/1.1" 200 -
10.100.140.241 - - [06/Aug/2024 11:20:22] "GET /api/data HTTP/1.1" 200 -


10.100.140.241 - - [06/Aug/2024 11:20:33] "OPTIONS /api/data HTTP/1.1" 200 -
10.100.140.241 - - [06/Aug/2024 11:20:33] "OPTIONS /api/data HTTP/1.1" 200 -
10.100.140.241 - - [06/Aug/2024 11:20:33] "GET /api/data HTTP/1.1" 200 -
10.100.140.241 - - [06/Aug/2024 11:20:33] "GET /api/data HTTP/1.1" 200 -
10.100.140.241 - - [06/Aug/2024 11:20:44] "OPTIONS /api/update_revenue_status HTTP/1.1" 200 -
10.100.140.241 - - [06/Aug/2024 11:20:45] "[35m[1mPOST /api/update_revenue_status HTTP/1.1[0m" 500 -


Traceback (most recent call last):
  File "/home/administrator/flask/myenv/lib/python3.8/site-packages/flask/app.py", line 1498, in __call__
    return self.wsgi_app(environ, start_response)
  File "/home/administrator/flask/myenv/lib/python3.8/site-packages/flask/app.py", line 1476, in wsgi_app
    response = self.handle_exception(e)
  File "/home/administrator/flask/myenv/lib/python3.8/site-packages/flask_cors/extension.py", line 178, in wrapped_function
    return cors_after_request(app.make_response(f(*args, **kwargs)))
  File "/home/administrator/flask/myenv/lib/python3.8/site-packages/flask/app.py", line 1473, in wsgi_app
    response = self.full_dispatch_request()
  File "/home/administrator/flask/myenv/lib/python3.8/site-packages/flask/app.py", line 882, in full_dispatch_request
    rv = self.handle_user_exception(e)
  File "/home/administrator/flask/myenv/lib/python3.8/site-packages/flask_cors/extension.py", line 178, in wrapped_function
    return cors_after_request(app.make_response(f(*args, **kwargs)))
  File "/home/administrator/flask/myenv/lib/python3.8/site-packages/flask/app.py", line 880, in full_dispatch_request
    rv = self.dispatch_request()
  File "/home/administrator/flask/myenv/lib/python3.8/site-packages/flask/app.py", line 865, in dispatch_request
    return self.ensure_sync(self.view_functions[rule.endpoint])(**view_args)  # type: ignore[no-any-return]
  File "/home/administrator/flask/myenv/lib/python3.8/site-packages/flask_jwt_extended/view_decorators.py", line 170, in decorator
    return current_app.ensure_sync(fn)(*args, **kwargs)
  File "/home/administrator/flask/app2.py", line 215, in decorator
    return fn(*args, **kwargs)
  File "/home/administrator/flask/app2.py", line 495, in update_revenue_status
    eod_item = EODDump.query.get(item['seed'])
KeyError: 'seed'
10.100.140.241 - - [06/Aug/2024 11:25:18] "OPTIONS /api/update_revenue_status HTTP/1.1" 200 -
10.100.140.241 - - [06/Aug/2024 11:25:18] "[35m[1mPOST /api/update_revenue_status HTTP/1.1[0m" 500 -
Traceback (most recent call last):
  File "/home/administrator/flask/myenv/lib/python3.8/site-packages/flask/app.py", line 1498, in __call__
    return self.wsgi_app(environ, start_response)
  File "/home/administrator/flask/myenv/lib/python3.8/site-packages/flask/app.py", line 1476, in wsgi_app
    response = self.handle_exception(e)
  File "/home/administrator/flask/myenv/lib/python3.8/site-packages/flask_cors/extension.py", line 178, in wrapped_function
    return cors_after_request(app.make_response(f(*args, **kwargs)))
  File "/home/administrator/flask/myenv/lib/python3.8/site-packages/flask/app.py", line 1473, in wsgi_app
    response = self.full_dispatch_request()
  File "/home/administrator/flask/myenv/lib/python3.8/site-packages/flask/app.py", line 882, in full_dispatch_request
    rv = self.handle_user_exception(e)
  File "/home/administrator/flask/myenv/lib/python3.8/site-packages/flask_cors/extension.py", line 178, in wrapped_function
    return cors_after_request(app.make_response(f(*args, **kwargs)))
  File "/home/administrator/flask/myenv/lib/python3.8/site-packages/flask/app.py", line 880, in full_dispatch_request
    rv = self.dispatch_request()
  File "/home/administrator/flask/myenv/lib/python3.8/site-packages/flask/app.py", line 865, in dispatch_request
    return self.ensure_sync(self.view_functions[rule.endpoint])(**view_args)  # type: ignore[no-any-return]
  File "/home/administrator/flask/myenv/lib/python3.8/site-packages/flask_jwt_extended/view_decorators.py", line 170, in decorator
    return current_app.ensure_sync(fn)(*args, **kwargs)
  File "/home/administrator/flask/app2.py", line 215, in decorator
    return fn(*args, **kwargs)
  File "/home/administrator/flask/app2.py", line 495, in update_revenue_status
    eod_item = EODDump.query.get(item['seed'])
KeyError: 'seed'
10.100.140.241 - - [06/Aug/2024 11:34:44] "OPTIONS /api/data HTTP/1.1" 200 -
10.100.140.241 - - [06/Aug/2024 11:34:44] "OPTIONS /api/data HTTP/1.1" 200 -
10.100.140.241 - - [06/Aug/2024 11:34:44] "GET /api/data HTTP/1.1" 200 -
10.100.140.241 - - [06/Aug/2024 11:34:44] "GET /api/data HTTP/1.1" 200 -
10.100.140.241 - - [06/Aug/2024 11:34:55] "OPTIONS /api/data HTTP/1.1" 200 -
10.100.140.241 - - [06/Aug/2024 11:34:55] "OPTIONS /api/data HTTP/1.1" 200 -
10.100.140.241 - - [06/Aug/2024 11:34:55] "GET /api/data HTTP/1.1" 200 -
10.100.140.241 - - [06/Aug/2024 11:34:55] "GET /api/data HTTP/1.1" 200 -
10.100.140.241 - - [06/Aug/2024 11:35:18] "[33mOPTIONS /api/api/update_revenue_status HTTP/1.1[0m" 404 -
10.100.140.241 - - [06/Aug/2024 11:35:31] "[33mOPTIONS /api/api/update_revenue_status HTTP/1.1[0m" 404 -
10.100.140.241 - - [06/Aug/2024 11:36:06] "[33mOPTIONS /api/api/update_revenue_status HTTP/1.1[0m" 404 -
10.100.140.241 - - [06/Aug/2024 11:39:45] "OPTIONS /api/data HTTP/1.1" 200 -
10.100.140.241 - - [06/Aug/2024 11:39:45] "GET /api/data HTTP/1.1" 200 -
10.100.140.241 - - [06/Aug/2024 11:53:01] "OPTIONS /api/data HTTP/1.1" 200 -
10.100.140.241 - - [06/Aug/2024 11:53:01] "GET /api/data HTTP/1.1" 200 -
10.100.140.241 - - [06/Aug/2024 11:54:24] "OPTIONS /api/update_revenue_status HTTP/1.1" 200 -
10.100.140.241 - - [06/Aug/2024 11:54:24] "[35m[1mPOST /api/update_revenue_status HTTP/1.1[0m" 500 -
Traceback (most recent call last):
  File "/home/administrator/flask/myenv/lib/python3.8/site-packages/flask/app.py", line 1498, in __call__
    return self.wsgi_app(environ, start_response)
  File "/home/administrator/flask/myenv/lib/python3.8/site-packages/flask/app.py", line 1476, in wsgi_app
    response = self.handle_exception(e)
  File "/home/administrator/flask/myenv/lib/python3.8/site-packages/flask_cors/extension.py", line 178, in wrapped_function
    return cors_after_request(app.make_response(f(*args, **kwargs)))
  File "/home/administrator/flask/myenv/lib/python3.8/site-packages/flask/app.py", line 1473, in wsgi_app
    response = self.full_dispatch_request()
  File "/home/administrator/flask/myenv/lib/python3.8/site-packages/flask/app.py", line 882, in full_dispatch_request
    rv = self.handle_user_exception(e)
  File "/home/administrator/flask/myenv/lib/python3.8/site-packages/flask_cors/extension.py", line 178, in wrapped_function
    return cors_after_request(app.make_response(f(*args, **kwargs)))
  File "/home/administrator/flask/myenv/lib/python3.8/site-packages/flask/app.py", line 880, in full_dispatch_request
    rv = self.dispatch_request()
  File "/home/administrator/flask/myenv/lib/python3.8/site-packages/flask/app.py", line 865, in dispatch_request
    return self.ensure_sync(self.view_functions[rule.endpoint])(**view_args)  # type: ignore[no-any-return]
  File "/home/administrator/flask/myenv/lib/python3.8/site-packages/flask_jwt_extended/view_decorators.py", line 170, in decorator
    return current_app.ensure_sync(fn)(*args, **kwargs)
  File "/home/administrator/flask/app2.py", line 215, in decorator
    return fn(*args, **kwargs)
  File "/home/administrator/flask/app2.py", line 495, in update_revenue_status
    eod_item = EODDump.query.get(item['seed'])
KeyError: 'seed'
10.100.140.241 - - [06/Aug/2024 11:56:49] "[33mOPTIONS /api HTTP/1.1[0m" 404 -
10.100.140.241 - - [06/Aug/2024 11:56:49] "[33mOPTIONS /api HTTP/1.1[0m" 404 -
10.100.140.241 - - [06/Aug/2024 11:56:56] "[33mOPTIONS /api HTTP/1.1[0m" 404 -
10.100.140.241 - - [06/Aug/2024 11:56:56] "[33mOPTIONS /api HTTP/1.1[0m" 404 -
10.100.140.241 - - [06/Aug/2024 11:57:02] "OPTIONS /api/data HTTP/1.1" 200 -
10.100.140.241 - - [06/Aug/2024 11:57:02] "OPTIONS /api/data HTTP/1.1" 200 -
10.100.140.241 - - [06/Aug/2024 11:57:02] "GET /api/data HTTP/1.1" 200 -
10.100.140.241 - - [06/Aug/2024 11:57:03] "GET /api/data HTTP/1.1" 200 -
10.100.140.241 - - [06/Aug/2024 11:57:12] "OPTIONS /api/login HTTP/1.1" 200 -
10.100.140.241 - - [06/Aug/2024 11:57:13] "POST /api/login HTTP/1.1" 200 -
10.100.140.241 - - [06/Aug/2024 11:57:13] "OPTIONS /api/data HTTP/1.1" 200 -
10.100.140.241 - - [06/Aug/2024 11:57:13] "OPTIONS /api/data HTTP/1.1" 200 -
10.100.140.241 - - [06/Aug/2024 11:57:13] "GET /api/data HTTP/1.1" 200 -
10.100.140.241 - - [06/Aug/2024 11:57:14] "GET /api/data HTTP/1.1" 200 -
10.100.140.241 - - [06/Aug/2024 11:57:17] "[33mOPTIONS /api HTTP/1.1[0m" 404 -
10.100.140.241 - - [06/Aug/2024 11:57:17] "[33mOPTIONS /api HTTP/1.1[0m" 404 -
10.100.140.241 - - [06/Aug/2024 11:59:03] "OPTIONS /api/data HTTP/1.1" 200 -
10.100.140.241 - - [06/Aug/2024 11:59:03] "OPTIONS /api/data HTTP/1.1" 200 -
10.100.140.241 - - [06/Aug/2024 11:59:04] "GET /api/data HTTP/1.1" 200 -
10.100.140.241 - - [06/Aug/2024 11:59:04] "GET /api/data HTTP/1.1" 200 -
10.100.140.241 - - [06/Aug/2024 11:59:07] "GET /api/data HTTP/1.1" 200 -
10.100.140.241 - - [06/Aug/2024 11:59:08] "GET /api/data HTTP/1.1" 200 -
10.100.140.241 - - [06/Aug/2024 12:02:09] "OPTIONS /api/data HTTP/1.1" 200 -
10.100.140.241 - - [06/Aug/2024 12:02:09] "GET /api/data HTTP/1.1" 200 -
10.100.140.241 - - [06/Aug/2024 12:03:47] "OPTIONS /api/update_revenue_status HTTP/1.1" 200 -
10.100.140.241 - - [06/Aug/2024 12:03:47] "POST /api/update_revenue_status HTTP/1.1" 200 -
10.100.140.241 - - [06/Aug/2024 12:03:50] "POST /api/update_revenue_status HTTP/1.1" 200 -
10.100.140.241 - - [06/Aug/2024 12:04:04] "OPTIONS /api/update_revenue_status HTTP/1.1" 200 -
10.100.140.241 - - [06/Aug/2024 12:04:04] "POST /api/update_revenue_status HTTP/1.1" 200 -
10.100.140.241 - - [06/Aug/2024 12:04:10] "OPTIONS /api/data HTTP/1.1" 200 -
10.100.140.241 - - [06/Aug/2024 12:04:10] "OPTIONS /api/data HTTP/1.1" 200 -
10.100.140.241 - - [06/Aug/2024 12:04:10] "GET /api/data HTTP/1.1" 200 -
10.100.140.241 - - [06/Aug/2024 12:04:11] "GET /api/data HTTP/1.1" 200 -
10.100.140.241 - - [06/Aug/2024 12:29:20] "OPTIONS /api/data HTTP/1.1" 200 -
10.100.140.241 - - [06/Aug/2024 12:29:20] "OPTIONS /api/data HTTP/1.1" 200 -
10.100.140.241 - - [06/Aug/2024 12:29:20] "GET /api/data HTTP/1.1" 200 -
10.100.140.241 - - [06/Aug/2024 12:29:20] "GET /api/data HTTP/1.1" 200 -
10.100.140.241 - - [06/Aug/2024 12:29:24] "GET /api/data HTTP/1.1" 200 -
10.100.140.241 - - [06/Aug/2024 12:29:24] "GET /api/data HTTP/1.1" 200 -
10.100.140.241 - - [06/Aug/2024 12:29:49] "OPTIONS /api/update_revenue_status HTTP/1.1" 200 -
10.100.140.241 - - [06/Aug/2024 12:29:49] "POST /api/update_revenue_status HTTP/1.1" 200 -
10.100.140.241 - - [06/Aug/2024 12:29:53] "OPTIONS /api/data HTTP/1.1" 200 -
10.100.140.241 - - [06/Aug/2024 12:29:54] "OPTIONS /api/data HTTP/1.1" 200 -
10.100.140.241 - - [06/Aug/2024 12:29:54] "GET /api/data HTTP/1.1" 200 -
10.100.140.241 - - [06/Aug/2024 12:29:54] "GET /api/data HTTP/1.1" 200 -
10.100.140.241 - - [06/Aug/2024 12:30:09] "OPTIONS /api/data HTTP/1.1" 200 -
10.100.140.241 - - [06/Aug/2024 12:30:09] "OPTIONS /api/data HTTP/1.1" 200 -
10.100.140.241 - - [06/Aug/2024 12:30:09] "GET /api/data HTTP/1.1" 200 -
10.100.140.241 - - [06/Aug/2024 12:30:09] "GET /api/data HTTP/1.1" 200 -
10.100.140.241 - - [06/Aug/2024 12:34:31] "OPTIONS /api/data HTTP/1.1" 200 -
10.100.140.241 - - [06/Aug/2024 12:34:31] "OPTIONS /api/data HTTP/1.1" 200 -
10.100.140.241 - - [06/Aug/2024 12:34:32] "GET /api/data HTTP/1.1" 200 -
10.100.140.241 - - [06/Aug/2024 12:34:32] "GET /api/data HTTP/1.1" 200 -
10.100.140.241 - - [06/Aug/2024 12:37:28] "OPTIONS /api/data HTTP/1.1" 200 -
10.100.140.241 - - [06/Aug/2024 12:37:28] "GET /api/data HTTP/1.1" 200 -
10.100.140.241 - - [06/Aug/2024 12:37:34] "OPTIONS /api/data HTTP/1.1" 200 -
10.100.140.241 - - [06/Aug/2024 12:37:34] "OPTIONS /api/data HTTP/1.1" 200 -
10.100.140.241 - - [06/Aug/2024 12:37:34] "GET /api/data HTTP/1.1" 200 -
10.100.140.241 - - [06/Aug/2024 12:37:34] "GET /api/data HTTP/1.1" 200 -
10.100.140.241 - - [06/Aug/2024 12:38:22] "OPTIONS /api/update_revenue_status HTTP/1.1" 200 -
10.100.140.241 - - [06/Aug/2024 12:38:22] "POST /api/update_revenue_status HTTP/1.1" 200 -
10.100.140.241 - - [06/Aug/2024 12:39:22] "OPTIONS /api/data HTTP/1.1" 200 -
10.100.140.241 - - [06/Aug/2024 12:39:22] "OPTIONS /api/data HTTP/1.1" 200 -
10.100.140.241 - - [06/Aug/2024 12:39:22] "GET /api/data HTTP/1.1" 200 -
10.100.140.241 - - [06/Aug/2024 12:39:22] "GET /api/data HTTP/1.1" 200 -
10.100.140.241 - - [06/Aug/2024 12:39:29] "OPTIONS /api/data HTTP/1.1" 200 -
10.100.140.241 - - [06/Aug/2024 12:39:29] "OPTIONS /api/data HTTP/1.1" 200 -
10.100.140.241 - - [06/Aug/2024 12:39:29] "GET /api/data HTTP/1.1" 200 -
10.100.140.241 - - [06/Aug/2024 12:39:30] "GET /api/data HTTP/1.1" 200 -
10.100.140.241 - - [06/Aug/2024 12:39:48] "OPTIONS /api/data HTTP/1.1" 200 -
10.100.140.241 - - [06/Aug/2024 12:39:48] "OPTIONS /api/data HTTP/1.1" 200 -
10.100.140.241 - - [06/Aug/2024 12:39:48] "GET /api/data HTTP/1.1" 200 -
10.100.140.241 - - [06/Aug/2024 12:39:48] "GET /api/data HTTP/1.1" 200 -
10.100.140.241 - - [06/Aug/2024 12:40:09] "OPTIONS /api/data HTTP/1.1" 200 -
10.100.140.241 - - [06/Aug/2024 12:40:09] "OPTIONS /api/data HTTP/1.1" 200 -
10.100.140.241 - - [06/Aug/2024 12:40:09] "GET /api/data HTTP/1.1" 200 -
10.100.140.241 - - [06/Aug/2024 12:40:09] "GET /api/data HTTP/1.1" 200 -
10.100.140.241 - - [06/Aug/2024 12:40:30] "OPTIONS /api/update_revenue_status HTTP/1.1" 200 -
10.100.140.241 - - [06/Aug/2024 12:40:30] "[35m[1mPOST /api/update_revenue_status HTTP/1.1[0m" 500 -
Traceback (most recent call last):
  File "/home/administrator/flask/myenv/lib/python3.8/site-packages/flask/app.py", line 1498, in __call__
    return self.wsgi_app(environ, start_response)
  File "/home/administrator/flask/myenv/lib/python3.8/site-packages/flask/app.py", line 1476, in wsgi_app
    response = self.handle_exception(e)
  File "/home/administrator/flask/myenv/lib/python3.8/site-packages/flask_cors/extension.py", line 178, in wrapped_function
    return cors_after_request(app.make_response(f(*args, **kwargs)))
  File "/home/administrator/flask/myenv/lib/python3.8/site-packages/flask/app.py", line 1473, in wsgi_app
    response = self.full_dispatch_request()
  File "/home/administrator/flask/myenv/lib/python3.8/site-packages/flask/app.py", line 882, in full_dispatch_request
    rv = self.handle_user_exception(e)
  File "/home/administrator/flask/myenv/lib/python3.8/site-packages/flask_cors/extension.py", line 178, in wrapped_function
    return cors_after_request(app.make_response(f(*args, **kwargs)))
  File "/home/administrator/flask/myenv/lib/python3.8/site-packages/flask/app.py", line 880, in full_dispatch_request
    rv = self.dispatch_request()
  File "/home/administrator/flask/myenv/lib/python3.8/site-packages/flask/app.py", line 865, in dispatch_request
    return self.ensure_sync(self.view_functions[rule.endpoint])(**view_args)  # type: ignore[no-any-return]
  File "/home/administrator/flask/myenv/lib/python3.8/site-packages/flask_jwt_extended/view_decorators.py", line 170, in decorator
    return current_app.ensure_sync(fn)(*args, **kwargs)
  File "/home/administrator/flask/app2.py", line 215, in decorator
    return fn(*args, **kwargs)
  File "/home/administrator/flask/app2.py", line 495, in update_revenue_status
    eod_item = EODDump.query.get(item['seed'])
KeyError: 'seed'
10.100.140.241 - - [06/Aug/2024 12:40:58] "OPTIONS /api/update_revenue_status HTTP/1.1" 200 -
10.100.140.241 - - [06/Aug/2024 12:40:58] "[35m[1mPOST /api/update_revenue_status HTTP/1.1[0m" 500 -
Traceback (most recent call last):
  File "/home/administrator/flask/myenv/lib/python3.8/site-packages/flask/app.py", line 1498, in __call__
    return self.wsgi_app(environ, start_response)
  File "/home/administrator/flask/myenv/lib/python3.8/site-packages/flask/app.py", line 1476, in wsgi_app
    response = self.handle_exception(e)
  File "/home/administrator/flask/myenv/lib/python3.8/site-packages/flask_cors/extension.py", line 178, in wrapped_function
    return cors_after_request(app.make_response(f(*args, **kwargs)))
  File "/home/administrator/flask/myenv/lib/python3.8/site-packages/flask/app.py", line 1473, in wsgi_app
    response = self.full_dispatch_request()
  File "/home/administrator/flask/myenv/lib/python3.8/site-packages/flask/app.py", line 882, in full_dispatch_request
    rv = self.handle_user_exception(e)
  File "/home/administrator/flask/myenv/lib/python3.8/site-packages/flask_cors/extension.py", line 178, in wrapped_function
    return cors_after_request(app.make_response(f(*args, **kwargs)))
  File "/home/administrator/flask/myenv/lib/python3.8/site-packages/flask/app.py", line 880, in full_dispatch_request
    rv = self.dispatch_request()
  File "/home/administrator/flask/myenv/lib/python3.8/site-packages/flask/app.py", line 865, in dispatch_request
    return self.ensure_sync(self.view_functions[rule.endpoint])(**view_args)  # type: ignore[no-any-return]
  File "/home/administrator/flask/myenv/lib/python3.8/site-packages/flask_jwt_extended/view_decorators.py", line 170, in decorator
    return current_app.ensure_sync(fn)(*args, **kwargs)
  File "/home/administrator/flask/app2.py", line 215, in decorator
    return fn(*args, **kwargs)
  File "/home/administrator/flask/app2.py", line 495, in update_revenue_status
    eod_item = EODDump.query.get(item['seed'])
KeyError: 'seed'
 * Detected change in '/home/administrator/flask/app2.py', reloading
 * Restarting with stat
 * Debugger is active!
 * Debugger PIN: 250-402-423
 * Detected change in '/home/administrator/flask/app2.py', reloading
 * Restarting with stat
 * Debugger is active!
 * Debugger PIN: 250-402-423
10.100.140.241 - - [06/Aug/2024 13:08:41] "POST /api/login HTTP/1.1" 200 -
10.100.140.241 - - [06/Aug/2024 13:08:51] "OPTIONS /api/update_revenue_status HTTP/1.1" 200 -
10.100.140.241 - - [06/Aug/2024 13:08:52] "[31m[1mPOST /api/update_revenue_status HTTP/1.1[0m" 401 -
10.100.140.241 - - [06/Aug/2024 13:09:01] "[35m[1mGET /api/data?Seed=121822 HTTP/1.1[0m" 500 -
Traceback (most recent call last):
  File "/home/administrator/flask/myenv/lib/python3.8/site-packages/flask/app.py", line 1498, in __call__
    return self.wsgi_app(environ, start_response)
  File "/home/administrator/flask/myenv/lib/python3.8/site-packages/flask/app.py", line 1476, in wsgi_app
    response = self.handle_exception(e)
  File "/home/administrator/flask/myenv/lib/python3.8/site-packages/flask_cors/extension.py", line 178, in wrapped_function
    return cors_after_request(app.make_response(f(*args, **kwargs)))
  File "/home/administrator/flask/myenv/lib/python3.8/site-packages/flask/app.py", line 1473, in wsgi_app
    response = self.full_dispatch_request()
  File "/home/administrator/flask/myenv/lib/python3.8/site-packages/flask/app.py", line 882, in full_dispatch_request
    rv = self.handle_user_exception(e)
  File "/home/administrator/flask/myenv/lib/python3.8/site-packages/flask_cors/extension.py", line 178, in wrapped_function
    return cors_after_request(app.make_response(f(*args, **kwargs)))
  File "/home/administrator/flask/myenv/lib/python3.8/site-packages/flask/app.py", line 880, in full_dispatch_request
    rv = self.dispatch_request()
  File "/home/administrator/flask/myenv/lib/python3.8/site-packages/flask/app.py", line 865, in dispatch_request
    return self.ensure_sync(self.view_functions[rule.endpoint])(**view_args)  # type: ignore[no-any-return]
  File "/home/administrator/flask/myenv/lib/python3.8/site-packages/flask_jwt_extended/view_decorators.py", line 170, in decorator
    return current_app.ensure_sync(fn)(*args, **kwargs)
  File "/home/administrator/flask/app2.py", line 215, in decorator
    return fn(*args, **kwargs)
  File "/home/administrator/flask/app2.py", line 469, in get_data
    'data': [{
  File "/home/administrator/flask/app2.py", line 471, in <listcomp>
    'revenue_generating_entity': item.user_revenue.revenue_generating_entity if item.user_revenue else None
AttributeError: 'EODDump' object has no attribute 'user_revenue'
10.100.140.241 - - [06/Aug/2024 13:09:25] "OPTIONS /api/data HTTP/1.1" 200 -
10.100.140.241 - - [06/Aug/2024 13:09:25] "OPTIONS /api/data HTTP/1.1" 200 -
10.100.140.241 - - [06/Aug/2024 13:09:25] "[31m[1mGET /api/data HTTP/1.1[0m" 401 -
10.100.140.241 - - [06/Aug/2024 13:09:26] "[31m[1mGET /api/data HTTP/1.1[0m" 401 -
10.100.140.241 - - [06/Aug/2024 13:09:28] "[31m[1mGET /api/data HTTP/1.1[0m" 401 -
10.100.140.241 - - [06/Aug/2024 13:09:28] "[31m[1mGET /api/data HTTP/1.1[0m" 401 -
10.100.140.241 - - [06/Aug/2024 13:09:29] "[31m[1mGET /api/data HTTP/1.1[0m" 401 -
10.100.140.241 - - [06/Aug/2024 13:09:29] "[31m[1mGET /api/data HTTP/1.1[0m" 401 -
10.100.140.241 - - [06/Aug/2024 13:09:30] "[31m[1mGET /api/data HTTP/1.1[0m" 401 -
10.100.140.241 - - [06/Aug/2024 13:09:30] "[31m[1mGET /api/data HTTP/1.1[0m" 401 -
10.100.140.241 - - [06/Aug/2024 13:09:31] "OPTIONS /api/data HTTP/1.1" 200 -
10.100.140.241 - - [06/Aug/2024 13:09:31] "OPTIONS /api/data HTTP/1.1" 200 -
10.100.140.241 - - [06/Aug/2024 13:09:31] "OPTIONS /api/data HTTP/1.1" 200 -
10.100.140.241 - - [06/Aug/2024 13:09:31] "OPTIONS /api/data HTTP/1.1" 200 -
10.100.140.241 - - [06/Aug/2024 13:09:31] "[31m[1mGET /api/data HTTP/1.1[0m" 401 -
10.100.140.241 - - [06/Aug/2024 13:09:31] "[31m[1mGET /api/data HTTP/1.1[0m" 401 -
10.100.140.241 - - [06/Aug/2024 13:09:31] "[31m[1mGET /api/data HTTP/1.1[0m" 401 -
10.100.140.241 - - [06/Aug/2024 13:09:32] "[31m[1mGET /api/data HTTP/1.1[0m" 401 -
10.100.140.241 - - [06/Aug/2024 13:09:32] "[31m[1mGET /api/data HTTP/1.1[0m" 401 -
10.100.140.241 - - [06/Aug/2024 13:09:32] "[31m[1mGET /api/data HTTP/1.1[0m" 401 -
10.100.140.241 - - [06/Aug/2024 13:09:32] "[31m[1mGET /api/data HTTP/1.1[0m" 401 -
10.100.140.241 - - [06/Aug/2024 13:09:32] "[31m[1mGET /api/data HTTP/1.1[0m" 401 -
10.100.140.241 - - [06/Aug/2024 13:09:32] "[31m[1mGET /api/data HTTP/1.1[0m" 401 -
10.100.140.241 - - [06/Aug/2024 13:09:33] "[31m[1mGET /api/data HTTP/1.1[0m" 401 -
10.100.140.241 - - [06/Aug/2024 13:09:42] "OPTIONS /api/login HTTP/1.1" 200 -
10.100.140.241 - - [06/Aug/2024 13:09:42] "POST /api/login HTTP/1.1" 200 -
10.100.140.241 - - [06/Aug/2024 13:09:43] "OPTIONS /api/data HTTP/1.1" 200 -
10.100.140.241 - - [06/Aug/2024 13:09:43] "OPTIONS /api/data HTTP/1.1" 200 -
10.100.140.241 - - [06/Aug/2024 13:09:43] "[35m[1mGET /api/data HTTP/1.1[0m" 500 -
Traceback (most recent call last):
  File "/home/administrator/flask/myenv/lib/python3.8/site-packages/flask/app.py", line 1498, in __call__
    return self.wsgi_app(environ, start_response)
  File "/home/administrator/flask/myenv/lib/python3.8/site-packages/flask/app.py", line 1476, in wsgi_app
    response = self.handle_exception(e)
  File "/home/administrator/flask/myenv/lib/python3.8/site-packages/flask_cors/extension.py", line 178, in wrapped_function
    return cors_after_request(app.make_response(f(*args, **kwargs)))
  File "/home/administrator/flask/myenv/lib/python3.8/site-packages/flask/app.py", line 1473, in wsgi_app
    response = self.full_dispatch_request()
  File "/home/administrator/flask/myenv/lib/python3.8/site-packages/flask/app.py", line 882, in full_dispatch_request
    rv = self.handle_user_exception(e)
  File "/home/administrator/flask/myenv/lib/python3.8/site-packages/flask_cors/extension.py", line 178, in wrapped_function
    return cors_after_request(app.make_response(f(*args, **kwargs)))
  File "/home/administrator/flask/myenv/lib/python3.8/site-packages/flask/app.py", line 880, in full_dispatch_request
    rv = self.dispatch_request()
  File "/home/administrator/flask/myenv/lib/python3.8/site-packages/flask/app.py", line 865, in dispatch_request
    return self.ensure_sync(self.view_functions[rule.endpoint])(**view_args)  # type: ignore[no-any-return]
  File "/home/administrator/flask/myenv/lib/python3.8/site-packages/flask_jwt_extended/view_decorators.py", line 170, in decorator
    return current_app.ensure_sync(fn)(*args, **kwargs)
  File "/home/administrator/flask/app2.py", line 215, in decorator
    return fn(*args, **kwargs)
  File "/home/administrator/flask/app2.py", line 469, in get_data
    'data': [{
  File "/home/administrator/flask/app2.py", line 471, in <listcomp>
    'revenue_generating_entity': item.user_revenue.revenue_generating_entity if item.user_revenue else None
AttributeError: 'EODDump' object has no attribute 'user_revenue'
10.100.140.241 - - [06/Aug/2024 13:09:43] "[35m[1mGET /api/data HTTP/1.1[0m" 500 -
Traceback (most recent call last):
  File "/home/administrator/flask/myenv/lib/python3.8/site-packages/flask/app.py", line 1498, in __call__
    return self.wsgi_app(environ, start_response)
  File "/home/administrator/flask/myenv/lib/python3.8/site-packages/flask/app.py", line 1476, in wsgi_app
    response = self.handle_exception(e)
  File "/home/administrator/flask/myenv/lib/python3.8/site-packages/flask_cors/extension.py", line 178, in wrapped_function
    return cors_after_request(app.make_response(f(*args, **kwargs)))
  File "/home/administrator/flask/myenv/lib/python3.8/site-packages/flask/app.py", line 1473, in wsgi_app
    response = self.full_dispatch_request()
  File "/home/administrator/flask/myenv/lib/python3.8/site-packages/flask/app.py", line 882, in full_dispatch_request
    rv = self.handle_user_exception(e)
  File "/home/administrator/flask/myenv/lib/python3.8/site-packages/flask_cors/extension.py", line 178, in wrapped_function
    return cors_after_request(app.make_response(f(*args, **kwargs)))
  File "/home/administrator/flask/myenv/lib/python3.8/site-packages/flask/app.py", line 880, in full_dispatch_request
    rv = self.dispatch_request()
  File "/home/administrator/flask/myenv/lib/python3.8/site-packages/flask/app.py", line 865, in dispatch_request
    return self.ensure_sync(self.view_functions[rule.endpoint])(**view_args)  # type: ignore[no-any-return]
  File "/home/administrator/flask/myenv/lib/python3.8/site-packages/flask_jwt_extended/view_decorators.py", line 170, in decorator
    return current_app.ensure_sync(fn)(*args, **kwargs)
  File "/home/administrator/flask/app2.py", line 215, in decorator
    return fn(*args, **kwargs)
  File "/home/administrator/flask/app2.py", line 469, in get_data
    'data': [{
  File "/home/administrator/flask/app2.py", line 471, in <listcomp>
    'revenue_generating_entity': item.user_revenue.revenue_generating_entity if item.user_revenue else None
AttributeError: 'EODDump' object has no attribute 'user_revenue'
10.100.140.241 - - [06/Aug/2024 13:11:11] "OPTIONS /api/data HTTP/1.1" 200 -
10.100.140.241 - - [06/Aug/2024 13:11:11] "OPTIONS /api/data HTTP/1.1" 200 -
10.100.140.241 - - [06/Aug/2024 13:11:12] "[35m[1mGET /api/data HTTP/1.1[0m" 500 -
Traceback (most recent call last):
  File "/home/administrator/flask/myenv/lib/python3.8/site-packages/flask/app.py", line 1498, in __call__
    return self.wsgi_app(environ, start_response)
  File "/home/administrator/flask/myenv/lib/python3.8/site-packages/flask/app.py", line 1476, in wsgi_app
    response = self.handle_exception(e)
  File "/home/administrator/flask/myenv/lib/python3.8/site-packages/flask_cors/extension.py", line 178, in wrapped_function
    return cors_after_request(app.make_response(f(*args, **kwargs)))
  File "/home/administrator/flask/myenv/lib/python3.8/site-packages/flask/app.py", line 1473, in wsgi_app
    response = self.full_dispatch_request()
  File "/home/administrator/flask/myenv/lib/python3.8/site-packages/flask/app.py", line 882, in full_dispatch_request
    rv = self.handle_user_exception(e)
  File "/home/administrator/flask/myenv/lib/python3.8/site-packages/flask_cors/extension.py", line 178, in wrapped_function
    return cors_after_request(app.make_response(f(*args, **kwargs)))
  File "/home/administrator/flask/myenv/lib/python3.8/site-packages/flask/app.py", line 880, in full_dispatch_request
    rv = self.dispatch_request()
  File "/home/administrator/flask/myenv/lib/python3.8/site-packages/flask/app.py", line 865, in dispatch_request
    return self.ensure_sync(self.view_functions[rule.endpoint])(**view_args)  # type: ignore[no-any-return]
  File "/home/administrator/flask/myenv/lib/python3.8/site-packages/flask_jwt_extended/view_decorators.py", line 170, in decorator
    return current_app.ensure_sync(fn)(*args, **kwargs)
  File "/home/administrator/flask/app2.py", line 215, in decorator
    return fn(*args, **kwargs)
  File "/home/administrator/flask/app2.py", line 469, in get_data
    'data': [{
  File "/home/administrator/flask/app2.py", line 471, in <listcomp>
    'revenue_generating_entity': item.user_revenue.revenue_generating_entity if item.user_revenue else None
AttributeError: 'EODDump' object has no attribute 'user_revenue'
10.100.140.241 - - [06/Aug/2024 13:11:12] "[35m[1mGET /api/data HTTP/1.1[0m" 500 -
Traceback (most recent call last):
  File "/home/administrator/flask/myenv/lib/python3.8/site-packages/flask/app.py", line 1498, in __call__
    return self.wsgi_app(environ, start_response)
  File "/home/administrator/flask/myenv/lib/python3.8/site-packages/flask/app.py", line 1476, in wsgi_app
    response = self.handle_exception(e)
  File "/home/administrator/flask/myenv/lib/python3.8/site-packages/flask_cors/extension.py", line 178, in wrapped_function
    return cors_after_request(app.make_response(f(*args, **kwargs)))
  File "/home/administrator/flask/myenv/lib/python3.8/site-packages/flask/app.py", line 1473, in wsgi_app
    response = self.full_dispatch_request()
  File "/home/administrator/flask/myenv/lib/python3.8/site-packages/flask/app.py", line 882, in full_dispatch_request
    rv = self.handle_user_exception(e)
  File "/home/administrator/flask/myenv/lib/python3.8/site-packages/flask_cors/extension.py", line 178, in wrapped_function
    return cors_after_request(app.make_response(f(*args, **kwargs)))
  File "/home/administrator/flask/myenv/lib/python3.8/site-packages/flask/app.py", line 880, in full_dispatch_request
    rv = self.dispatch_request()
  File "/home/administrator/flask/myenv/lib/python3.8/site-packages/flask/app.py", line 865, in dispatch_request
    return self.ensure_sync(self.view_functions[rule.endpoint])(**view_args)  # type: ignore[no-any-return]
  File "/home/administrator/flask/myenv/lib/python3.8/site-packages/flask_jwt_extended/view_decorators.py", line 170, in decorator
    return current_app.ensure_sync(fn)(*args, **kwargs)
  File "/home/administrator/flask/app2.py", line 215, in decorator
    return fn(*args, **kwargs)
  File "/home/administrator/flask/app2.py", line 469, in get_data
    'data': [{
  File "/home/administrator/flask/app2.py", line 471, in <listcomp>
    'revenue_generating_entity': item.user_revenue.revenue_generating_entity if item.user_revenue else None
AttributeError: 'EODDump' object has no attribute 'user_revenue'
 * Detected change in '/home/administrator/flask/app2.py', reloading
 * Restarting with stat
 * Debugger is active!
 * Debugger PIN: 250-402-423
 * Detected change in '/home/administrator/flask/app2.py', reloading
 * Restarting with stat
 * Debugger is active!
 * Debugger PIN: 250-402-423
 * Detected change in '/home/administrator/flask/app3.py', reloading
 * Restarting with stat
 * Debugger is active!
 * Debugger PIN: 250-402-423
10.100.140.241 - - [06/Aug/2024 13:13:00] "OPTIONS /api/login HTTP/1.1" 200 -
10.100.140.241 - - [06/Aug/2024 13:13:00] "POST /api/login HTTP/1.1" 200 -
10.100.140.241 - - [06/Aug/2024 13:13:01] "OPTIONS /api/data HTTP/1.1" 200 -
10.100.140.241 - - [06/Aug/2024 13:13:01] "OPTIONS /api/data HTTP/1.1" 200 -
10.100.140.241 - - [06/Aug/2024 13:13:01] "GET /api/data HTTP/1.1" 200 -
10.100.140.241 - - [06/Aug/2024 13:13:01] "GET /api/data HTTP/1.1" 200 -
 * Detected change in '/home/administrator/flask/app3.py', reloading
 * Restarting with stat
 * Debugger is active!
 * Debugger PIN: 250-402-423
10.100.140.241 - - [06/Aug/2024 13:13:17] "OPTIONS /api/data HTTP/1.1" 200 -
10.100.140.241 - - [06/Aug/2024 13:13:17] "OPTIONS /api/data HTTP/1.1" 200 -
10.100.140.241 - - [06/Aug/2024 13:13:17] "GET /api/data HTTP/1.1" 200 -
10.100.140.241 - - [06/Aug/2024 13:13:17] "GET /api/data HTTP/1.1" 200 -
 * Detected change in '/home/administrator/flask/app3.py', reloading
 * Restarting with stat
 * Debugger is active!
 * Debugger PIN: 250-402-423
 * Detected change in '/home/administrator/flask/app3.py', reloading
 * Restarting with stat
 * Debugger is active!
 * Debugger PIN: 250-402-423
10.100.140.241 - - [06/Aug/2024 13:17:14] "OPTIONS /api/data HTTP/1.1" 200 -
10.100.140.241 - - [06/Aug/2024 13:17:14] "GET /api/data HTTP/1.1" 200 -
10.100.140.241 - - [06/Aug/2024 13:17:26] "OPTIONS /api/data HTTP/1.1" 200 -
10.100.140.241 - - [06/Aug/2024 13:17:26] "OPTIONS /api/data HTTP/1.1" 200 -
10.100.140.241 - - [06/Aug/2024 13:17:26] "GET /api/data HTTP/1.1" 200 -
10.100.140.241 - - [06/Aug/2024 13:17:26] "GET /api/data HTTP/1.1" 200 -
10.100.140.241 - - [06/Aug/2024 13:17:36] "OPTIONS /api/update_revenue_status HTTP/1.1" 200 -
10.100.140.241 - - [06/Aug/2024 13:17:36] "POST /api/update_revenue_status HTTP/1.1" 200 -
10.100.140.241 - - [06/Aug/2024 13:17:39] "POST /api/update_revenue_status HTTP/1.1" 200 -
10.100.140.241 - - [06/Aug/2024 13:17:45] "OPTIONS /api/update_revenue_status HTTP/1.1" 200 -
10.100.140.241 - - [06/Aug/2024 13:17:45] "POST /api/update_revenue_status HTTP/1.1" 200 -
 * Detected change in '/home/administrator/flask/app3.py', reloading
 * Restarting with stat
 * Debugger is active!
 * Debugger PIN: 250-402-423
 * Detected change in '/home/administrator/flask/app3.py', reloading
 * Restarting with stat
 * Debugger is active!
 * Debugger PIN: 250-402-423
 * Detected change in '/home/administrator/flask/app3.py', reloading
 * Restarting with stat
 * Debugger is active!
 * Debugger PIN: 250-402-423
10.100.140.241 - - [06/Aug/2024 13:21:10] "OPTIONS /api/data HTTP/1.1" 200 -
10.100.140.241 - - [06/Aug/2024 13:21:10] "GET /api/data HTTP/1.1" 200 -
10.100.140.241 - - [06/Aug/2024 13:21:16] "OPTIONS /api/data HTTP/1.1" 200 -
10.100.140.241 - - [06/Aug/2024 13:21:16] "OPTIONS /api/data HTTP/1.1" 200 -
10.100.140.241 - - [06/Aug/2024 13:21:16] "GET /api/data HTTP/1.1" 200 -
10.100.140.241 - - [06/Aug/2024 13:21:16] "GET /api/data HTTP/1.1" 200 -
10.100.140.241 - - [06/Aug/2024 13:21:39] "OPTIONS /api/update_revenue_status HTTP/1.1" 200 -
10.100.140.241 - - [06/Aug/2024 13:21:39] "POST /api/update_revenue_status HTTP/1.1" 200 -
10.100.140.241 - - [06/Aug/2024 13:23:24] "OPTIONS /api/data HTTP/1.1" 200 -
10.100.140.241 - - [06/Aug/2024 13:23:24] "GET /api/data HTTP/1.1" 200 -
10.100.140.241 - - [06/Aug/2024 13:23:37] "OPTIONS /api/data HTTP/1.1" 200 -
10.100.140.241 - - [06/Aug/2024 13:23:37] "OPTIONS /api/data HTTP/1.1" 200 -
10.100.140.241 - - [06/Aug/2024 13:23:37] "GET /api/data HTTP/1.1" 200 -
10.100.140.241 - - [06/Aug/2024 13:23:38] "GET /api/data HTTP/1.1" 200 -
10.100.140.241 - - [06/Aug/2024 13:24:20] "OPTIONS /api/update_revenue_status HTTP/1.1" 200 -
10.100.140.241 - - [06/Aug/2024 13:24:21] "POST /api/update_revenue_status HTTP/1.1" 200 -
 * Detected change in '/home/administrator/flask/app3.py', reloading
 * Restarting with stat
 * Debugger is active!
 * Debugger PIN: 250-402-423
 * Detected change in '/home/administrator/flask/app3.py', reloading
 * Restarting with stat
 * Debugger is active!
 * Debugger PIN: 250-402-423
 * Detected change in '/home/administrator/flask/app3.py', reloading
 * Restarting with stat
 * Debugger is active!
 * Debugger PIN: 250-402-423
10.100.140.241 - - [06/Aug/2024 13:30:18] "OPTIONS /api/data HTTP/1.1" 200 -
10.100.140.241 - - [06/Aug/2024 13:30:18] "GET /api/data HTTP/1.1" 200 -
10.100.140.241 - - [06/Aug/2024 13:30:23] "GET /api/data HTTP/1.1" 200 -
10.100.140.241 - - [06/Aug/2024 13:30:23] "GET /api/data HTTP/1.1" 200 -
 * Detected change in '/home/administrator/flask/migrations/env.py', reloading
 * Restarting with stat
 * Debugger is active!
 * Debugger PIN: 250-402-423
10.100.140.241 - - [06/Aug/2024 13:30:33] "OPTIONS /api/update_revenue_status HTTP/1.1" 200 -
10.100.140.241 - - [06/Aug/2024 13:30:33] "POST /api/update_revenue_status HTTP/1.1" 200 -
10.100.140.241 - - [06/Aug/2024 13:30:46] "OPTIONS /api/data HTTP/1.1" 200 -
10.100.140.241 - - [06/Aug/2024 13:30:46] "OPTIONS /api/data HTTP/1.1" 200 -
10.100.140.241 - - [06/Aug/2024 13:30:46] "GET /api/data HTTP/1.1" 200 -
10.100.140.241 - - [06/Aug/2024 13:30:46] "GET /api/data HTTP/1.1" 200 -
 * Detected change in '/home/administrator/flask/migrations/env.py', reloading
 * Restarting with stat
 * Debugger is active!
 * Debugger PIN: 250-402-423
 * Detected change in '/home/administrator/flask/migrations/env.py', reloading
 * Restarting with stat
 * Debugger is active!
 * Debugger PIN: 250-402-423
10.100.140.241 - - [06/Aug/2024 13:36:13] "OPTIONS /api/data HTTP/1.1" 200 -
10.100.140.241 - - [06/Aug/2024 13:36:13] "OPTIONS /api/data HTTP/1.1" 200 -
10.100.140.241 - - [06/Aug/2024 13:36:13] "GET /api/data HTTP/1.1" 200 -
10.100.140.241 - - [06/Aug/2024 13:36:13] "GET /api/data HTTP/1.1" 200 -
10.100.140.241 - - [06/Aug/2024 13:36:21] "OPTIONS /api/data HTTP/1.1" 200 -
10.100.140.241 - - [06/Aug/2024 13:36:21] "OPTIONS /api/data HTTP/1.1" 200 -
10.100.140.241 - - [06/Aug/2024 13:36:21] "GET /api/data HTTP/1.1" 200 -
10.100.140.241 - - [06/Aug/2024 13:36:21] "GET /api/data HTTP/1.1" 200 -
10.100.140.241 - - [06/Aug/2024 13:36:41] "OPTIONS /api/update_revenue_status HTTP/1.1" 200 -
10.100.140.241 - - [06/Aug/2024 13:36:41] "POST /api/update_revenue_status HTTP/1.1" 200 -
10.100.140.241 - - [06/Aug/2024 13:37:29] "OPTIONS /api/data HTTP/1.1" 200 -
10.100.140.241 - - [06/Aug/2024 13:37:29] "OPTIONS /api/data HTTP/1.1" 200 -
10.100.140.241 - - [06/Aug/2024 13:37:29] "GET /api/data HTTP/1.1" 200 -
10.100.140.241 - - [06/Aug/2024 13:37:29] "GET /api/data HTTP/1.1" 200 -
10.100.140.241 - - [06/Aug/2024 13:37:56] "[31m[1mPOST /api/update_revenue_status HTTP/1.1[0m" 401 -
10.100.140.241 - - [06/Aug/2024 13:38:04] "OPTIONS /api/data HTTP/1.1" 200 -
10.100.140.241 - - [06/Aug/2024 13:38:04] "OPTIONS /api/data HTTP/1.1" 200 -
10.100.140.241 - - [06/Aug/2024 13:38:04] "GET /api/data HTTP/1.1" 200 -
10.100.140.241 - - [06/Aug/2024 13:38:05] "GET /api/data HTTP/1.1" 200 -
10.100.140.241 - - [06/Aug/2024 13:38:11] "OPTIONS /api/data HTTP/1.1" 200 -
10.100.140.241 - - [06/Aug/2024 13:38:11] "OPTIONS /api/data HTTP/1.1" 200 -
10.100.140.241 - - [06/Aug/2024 13:38:11] "GET /api/data HTTP/1.1" 200 -
10.100.140.241 - - [06/Aug/2024 13:38:11] "GET /api/data HTTP/1.1" 200 -
 * Detected change in '/home/administrator/flask/app3.py', reloading
 * Restarting with stat
 * Debugger is active!
 * Debugger PIN: 250-402-423
 * Detected change in '/home/administrator/flask/app3.py', reloading
 * Restarting with stat
 * Debugger is active!
 * Debugger PIN: 250-402-423
10.100.140.241 - - [06/Aug/2024 13:39:28] "OPTIONS /api/data HTTP/1.1" 200 -
10.100.140.241 - - [06/Aug/2024 13:39:28] "GET /api/data HTTP/1.1" 200 -
10.100.140.241 - - [06/Aug/2024 13:39:37] "OPTIONS /api/data HTTP/1.1" 200 -
10.100.140.241 - - [06/Aug/2024 13:39:37] "OPTIONS /api/data HTTP/1.1" 200 -
10.100.140.241 - - [06/Aug/2024 13:39:37] "GET /api/data HTTP/1.1" 200 -
10.100.140.241 - - [06/Aug/2024 13:39:38] "GET /api/data HTTP/1.1" 200 -
10.100.140.241 - - [06/Aug/2024 13:39:53] "OPTIONS /api/data HTTP/1.1" 200 -
10.100.140.241 - - [06/Aug/2024 13:39:53] "OPTIONS /api/data HTTP/1.1" 200 -
 * Detected change in '/home/administrator/flask/app3.py', reloading
 * Restarting with stat
 * Debugger is active!
 * Debugger PIN: 250-402-423
10.100.140.241 - - [06/Aug/2024 13:39:54] "GET /api/data HTTP/1.1" 200 -
10.100.140.241 - - [06/Aug/2024 13:39:55] "GET /api/data HTTP/1.1" 200 -
 * Detected change in '/home/administrator/flask/app3.py', reloading
 * Restarting with stat
 * Debugger is active!
 * Debugger PIN: 250-402-423
10.100.140.241 - - [06/Aug/2024 13:40:14] "POST /api/login HTTP/1.1" 200 -
/home/administrator/flask/app2.py:531: LegacyAPIWarning: The Query.get() method is considered legacy as of the 1.x series of SQLAlchemy and becomes a legacy construct in 2.0. The method is now available as Session.get() (deprecated since: 2.0) (Background on SQLAlchemy 2.0 at: https://sqlalche.me/e/b8d9)
  eod_item = EODDump.query.get(item['seed'])
10.100.140.241 - - [06/Aug/2024 13:40:44] "POST /api/update_revenue_status HTTP/1.1" 200 -
10.100.140.241 - - [06/Aug/2024 13:41:16] "[31m[1mGET /api/data?Seed=3648 HTTP/1.1[0m" 401 -
10.100.140.241 - - [06/Aug/2024 13:41:25] "GET /api/data?Seed=3648 HTTP/1.1" 200 -
10.100.140.241 - - [06/Aug/2024 13:41:37] "OPTIONS /api/data HTTP/1.1" 200 -
10.100.140.241 - - [06/Aug/2024 13:41:37] "OPTIONS /api/data HTTP/1.1" 200 -
10.100.140.241 - - [06/Aug/2024 13:41:37] "GET /api/data HTTP/1.1" 200 -
10.100.140.241 - - [06/Aug/2024 13:41:37] "GET /api/data HTTP/1.1" 200 -
 * Detected change in '/home/administrator/flask/app3.py', reloading
 * Restarting with stat
 * Debugger is active!
 * Debugger PIN: 250-402-423
10.100.140.241 - - [06/Aug/2024 13:47:14] "OPTIONS /api/data HTTP/1.1" 200 -
10.100.140.241 - - [06/Aug/2024 13:47:14] "OPTIONS /api/data HTTP/1.1" 200 -
10.100.140.241 - - [06/Aug/2024 13:47:14] "GET /api/data HTTP/1.1" 200 -
10.100.140.241 - - [06/Aug/2024 13:47:14] "GET /api/data HTTP/1.1" 200 -
10.100.140.241 - - [06/Aug/2024 13:50:09] "OPTIONS /api/update_revenue_status HTTP/1.1" 200 -
10.100.140.241 - - [06/Aug/2024 13:50:09] "[35m[1mPOST /api/update_revenue_status HTTP/1.1[0m" 500 -
Traceback (most recent call last):
  File "/home/administrator/flask/myenv/lib/python3.8/site-packages/flask/app.py", line 1498, in __call__
    return self.wsgi_app(environ, start_response)
  File "/home/administrator/flask/myenv/lib/python3.8/site-packages/flask/app.py", line 1476, in wsgi_app
    response = self.handle_exception(e)
  File "/home/administrator/flask/myenv/lib/python3.8/site-packages/flask_cors/extension.py", line 178, in wrapped_function
    return cors_after_request(app.make_response(f(*args, **kwargs)))
  File "/home/administrator/flask/myenv/lib/python3.8/site-packages/flask/app.py", line 1473, in wsgi_app
    response = self.full_dispatch_request()
  File "/home/administrator/flask/myenv/lib/python3.8/site-packages/flask/app.py", line 882, in full_dispatch_request
    rv = self.handle_user_exception(e)
  File "/home/administrator/flask/myenv/lib/python3.8/site-packages/flask_cors/extension.py", line 178, in wrapped_function
    return cors_after_request(app.make_response(f(*args, **kwargs)))
  File "/home/administrator/flask/myenv/lib/python3.8/site-packages/flask/app.py", line 880, in full_dispatch_request
    rv = self.dispatch_request()
  File "/home/administrator/flask/myenv/lib/python3.8/site-packages/flask/app.py", line 865, in dispatch_request
    return self.ensure_sync(self.view_functions[rule.endpoint])(**view_args)  # type: ignore[no-any-return]
  File "/home/administrator/flask/myenv/lib/python3.8/site-packages/flask_jwt_extended/view_decorators.py", line 170, in decorator
    return current_app.ensure_sync(fn)(*args, **kwargs)
  File "/home/administrator/flask/app2.py", line 215, in decorator
    return fn(*args, **kwargs)
  File "/home/administrator/flask/app2.py", line 531, in update_revenue_status
    eod_item = EODDump.query.get(item['seed'])
KeyError: 'seed'
10.100.140.241 - - [06/Aug/2024 13:50:32] "OPTIONS /api/update_revenue_status HTTP/1.1" 200 -
10.100.140.241 - - [06/Aug/2024 13:50:32] "[35m[1mPOST /api/update_revenue_status HTTP/1.1[0m" 500 -
Traceback (most recent call last):
  File "/home/administrator/flask/myenv/lib/python3.8/site-packages/flask/app.py", line 1498, in __call__
    return self.wsgi_app(environ, start_response)
  File "/home/administrator/flask/myenv/lib/python3.8/site-packages/flask/app.py", line 1476, in wsgi_app
    response = self.handle_exception(e)
  File "/home/administrator/flask/myenv/lib/python3.8/site-packages/flask_cors/extension.py", line 178, in wrapped_function
    return cors_after_request(app.make_response(f(*args, **kwargs)))
  File "/home/administrator/flask/myenv/lib/python3.8/site-packages/flask/app.py", line 1473, in wsgi_app
    response = self.full_dispatch_request()
  File "/home/administrator/flask/myenv/lib/python3.8/site-packages/flask/app.py", line 882, in full_dispatch_request
    rv = self.handle_user_exception(e)
  File "/home/administrator/flask/myenv/lib/python3.8/site-packages/flask_cors/extension.py", line 178, in wrapped_function
    return cors_after_request(app.make_response(f(*args, **kwargs)))
  File "/home/administrator/flask/myenv/lib/python3.8/site-packages/flask/app.py", line 880, in full_dispatch_request
    rv = self.dispatch_request()
  File "/home/administrator/flask/myenv/lib/python3.8/site-packages/flask/app.py", line 865, in dispatch_request
    return self.ensure_sync(self.view_functions[rule.endpoint])(**view_args)  # type: ignore[no-any-return]
  File "/home/administrator/flask/myenv/lib/python3.8/site-packages/flask_jwt_extended/view_decorators.py", line 170, in decorator
    return current_app.ensure_sync(fn)(*args, **kwargs)
  File "/home/administrator/flask/app2.py", line 215, in decorator
    return fn(*args, **kwargs)
  File "/home/administrator/flask/app2.py", line 531, in update_revenue_status
    eod_item = EODDump.query.get(item['seed'])
KeyError: 'seed'
10.100.140.241 - - [06/Aug/2024 13:50:36] "OPTIONS /api/data HTTP/1.1" 200 -
10.100.140.241 - - [06/Aug/2024 13:50:36] "OPTIONS /api/data HTTP/1.1" 200 -
10.100.140.241 - - [06/Aug/2024 13:50:36] "GET /api/data HTTP/1.1" 200 -
10.100.140.241 - - [06/Aug/2024 13:50:36] "GET /api/data HTTP/1.1" 200 -
10.100.140.241 - - [06/Aug/2024 13:51:02] "OPTIONS /api/update_revenue_status HTTP/1.1" 200 -
10.100.140.241 - - [06/Aug/2024 13:51:03] "POST /api/update_revenue_status HTTP/1.1" 200 -
10.100.140.241 - - [06/Aug/2024 13:54:17] "OPTIONS /api/data HTTP/1.1" 200 -
10.100.140.241 - - [06/Aug/2024 13:54:17] "GET /api/data HTTP/1.1" 200 -
10.100.140.241 - - [06/Aug/2024 13:54:21] "GET /api/data HTTP/1.1" 200 -
10.100.140.241 - - [06/Aug/2024 13:54:22] "GET /api/data HTTP/1.1" 200 -
10.100.140.241 - - [06/Aug/2024 13:54:25] "OPTIONS /api/data HTTP/1.1" 200 -
10.100.140.241 - - [06/Aug/2024 13:54:25] "OPTIONS /api/data HTTP/1.1" 200 -
10.100.140.241 - - [06/Aug/2024 13:54:25] "GET /api/data HTTP/1.1" 200 -
10.100.140.241 - - [06/Aug/2024 13:54:26] "GET /api/data HTTP/1.1" 200 -
10.100.140.241 - - [06/Aug/2024 13:55:34] "OPTIONS /api/update_revenue_status HTTP/1.1" 200 -
10.100.140.241 - - [06/Aug/2024 13:55:35] "POST /api/update_revenue_status HTTP/1.1" 200 -
10.100.140.241 - - [06/Aug/2024 13:55:53] "OPTIONS /api/update_revenue_status HTTP/1.1" 200 -
10.100.140.241 - - [06/Aug/2024 13:55:53] "POST /api/update_revenue_status HTTP/1.1" 200 -
10.100.140.241 - - [06/Aug/2024 13:59:56] "OPTIONS /api/data HTTP/1.1" 200 -
10.100.140.241 - - [06/Aug/2024 13:59:56] "OPTIONS /api/data HTTP/1.1" 200 -
10.100.140.241 - - [06/Aug/2024 13:59:56] "GET /api/data HTTP/1.1" 200 -
10.100.140.241 - - [06/Aug/2024 13:59:57] "GET /api/data HTTP/1.1" 200 -
10.100.140.241 - - [06/Aug/2024 14:00:06] "OPTIONS /api/data HTTP/1.1" 200 -
10.100.140.241 - - [06/Aug/2024 14:00:06] "GET /api/data HTTP/1.1" 200 -
10.100.140.241 - - [06/Aug/2024 14:00:23] "OPTIONS /api/update_revenue_status HTTP/1.1" 200 -
10.100.140.241 - - [06/Aug/2024 14:00:40] "OPTIONS /api/update_revenue_status HTTP/1.1" 200 -
10.100.140.241 - - [06/Aug/2024 14:00:41] "[35m[1mPOST /api/update_revenue_status HTTP/1.1[0m" 500 -
Traceback (most recent call last):
  File "/home/administrator/flask/myenv/lib/python3.8/site-packages/flask/app.py", line 1498, in __call__
    return self.wsgi_app(environ, start_response)
  File "/home/administrator/flask/myenv/lib/python3.8/site-packages/flask/app.py", line 1476, in wsgi_app
    response = self.handle_exception(e)
  File "/home/administrator/flask/myenv/lib/python3.8/site-packages/flask_cors/extension.py", line 178, in wrapped_function
    return cors_after_request(app.make_response(f(*args, **kwargs)))
  File "/home/administrator/flask/myenv/lib/python3.8/site-packages/flask/app.py", line 1473, in wsgi_app
    response = self.full_dispatch_request()
  File "/home/administrator/flask/myenv/lib/python3.8/site-packages/flask/app.py", line 882, in full_dispatch_request
    rv = self.handle_user_exception(e)
  File "/home/administrator/flask/myenv/lib/python3.8/site-packages/flask_cors/extension.py", line 178, in wrapped_function
    return cors_after_request(app.make_response(f(*args, **kwargs)))
  File "/home/administrator/flask/myenv/lib/python3.8/site-packages/flask/app.py", line 880, in full_dispatch_request
    rv = self.dispatch_request()
  File "/home/administrator/flask/myenv/lib/python3.8/site-packages/flask/app.py", line 865, in dispatch_request
    return self.ensure_sync(self.view_functions[rule.endpoint])(**view_args)  # type: ignore[no-any-return]
  File "/home/administrator/flask/myenv/lib/python3.8/site-packages/flask_jwt_extended/view_decorators.py", line 170, in decorator
    return current_app.ensure_sync(fn)(*args, **kwargs)
  File "/home/administrator/flask/app2.py", line 215, in decorator
    return fn(*args, **kwargs)
  File "/home/administrator/flask/app2.py", line 531, in update_revenue_status
    eod_item = EODDump.query.get(item['seed'])
KeyError: 'seed'
 * Detected change in '/home/administrator/flask/app3.py', reloading
 * Restarting with stat
 * Debugger is active!
 * Debugger PIN: 250-402-423
 * Detected change in '/home/administrator/flask/app3.py', reloading
 * Restarting with stat
 * Debugger is active!
 * Debugger PIN: 250-402-423
 * Detected change in '/home/administrator/flask/app3.py', reloading
 * Restarting with stat
 * Debugger is active!
 * Debugger PIN: 250-402-423
 * Detected change in '/home/administrator/flask/app3.py', reloading
 * Restarting with stat
 * Debugger is active!
 * Debugger PIN: 250-402-423
10.100.140.241 - - [06/Aug/2024 14:02:23] "OPTIONS /api/data HTTP/1.1" 200 -
10.100.140.241 - - [06/Aug/2024 14:02:23] "OPTIONS /api/data HTTP/1.1" 200 -
10.100.140.241 - - [06/Aug/2024 14:02:23] "GET /api/data HTTP/1.1" 200 -
10.100.140.241 - - [06/Aug/2024 14:02:23] "GET /api/data HTTP/1.1" 200 -
10.100.140.241 - - [06/Aug/2024 14:03:18] "OPTIONS /api/data HTTP/1.1" 200 -
10.100.140.241 - - [06/Aug/2024 14:03:18] "OPTIONS /api/data HTTP/1.1" 200 -
10.100.140.241 - - [06/Aug/2024 14:03:18] "GET /api/data HTTP/1.1" 200 -
10.100.140.241 - - [06/Aug/2024 14:03:18] "GET /api/data HTTP/1.1" 200 -
10.100.140.241 - - [06/Aug/2024 14:03:29] "OPTIONS /api/data HTTP/1.1" 200 -
10.100.140.241 - - [06/Aug/2024 14:03:29] "OPTIONS /api/data HTTP/1.1" 200 -
10.100.140.241 - - [06/Aug/2024 14:03:29] "GET /api/data HTTP/1.1" 200 -
10.100.140.241 - - [06/Aug/2024 14:03:29] "GET /api/data HTTP/1.1" 200 -
 * Detected change in '/home/administrator/flask/app3.py', reloading
 * Restarting with stat
 * Debugger is active!
 * Debugger PIN: 250-402-423
10.100.140.241 - - [06/Aug/2024 14:07:45] "OPTIONS /api/data HTTP/1.1" 200 -
10.100.140.241 - - [06/Aug/2024 14:07:45] "OPTIONS /api/data HTTP/1.1" 200 -
10.100.140.241 - - [06/Aug/2024 14:07:46] "GET /api/data HTTP/1.1" 200 -
10.100.140.241 - - [06/Aug/2024 14:07:46] "GET /api/data HTTP/1.1" 200 -
10.100.140.241 - - [06/Aug/2024 14:07:59] "OPTIONS /api/data HTTP/1.1" 200 -
10.100.140.241 - - [06/Aug/2024 14:07:59] "OPTIONS /api/data HTTP/1.1" 200 -
10.100.140.241 - - [06/Aug/2024 14:07:59] "GET /api/data HTTP/1.1" 200 -
10.100.140.241 - - [06/Aug/2024 14:07:59] "GET /api/data HTTP/1.1" 200 -
10.100.140.241 - - [06/Aug/2024 14:08:51] "OPTIONS /api/update_revenue_status HTTP/1.1" 200 -
10.100.140.241 - - [06/Aug/2024 14:08:51] "[35m[1mPOST /api/update_revenue_status HTTP/1.1[0m" 500 -
Traceback (most recent call last):
  File "/home/administrator/flask/myenv/lib/python3.8/site-packages/flask/app.py", line 1498, in __call__
    return self.wsgi_app(environ, start_response)
  File "/home/administrator/flask/myenv/lib/python3.8/site-packages/flask/app.py", line 1476, in wsgi_app
    response = self.handle_exception(e)
  File "/home/administrator/flask/myenv/lib/python3.8/site-packages/flask_cors/extension.py", line 178, in wrapped_function
    return cors_after_request(app.make_response(f(*args, **kwargs)))
  File "/home/administrator/flask/myenv/lib/python3.8/site-packages/flask/app.py", line 1473, in wsgi_app
    response = self.full_dispatch_request()
  File "/home/administrator/flask/myenv/lib/python3.8/site-packages/flask/app.py", line 882, in full_dispatch_request
    rv = self.handle_user_exception(e)
  File "/home/administrator/flask/myenv/lib/python3.8/site-packages/flask_cors/extension.py", line 178, in wrapped_function
    return cors_after_request(app.make_response(f(*args, **kwargs)))
  File "/home/administrator/flask/myenv/lib/python3.8/site-packages/flask/app.py", line 880, in full_dispatch_request
    rv = self.dispatch_request()
  File "/home/administrator/flask/myenv/lib/python3.8/site-packages/flask/app.py", line 865, in dispatch_request
    return self.ensure_sync(self.view_functions[rule.endpoint])(**view_args)  # type: ignore[no-any-return]
  File "/home/administrator/flask/myenv/lib/python3.8/site-packages/flask_jwt_extended/view_decorators.py", line 170, in decorator
    return current_app.ensure_sync(fn)(*args, **kwargs)
  File "/home/administrator/flask/app2.py", line 215, in decorator
    return fn(*args, **kwargs)
  File "/home/administrator/flask/app2.py", line 531, in update_revenue_status
    eod_item = EODDump.query.get(item['seed'])
KeyError: 'seed'
10.100.140.241 - - [06/Aug/2024 14:10:53] "OPTIONS /api/data HTTP/1.1" 200 -
10.100.140.241 - - [06/Aug/2024 14:10:53] "OPTIONS /api/data HTTP/1.1" 200 -
10.100.140.241 - - [06/Aug/2024 14:10:53] "GET /api/data HTTP/1.1" 200 -
10.100.140.241 - - [06/Aug/2024 14:10:54] "GET /api/data HTTP/1.1" 200 -
10.100.140.241 - - [06/Aug/2024 14:11:21] "OPTIONS /api/data HTTP/1.1" 200 -
10.100.140.241 - - [06/Aug/2024 14:11:21] "OPTIONS /api/data HTTP/1.1" 200 -
10.100.140.241 - - [06/Aug/2024 14:11:21] "GET /api/data HTTP/1.1" 200 -
10.100.140.241 - - [06/Aug/2024 14:11:21] "GET /api/data HTTP/1.1" 200 -
 * Detected change in '/home/administrator/flask/app3.py', reloading
 * Restarting with stat
 * Debugger is active!
 * Debugger PIN: 250-402-423
 * Detected change in '/home/administrator/flask/app3.py', reloading
 * Restarting with stat
 * Debugger is active!
 * Debugger PIN: 250-402-423
 * Detected change in '/home/administrator/flask/app3.py', reloading
 * Restarting with stat
 * Debugger is active!
 * Debugger PIN: 250-402-423
 * Detected change in '/home/administrator/flask/app3.py', reloading
 * Restarting with stat
 * Debugger is active!
 * Debugger PIN: 250-402-423
 * Detected change in '/home/administrator/flask/app3.py', reloading
 * Restarting with stat
 * Debugger is active!
 * Debugger PIN: 250-402-423
10.100.140.241 - - [06/Aug/2024 14:22:12] "POST /api/login HTTP/1.1" 200 -
10.100.140.241 - - [06/Aug/2024 14:23:03] "GET /api/data HTTP/1.1" 200 -
 * Detected change in '/home/administrator/flask/app3.py', reloading
 * Restarting with stat
 * Debugger is active!
 * Debugger PIN: 250-402-423
 * Detected change in '/home/administrator/flask/app3.py', reloading
 * Restarting with stat
 * Debugger is active!
 * Debugger PIN: 250-402-423
 * Detected change in '/home/administrator/flask/app3.py', reloading
 * Restarting with stat
 * Debugger is active!
 * Debugger PIN: 250-402-423
 * Detected change in '/home/administrator/flask/app3.py', reloading
 * Restarting with stat
 * Debugger is active!
 * Debugger PIN: 250-402-423
 * Detected change in '/home/administrator/flask/app3.py', reloading
 * Restarting with stat
 * Debugger is active!
 * Debugger PIN: 250-402-423
 * Detected change in '/home/administrator/flask/app3.py', reloading
 * Restarting with stat
 * Debugger is active!
 * Debugger PIN: 250-402-423
 * Detected change in '/home/administrator/flask/app3.py', reloading
 * Restarting with stat
 * Debugger is active!
 * Debugger PIN: 250-402-423
 * Detected change in '/home/administrator/flask/app3.py', reloading
 * Restarting with stat
 * Debugger is active!
 * Debugger PIN: 250-402-423
 * Detected change in '/home/administrator/flask/app3.py', reloading
 * Restarting with stat
 * Debugger is active!
 * Debugger PIN: 250-402-423
 * Detected change in '/home/administrator/flask/app3.py', reloading
 * Restarting with stat
 * Debugger is active!
 * Debugger PIN: 250-402-423
 * Detected change in '/home/administrator/flask/app3.py', reloading
 * Restarting with stat
 * Debugger is active!
 * Debugger PIN: 250-402-423
 * Detected change in '/home/administrator/flask/app3.py', reloading
 * Restarting with stat
 * Debugger is active!
 * Debugger PIN: 250-402-423
 * Detected change in '/home/administrator/flask/app3.py', reloading
 * Restarting with stat
 * Debugger is active!
 * Debugger PIN: 250-402-423
 * Detected change in '/home/administrator/flask/app3.py', reloading
 * Restarting with stat
 * Debugger is active!
 * Debugger PIN: 250-402-423
 * Detected change in '/home/administrator/flask/app3.py', reloading
 * Restarting with stat
 * Debugger is active!
 * Debugger PIN: 250-402-423
 * Detected change in '/home/administrator/flask/app3.py', reloading
 * Restarting with stat
 * Debugger is active!
 * Debugger PIN: 250-402-423
 * Detected change in '/home/administrator/flask/app3.py', reloading
 * Restarting with stat
 * Debugger is active!
 * Debugger PIN: 250-402-423
10.100.140.241 - - [06/Aug/2024 14:50:19] "GET /api/data HTTP/1.1" 200 -
 * Detected change in '/home/administrator/flask/app3.py', reloading
 * Restarting with stat
 * Debugger is active!
 * Debugger PIN: 250-402-423
 * Detected change in '/home/administrator/flask/app3.py', reloading
 * Restarting with stat
 * Debugger is active!
 * Debugger PIN: 250-402-423
 * Detected change in '/home/administrator/flask/app3.py', reloading
 * Restarting with stat
 * Debugger is active!
 * Debugger PIN: 250-402-423
 * Detected change in '/home/administrator/flask/app3.py', reloading
 * Restarting with stat
 * Debugger is active!
 * Debugger PIN: 250-402-423
 * Detected change in '/home/administrator/flask/app3.py', reloading
 * Restarting with stat
 * Debugger is active!
 * Debugger PIN: 250-402-423
 * Detected change in '/home/administrator/flask/app3.py', reloading
 * Restarting with stat
 * Debugger is active!
 * Debugger PIN: 250-402-423
 * Detected change in '/home/administrator/flask/app3.py', reloading
 * Restarting with stat
 * Debugger is active!
 * Debugger PIN: 250-402-423
 * Detected change in '/home/administrator/flask/app3.py', reloading
 * Restarting with stat
 * Debugger is active!
 * Debugger PIN: 250-402-423
 * Detected change in '/home/administrator/flask/app3.py', reloading
 * Restarting with stat
 * Debugger is active!
 * Debugger PIN: 250-402-423
 * Detected change in '/home/administrator/flask/app3.py', reloading
 * Restarting with stat
 * Debugger is active!
 * Debugger PIN: 250-402-423
 * Detected change in '/home/administrator/flask/app3.py', reloading
 * Restarting with stat
 * Debugger is active!
 * Debugger PIN: 250-402-423
 * Detected change in '/home/administrator/flask/app3.py', reloading
 * Restarting with stat
 * Debugger is active!
 * Debugger PIN: 250-402-423
 * Detected change in '/home/administrator/flask/app3.py', reloading
 * Restarting with stat
 * Debugger is active!
 * Debugger PIN: 250-402-423
 * Detected change in '/home/administrator/flask/app3.py', reloading
 * Restarting with stat
 * Debugger is active!
 * Debugger PIN: 250-402-423
 * Detected change in '/home/administrator/flask/app3.py', reloading
 * Restarting with stat
 * Debugger is active!
 * Debugger PIN: 250-402-423
 * Detected change in '/home/administrator/flask/app3.py', reloading
 * Restarting with stat
 * Debugger is active!
 * Debugger PIN: 250-402-423
 * Detected change in '/home/administrator/flask/app3.py', reloading
 * Restarting with stat
 * Debugger is active!
 * Debugger PIN: 250-402-423
 * Detected change in '/home/administrator/flask/app3.py', reloading
 * Restarting with stat
 * Debugger is active!
 * Debugger PIN: 250-402-423
 * Detected change in '/home/administrator/flask/app3.py', reloading
 * Restarting with stat
 * Debugger is active!
 * Debugger PIN: 250-402-423
 * Detected change in '/home/administrator/flask/app3.py', reloading
 * Restarting with stat
 * Debugger is active!
 * Debugger PIN: 250-402-423
 * Detected change in '/home/administrator/flask/app3.py', reloading
 * Restarting with stat
 * Debugger is active!
 * Debugger PIN: 250-402-423
 * Detected change in '/home/administrator/flask/app3.py', reloading
 * Restarting with stat
 * Debugger is active!
 * Debugger PIN: 250-402-423
 * Detected change in '/home/administrator/flask/app3.py', reloading
 * Restarting with stat
 * Debugger is active!
 * Debugger PIN: 250-402-423
 * Detected change in '/home/administrator/flask/app3.py', reloading
 * Restarting with stat
 * Debugger is active!
 * Debugger PIN: 250-402-423
 * Detected change in '/home/administrator/flask/app3.py', reloading
 * Restarting with stat
 * Debugger is active!
 * Debugger PIN: 250-402-423
 * Detected change in '/home/administrator/flask/app3.py', reloading
 * Restarting with stat
 * Debugger is active!
 * Debugger PIN: 250-402-423
 * Detected change in '/home/administrator/flask/app3.py', reloading
 * Restarting with stat
 * Debugger is active!
 * Debugger PIN: 250-402-423
 * Detected change in '/home/administrator/flask/app3.py', reloading
 * Restarting with stat
 * Debugger is active!
 * Debugger PIN: 250-402-423
 * Detected change in '/home/administrator/flask/app3.py', reloading
 * Restarting with stat
 * Debugger is active!
 * Debugger PIN: 250-402-423
 * Detected change in '/home/administrator/flask/app3.py', reloading
 * Restarting with stat
 * Debugger is active!
 * Debugger PIN: 250-402-423
 * Detected change in '/home/administrator/flask/app3.py', reloading
 * Restarting with stat
 * Debugger is active!
 * Debugger PIN: 250-402-423
 * Detected change in '/home/administrator/flask/app3.py', reloading
 * Restarting with stat
 * Debugger is active!
 * Debugger PIN: 250-402-423
 * Detected change in '/home/administrator/flask/app3.py', reloading
 * Restarting with stat
 * Debugger is active!
 * Debugger PIN: 250-402-423
 * Detected change in '/home/administrator/flask/app3.py', reloading
 * Restarting with stat
 * Debugger is active!
 * Debugger PIN: 250-402-423
 * Detected change in '/home/administrator/flask/app3.py', reloading
 * Restarting with stat
 * Debugger is active!
 * Debugger PIN: 250-402-423
 * Detected change in '/home/administrator/flask/app3.py', reloading
 * Restarting with stat
 * Debugger is active!
 * Debugger PIN: 250-402-423
 * Detected change in '/home/administrator/flask/app3.py', reloading
 * Restarting with stat
 * Debugger is active!
 * Debugger PIN: 250-402-423
 * Detected change in '/home/administrator/flask/app3.py', reloading
 * Restarting with stat
 * Debugger is active!
 * Debugger PIN: 250-402-423
 * Detected change in '/home/administrator/flask/app3.py', reloading
 * Restarting with stat
 * Debugger is active!
 * Debugger PIN: 250-402-423
 * Detected change in '/home/administrator/flask/app3.py', reloading
 * Restarting with stat
 * Debugger is active!
 * Debugger PIN: 250-402-423
 * Serving Flask app 'app3'
 * Debug mode: on
[31m[1mWARNING: This is a development server. Do not use it in a production deployment. Use a production WSGI server instead.[0m
 * Running on all addresses (0.0.0.0)
 * Running on http://127.0.0.1:5001
 * Running on http://10.100.130.76:5001
[33mPress CTRL+C to quit[0m
 * Restarting with stat
 * Debugger is active!
 * Debugger PIN: 250-402-423
 * Detected change in '/home/administrator/flask/app3.py', reloading
 * Restarting with stat
 * Debugger is active!
 * Debugger PIN: 250-402-423
10.100.140.241 - - [06/Aug/2024 15:22:49] "[31m[1mGET /api/data/revenue?Area=Burntwood&Activity=Sub-Duct&Email_ID=kenzdrew1234@icloud.com HTTP/1.1[0m" 401 -
 * Serving Flask app 'app3'
 * Debug mode: on
[31m[1mWARNING: This is a development server. Do not use it in a production deployment. Use a production WSGI server instead.[0m
 * Running on all addresses (0.0.0.0)
 * Running on http://127.0.0.1:5000
 * Running on http://10.100.130.76:5000
[33mPress CTRL+C to quit[0m
 * Restarting with stat
 * Debugger is active!
 * Debugger PIN: 250-402-423
10.100.140.241 - - [06/Aug/2024 15:24:11] "POST /api/login HTTP/1.1" 200 -
/home/administrator/flask/app3.py:596: SAWarning: SELECT statement has a cartesian product between FROM element(s) "eod_dump" and FROM element "client_rate".  Apply join condition(s) between each element to resolve.
  revenue = db.session.query(
10.100.140.241 - - [06/Aug/2024 15:24:41] "GET /api/data/revenue?Area=Burntwood&Activity=Sub-Duct&Email_ID=kenzdrew1234@icloud.com HTTP/1.1" 200 -
10.100.140.241 - - [06/Aug/2024 15:25:31] "GET /api/data?Area=Burntwood&Activity=Sub-Duct&Email_ID=kenzdrew1234@icloud.com HTTP/1.1" 200 -
10.100.140.241 - - [06/Aug/2024 15:45:11] "OPTIONS /api/login HTTP/1.1" 200 -
10.100.140.241 - - [06/Aug/2024 15:45:11] "POST /api/login HTTP/1.1" 200 -
10.100.140.241 - - [06/Aug/2024 15:45:11] "OPTIONS /api/data HTTP/1.1" 200 -
10.100.140.241 - - [06/Aug/2024 15:45:11] "OPTIONS /api/data HTTP/1.1" 200 -
10.100.140.241 - - [06/Aug/2024 15:45:12] "GET /api/data HTTP/1.1" 200 -
10.100.140.241 - - [06/Aug/2024 15:45:13] "GET /api/data HTTP/1.1" 200 -
10.100.140.241 - - [06/Aug/2024 16:31:51] "OPTIONS /api/data HTTP/1.1" 200 -
10.100.140.241 - - [06/Aug/2024 16:31:51] "OPTIONS /api/data HTTP/1.1" 200 -
10.100.140.241 - - [06/Aug/2024 16:31:52] "GET /api/data HTTP/1.1" 200 -
10.100.140.241 - - [06/Aug/2024 16:31:52] "GET /api/data HTTP/1.1" 200 -
10.100.140.241 - - [06/Aug/2024 16:33:26] "OPTIONS /api/data HTTP/1.1" 200 -
10.100.140.241 - - [06/Aug/2024 16:33:26] "GET /api/data HTTP/1.1" 200 -
10.100.140.241 - - [06/Aug/2024 16:33:56] "OPTIONS /api/update_revenue_status HTTP/1.1" 200 -
10.100.140.241 - - [06/Aug/2024 16:33:56] "POST /api/update_revenue_status HTTP/1.1" 200 -
10.100.140.241 - - [06/Aug/2024 16:53:53] "[33mOPTIONS /api HTTP/1.1[0m" 404 -
10.100.140.241 - - [06/Aug/2024 16:53:53] "[33mOPTIONS /api HTTP/1.1[0m" 404 -
10.100.140.241 - - [06/Aug/2024 16:54:02] "OPTIONS /api/data HTTP/1.1" 200 -
10.100.140.241 - - [06/Aug/2024 16:54:02] "OPTIONS /api/data HTTP/1.1" 200 -
10.100.140.241 - - [06/Aug/2024 16:54:02] "[31m[1mGET /api/data HTTP/1.1[0m" 401 -
10.100.140.241 - - [06/Aug/2024 16:54:03] "[31m[1mGET /api/data HTTP/1.1[0m" 401 -
10.100.140.241 - - [06/Aug/2024 16:54:12] "OPTIONS /api/login HTTP/1.1" 200 -
10.100.140.241 - - [06/Aug/2024 16:54:12] "POST /api/login HTTP/1.1" 200 -
10.100.140.241 - - [06/Aug/2024 16:54:13] "OPTIONS /api/data HTTP/1.1" 200 -
10.100.140.241 - - [06/Aug/2024 16:54:13] "OPTIONS /api/data HTTP/1.1" 200 -
10.100.140.241 - - [06/Aug/2024 16:54:13] "GET /api/data HTTP/1.1" 200 -
10.100.140.241 - - [06/Aug/2024 16:54:13] "GET /api/data HTTP/1.1" 200 -
10.100.140.241 - - [06/Aug/2024 16:54:16] "[33mOPTIONS /api HTTP/1.1[0m" 404 -
10.100.140.241 - - [06/Aug/2024 16:54:16] "[33mOPTIONS /api HTTP/1.1[0m" 404 -
10.100.140.241 - - [06/Aug/2024 16:54:28] "OPTIONS /api/data HTTP/1.1" 200 -
10.100.140.241 - - [06/Aug/2024 16:54:28] "OPTIONS /api/data HTTP/1.1" 200 -
10.100.140.241 - - [06/Aug/2024 16:54:28] "GET /api/data HTTP/1.1" 200 -
10.100.140.241 - - [06/Aug/2024 16:54:28] "GET /api/data HTTP/1.1" 200 -
10.100.140.241 - - [06/Aug/2024 16:54:35] "[33mOPTIONS /api HTTP/1.1[0m" 404 -
10.100.140.241 - - [06/Aug/2024 16:54:35] "[33mOPTIONS /api HTTP/1.1[0m" 404 -
10.100.140.241 - - [06/Aug/2024 16:55:35] "OPTIONS /api/data HTTP/1.1" 200 -
10.100.140.241 - - [06/Aug/2024 16:55:35] "OPTIONS /api/data HTTP/1.1" 200 -
10.100.140.241 - - [06/Aug/2024 16:55:36] "GET /api/data HTTP/1.1" 200 -
10.100.140.241 - - [06/Aug/2024 16:55:36] "GET /api/data HTTP/1.1" 200 -
10.100.140.241 - - [06/Aug/2024 16:55:46] "OPTIONS /api/data HTTP/1.1" 200 -
10.100.140.241 - - [06/Aug/2024 16:55:46] "OPTIONS /api/data HTTP/1.1" 200 -
10.100.140.241 - - [06/Aug/2024 16:55:47] "GET /api/data HTTP/1.1" 200 -
10.100.140.241 - - [06/Aug/2024 16:55:47] "GET /api/data HTTP/1.1" 200 -
10.100.140.241 - - [06/Aug/2024 16:56:54] "OPTIONS /api/update_revenue_status HTTP/1.1" 200 -
10.100.140.241 - - [06/Aug/2024 16:56:54] "[35m[1mPOST /api/update_revenue_status HTTP/1.1[0m" 500 -
Traceback (most recent call last):
  File "/home/administrator/flask/myenv/lib/python3.8/site-packages/flask/app.py", line 1498, in __call__
    return self.wsgi_app(environ, start_response)
  File "/home/administrator/flask/myenv/lib/python3.8/site-packages/flask/app.py", line 1476, in wsgi_app
    response = self.handle_exception(e)
  File "/home/administrator/flask/myenv/lib/python3.8/site-packages/flask_cors/extension.py", line 178, in wrapped_function
    return cors_after_request(app.make_response(f(*args, **kwargs)))
  File "/home/administrator/flask/myenv/lib/python3.8/site-packages/flask/app.py", line 1473, in wsgi_app
    response = self.full_dispatch_request()
  File "/home/administrator/flask/myenv/lib/python3.8/site-packages/flask/app.py", line 882, in full_dispatch_request
    rv = self.handle_user_exception(e)
  File "/home/administrator/flask/myenv/lib/python3.8/site-packages/flask_cors/extension.py", line 178, in wrapped_function
    return cors_after_request(app.make_response(f(*args, **kwargs)))
  File "/home/administrator/flask/myenv/lib/python3.8/site-packages/flask/app.py", line 880, in full_dispatch_request
    rv = self.dispatch_request()
  File "/home/administrator/flask/myenv/lib/python3.8/site-packages/flask/app.py", line 865, in dispatch_request
    return self.ensure_sync(self.view_functions[rule.endpoint])(**view_args)  # type: ignore[no-any-return]
  File "/home/administrator/flask/myenv/lib/python3.8/site-packages/flask_jwt_extended/view_decorators.py", line 170, in decorator
    return current_app.ensure_sync(fn)(*args, **kwargs)
  File "/home/administrator/flask/app3.py", line 233, in decorator
    return fn(*args, **kwargs)
  File "/home/administrator/flask/app3.py", line 650, in update_revenue_status
    eod_item = EODDump.query.get(item['seed'])
KeyError: 'seed'
10.100.140.241 - - [06/Aug/2024 17:06:51] "OPTIONS /api/data HTTP/1.1" 200 -
10.100.140.241 - - [06/Aug/2024 17:06:52] "GET /api/data HTTP/1.1" 200 -
10.100.140.241 - - [06/Aug/2024 17:08:10] "OPTIONS /api/data HTTP/1.1" 200 -
10.100.140.241 - - [06/Aug/2024 17:08:11] "GET /api/data HTTP/1.1" 200 -
10.100.140.241 - - [06/Aug/2024 17:08:17] "OPTIONS /api/data HTTP/1.1" 200 -
10.100.140.241 - - [06/Aug/2024 17:08:17] "OPTIONS /api/data HTTP/1.1" 200 -
10.100.140.241 - - [06/Aug/2024 17:08:18] "GET /api/data HTTP/1.1" 200 -
10.100.140.241 - - [06/Aug/2024 17:08:18] "GET /api/data HTTP/1.1" 200 -
10.100.140.241 - - [06/Aug/2024 17:08:33] "OPTIONS /api/update_revenue_status HTTP/1.1" 200 -
10.100.140.241 - - [06/Aug/2024 17:08:34] "[35m[1mPOST /api/update_revenue_status HTTP/1.1[0m" 500 -
Traceback (most recent call last):
  File "/home/administrator/flask/myenv/lib/python3.8/site-packages/flask/app.py", line 1498, in __call__
    return self.wsgi_app(environ, start_response)
  File "/home/administrator/flask/myenv/lib/python3.8/site-packages/flask/app.py", line 1476, in wsgi_app
    response = self.handle_exception(e)
  File "/home/administrator/flask/myenv/lib/python3.8/site-packages/flask_cors/extension.py", line 178, in wrapped_function
    return cors_after_request(app.make_response(f(*args, **kwargs)))
  File "/home/administrator/flask/myenv/lib/python3.8/site-packages/flask/app.py", line 1473, in wsgi_app
    response = self.full_dispatch_request()
  File "/home/administrator/flask/myenv/lib/python3.8/site-packages/flask/app.py", line 882, in full_dispatch_request
    rv = self.handle_user_exception(e)
  File "/home/administrator/flask/myenv/lib/python3.8/site-packages/flask_cors/extension.py", line 178, in wrapped_function
    return cors_after_request(app.make_response(f(*args, **kwargs)))
  File "/home/administrator/flask/myenv/lib/python3.8/site-packages/flask/app.py", line 880, in full_dispatch_request
    rv = self.dispatch_request()
  File "/home/administrator/flask/myenv/lib/python3.8/site-packages/flask/app.py", line 865, in dispatch_request
    return self.ensure_sync(self.view_functions[rule.endpoint])(**view_args)  # type: ignore[no-any-return]
  File "/home/administrator/flask/myenv/lib/python3.8/site-packages/flask_jwt_extended/view_decorators.py", line 170, in decorator
    return current_app.ensure_sync(fn)(*args, **kwargs)
  File "/home/administrator/flask/app3.py", line 233, in decorator
    return fn(*args, **kwargs)
  File "/home/administrator/flask/app3.py", line 650, in update_revenue_status
    eod_item = EODDump.query.get(item['seed'])
KeyError: 'seed'
10.100.140.241 - - [06/Aug/2024 17:08:50] "OPTIONS /api/update_revenue_status HTTP/1.1" 200 -
10.100.140.241 - - [06/Aug/2024 17:08:50] "[35m[1mPOST /api/update_revenue_status HTTP/1.1[0m" 500 -
Traceback (most recent call last):
  File "/home/administrator/flask/myenv/lib/python3.8/site-packages/flask/app.py", line 1498, in __call__
    return self.wsgi_app(environ, start_response)
  File "/home/administrator/flask/myenv/lib/python3.8/site-packages/flask/app.py", line 1476, in wsgi_app
    response = self.handle_exception(e)
  File "/home/administrator/flask/myenv/lib/python3.8/site-packages/flask_cors/extension.py", line 178, in wrapped_function
    return cors_after_request(app.make_response(f(*args, **kwargs)))
  File "/home/administrator/flask/myenv/lib/python3.8/site-packages/flask/app.py", line 1473, in wsgi_app
    response = self.full_dispatch_request()
  File "/home/administrator/flask/myenv/lib/python3.8/site-packages/flask/app.py", line 882, in full_dispatch_request
    rv = self.handle_user_exception(e)
  File "/home/administrator/flask/myenv/lib/python3.8/site-packages/flask_cors/extension.py", line 178, in wrapped_function
    return cors_after_request(app.make_response(f(*args, **kwargs)))
  File "/home/administrator/flask/myenv/lib/python3.8/site-packages/flask/app.py", line 880, in full_dispatch_request
    rv = self.dispatch_request()
  File "/home/administrator/flask/myenv/lib/python3.8/site-packages/flask/app.py", line 865, in dispatch_request
    return self.ensure_sync(self.view_functions[rule.endpoint])(**view_args)  # type: ignore[no-any-return]
  File "/home/administrator/flask/myenv/lib/python3.8/site-packages/flask_jwt_extended/view_decorators.py", line 170, in decorator
    return current_app.ensure_sync(fn)(*args, **kwargs)
  File "/home/administrator/flask/app3.py", line 233, in decorator
    return fn(*args, **kwargs)
  File "/home/administrator/flask/app3.py", line 650, in update_revenue_status
    eod_item = EODDump.query.get(item['seed'])
KeyError: 'seed'
10.100.140.241 - - [06/Aug/2024 17:15:56] "OPTIONS /api/data HTTP/1.1" 200 -
10.100.140.241 - - [06/Aug/2024 17:15:57] "GET /api/data HTTP/1.1" 200 -
10.100.140.241 - - [06/Aug/2024 17:16:02] "OPTIONS /api/data HTTP/1.1" 200 -
10.100.140.241 - - [06/Aug/2024 17:16:02] "OPTIONS /api/data HTTP/1.1" 200 -
10.100.140.241 - - [06/Aug/2024 17:16:03] "GET /api/data HTTP/1.1" 200 -
10.100.140.241 - - [06/Aug/2024 17:16:03] "GET /api/data HTTP/1.1" 200 -
10.100.140.241 - - [06/Aug/2024 17:16:30] "OPTIONS /api/update_revenue_status HTTP/1.1" 200 -
/home/administrator/flask/app3.py:650: LegacyAPIWarning: The Query.get() method is considered legacy as of the 1.x series of SQLAlchemy and becomes a legacy construct in 2.0. The method is now available as Session.get() (deprecated since: 2.0) (Background on SQLAlchemy 2.0 at: https://sqlalche.me/e/b8d9)
  eod_item = EODDump.query.get(item['seed'])
10.100.140.241 - - [06/Aug/2024 17:16:30] "POST /api/update_revenue_status HTTP/1.1" 200 -
10.100.140.241 - - [06/Aug/2024 17:16:57] "OPTIONS /api/data HTTP/1.1" 200 -
10.100.140.241 - - [06/Aug/2024 17:16:57] "OPTIONS /api/data HTTP/1.1" 200 -
10.100.140.241 - - [06/Aug/2024 17:16:57] "GET /api/data HTTP/1.1" 200 -
10.100.140.241 - - [06/Aug/2024 17:16:58] "GET /api/data HTTP/1.1" 200 -
10.100.140.241 - - [06/Aug/2024 21:38:58] "OPTIONS /api/data HTTP/1.1" 200 -
10.100.140.241 - - [06/Aug/2024 21:38:58] "OPTIONS /api/data HTTP/1.1" 200 -
10.100.140.241 - - [06/Aug/2024 21:38:58] "[31m[1mGET /api/data HTTP/1.1[0m" 401 -
10.100.140.241 - - [06/Aug/2024 21:38:58] "[31m[1mGET /api/data HTTP/1.1[0m" 401 -
10.100.140.241 - - [06/Aug/2024 21:39:02] "[31m[1mGET /api/data HTTP/1.1[0m" 401 -
10.100.140.241 - - [06/Aug/2024 21:39:02] "[31m[1mGET /api/data HTTP/1.1[0m" 401 -
10.100.140.241 - - [06/Aug/2024 21:39:02] "[31m[1mGET /api/data HTTP/1.1[0m" 401 -
10.100.140.241 - - [06/Aug/2024 21:39:02] "[31m[1mGET /api/data HTTP/1.1[0m" 401 -
10.100.140.241 - - [06/Aug/2024 21:39:02] "[31m[1mGET /api/data HTTP/1.1[0m" 401 -
10.100.140.241 - - [06/Aug/2024 21:39:02] "[31m[1mGET /api/data HTTP/1.1[0m" 401 -
10.100.140.241 - - [06/Aug/2024 21:39:02] "[31m[1mGET /api/data HTTP/1.1[0m" 401 -
10.100.140.241 - - [06/Aug/2024 21:39:02] "[31m[1mGET /api/data HTTP/1.1[0m" 401 -
10.100.140.241 - - [06/Aug/2024 21:39:13] "OPTIONS /api/login HTTP/1.1" 200 -
10.100.140.241 - - [06/Aug/2024 21:39:13] "POST /api/login HTTP/1.1" 200 -
10.100.140.241 - - [06/Aug/2024 21:39:14] "OPTIONS /api/data HTTP/1.1" 200 -
10.100.140.241 - - [06/Aug/2024 21:39:14] "OPTIONS /api/data HTTP/1.1" 200 -
10.100.140.241 - - [06/Aug/2024 21:39:14] "GET /api/data HTTP/1.1" 200 -
10.100.140.241 - - [06/Aug/2024 21:39:14] "GET /api/data HTTP/1.1" 200 -
10.100.140.241 - - [06/Aug/2024 21:39:20] "OPTIONS /api/data HTTP/1.1" 200 -
10.100.140.241 - - [06/Aug/2024 21:39:20] "OPTIONS /api/data HTTP/1.1" 200 -
10.100.140.241 - - [06/Aug/2024 21:39:21] "GET /api/data HTTP/1.1" 200 -
10.100.140.241 - - [06/Aug/2024 21:39:21] "GET /api/data HTTP/1.1" 200 -
10.100.140.241 - - [06/Aug/2024 21:49:59] "OPTIONS /api/data HTTP/1.1" 200 -
10.100.140.241 - - [06/Aug/2024 21:49:59] "GET /api/data HTTP/1.1" 200 -
10.100.140.241 - - [06/Aug/2024 21:50:03] "GET /api/data HTTP/1.1" 200 -
10.100.140.241 - - [06/Aug/2024 21:50:04] "GET /api/data HTTP/1.1" 200 -
10.100.140.241 - - [06/Aug/2024 21:50:40] "OPTIONS /api/update_revenue_status HTTP/1.1" 200 -
10.100.140.241 - - [06/Aug/2024 21:50:40] "POST /api/update_revenue_status HTTP/1.1" 200 -
10.100.140.241 - - [06/Aug/2024 21:50:52] "OPTIONS /api/data HTTP/1.1" 200 -
10.100.140.241 - - [06/Aug/2024 21:50:52] "OPTIONS /api/data HTTP/1.1" 200 -
10.100.140.241 - - [06/Aug/2024 21:50:53] "GET /api/data HTTP/1.1" 200 -
10.100.140.241 - - [06/Aug/2024 21:50:53] "GET /api/data HTTP/1.1" 200 -
10.100.140.241 - - [06/Aug/2024 21:51:37] "OPTIONS /api/data HTTP/1.1" 200 -
10.100.140.241 - - [06/Aug/2024 21:51:37] "OPTIONS /api/data HTTP/1.1" 200 -
10.100.140.241 - - [06/Aug/2024 21:51:37] "GET /api/data HTTP/1.1" 200 -
10.100.140.241 - - [06/Aug/2024 21:51:38] "GET /api/data HTTP/1.1" 200 -
10.100.140.241 - - [06/Aug/2024 22:02:13] "OPTIONS /api/data HTTP/1.1" 200 -
10.100.140.241 - - [06/Aug/2024 22:02:14] "GET /api/data HTTP/1.1" 200 -
10.100.140.241 - - [06/Aug/2024 22:02:30] "OPTIONS /api/data HTTP/1.1" 200 -
10.100.140.241 - - [06/Aug/2024 22:02:30] "OPTIONS /api/data HTTP/1.1" 200 -
10.100.140.241 - - [06/Aug/2024 22:02:31] "GET /api/data HTTP/1.1" 200 -
10.100.140.241 - - [06/Aug/2024 22:02:31] "GET /api/data HTTP/1.1" 200 -
10.100.140.241 - - [06/Aug/2024 22:05:44] "[33mOPTIONS /api HTTP/1.1[0m" 404 -
10.100.140.241 - - [06/Aug/2024 22:05:44] "[33mOPTIONS /api HTTP/1.1[0m" 404 -
10.100.140.241 - - [06/Aug/2024 22:05:55] "[33mOPTIONS /api HTTP/1.1[0m" 404 -
10.100.140.241 - - [06/Aug/2024 22:05:55] "[33mOPTIONS /api HTTP/1.1[0m" 404 -
10.100.140.241 - - [06/Aug/2024 22:06:05] "OPTIONS /api/data HTTP/1.1" 200 -
10.100.140.241 - - [06/Aug/2024 22:06:05] "OPTIONS /api/data HTTP/1.1" 200 -
10.100.140.241 - - [06/Aug/2024 22:06:05] "[33mOPTIONS /api HTTP/1.1[0m" 404 -
10.100.140.241 - - [06/Aug/2024 22:06:05] "[33mOPTIONS /api HTTP/1.1[0m" 404 -
10.100.140.241 - - [06/Aug/2024 22:06:06] "GET /api/data HTTP/1.1" 200 -
10.100.140.241 - - [06/Aug/2024 22:06:06] "GET /api/data HTTP/1.1" 200 -
10.100.140.241 - - [06/Aug/2024 22:06:06] "GET /api/data HTTP/1.1" 200 -
10.100.140.241 - - [06/Aug/2024 22:06:07] "GET /api/data HTTP/1.1" 200 -
10.100.140.241 - - [06/Aug/2024 22:06:16] "OPTIONS /api/login HTTP/1.1" 200 -
10.100.140.241 - - [06/Aug/2024 22:06:17] "POST /api/login HTTP/1.1" 200 -
10.100.140.241 - - [06/Aug/2024 22:06:17] "OPTIONS /api/data HTTP/1.1" 200 -
10.100.140.241 - - [06/Aug/2024 22:06:17] "OPTIONS /api/data HTTP/1.1" 200 -
10.100.140.241 - - [06/Aug/2024 22:06:17] "GET /api/data HTTP/1.1" 200 -
10.100.140.241 - - [06/Aug/2024 22:06:17] "GET /api/data HTTP/1.1" 200 -
10.100.140.241 - - [06/Aug/2024 22:06:21] "[33mOPTIONS /api HTTP/1.1[0m" 404 -
10.100.140.241 - - [06/Aug/2024 22:06:21] "[33mOPTIONS /api HTTP/1.1[0m" 404 -
10.100.140.241 - - [06/Aug/2024 23:31:37] "OPTIONS /api/data HTTP/1.1" 200 -
10.100.140.241 - - [06/Aug/2024 23:31:37] "OPTIONS /api/data HTTP/1.1" 200 -
10.100.140.241 - - [06/Aug/2024 23:31:37] "[31m[1mGET /api/data HTTP/1.1[0m" 401 -
10.100.140.241 - - [06/Aug/2024 23:31:37] "[31m[1mGET /api/data HTTP/1.1[0m" 401 -
10.100.140.241 - - [06/Aug/2024 23:31:42] "[31m[1mGET /api/data HTTP/1.1[0m" 401 -
10.100.140.241 - - [06/Aug/2024 23:31:42] "[31m[1mGET /api/data HTTP/1.1[0m" 401 -
10.100.140.241 - - [06/Aug/2024 23:31:51] "OPTIONS /api/login HTTP/1.1" 200 -
10.100.140.241 - - [06/Aug/2024 23:31:51] "POST /api/login HTTP/1.1" 200 -
10.100.140.241 - - [06/Aug/2024 23:31:52] "OPTIONS /api/data HTTP/1.1" 200 -
10.100.140.241 - - [06/Aug/2024 23:31:52] "OPTIONS /api/data HTTP/1.1" 200 -
10.100.140.241 - - [06/Aug/2024 23:31:52] "GET /api/data HTTP/1.1" 200 -
10.100.140.241 - - [06/Aug/2024 23:31:52] "GET /api/data HTTP/1.1" 200 -
10.100.140.241 - - [06/Aug/2024 23:32:03] "OPTIONS /api/data HTTP/1.1" 200 -
10.100.140.241 - - [06/Aug/2024 23:32:03] "OPTIONS /api/data HTTP/1.1" 200 -
10.100.140.241 - - [06/Aug/2024 23:32:03] "GET /api/data HTTP/1.1" 200 -
10.100.140.241 - - [06/Aug/2024 23:32:04] "GET /api/data HTTP/1.1" 200 -
10.100.140.241 - - [06/Aug/2024 23:32:42] "OPTIONS /api/update_revenue_status HTTP/1.1" 200 -
10.100.140.241 - - [06/Aug/2024 23:32:42] "POST /api/update_revenue_status HTTP/1.1" 200 -
10.100.140.241 - - [06/Aug/2024 23:32:48] "OPTIONS /api/update_revenue_status HTTP/1.1" 200 -
10.100.140.241 - - [06/Aug/2024 23:32:48] "POST /api/update_revenue_status HTTP/1.1" 200 -
10.100.140.241 - - [06/Aug/2024 23:32:57] "OPTIONS /api/data HTTP/1.1" 200 -
10.100.140.241 - - [06/Aug/2024 23:32:57] "OPTIONS /api/data HTTP/1.1" 200 -
10.100.140.241 - - [06/Aug/2024 23:32:57] "GET /api/data HTTP/1.1" 200 -
10.100.140.241 - - [06/Aug/2024 23:32:58] "GET /api/data HTTP/1.1" 200 -
10.100.140.241 - - [06/Aug/2024 23:33:02] "OPTIONS /api/data HTTP/1.1" 200 -
10.100.140.241 - - [06/Aug/2024 23:33:02] "OPTIONS /api/data HTTP/1.1" 200 -
10.100.140.241 - - [06/Aug/2024 23:33:03] "GET /api/data HTTP/1.1" 200 -
10.100.140.241 - - [06/Aug/2024 23:33:03] "GET /api/data HTTP/1.1" 200 -
10.100.140.241 - - [06/Aug/2024 23:33:10] "OPTIONS /api/update_revenue_status HTTP/1.1" 200 -
10.100.140.241 - - [06/Aug/2024 23:33:10] "POST /api/update_revenue_status HTTP/1.1" 200 -
10.100.140.241 - - [06/Aug/2024 23:33:20] "OPTIONS /api/data HTTP/1.1" 200 -
10.100.140.241 - - [06/Aug/2024 23:33:20] "OPTIONS /api/data HTTP/1.1" 200 -
10.100.140.241 - - [06/Aug/2024 23:33:20] "GET /api/data HTTP/1.1" 200 -
10.100.140.241 - - [06/Aug/2024 23:33:21] "GET /api/data HTTP/1.1" 200 -
10.100.140.241 - - [06/Aug/2024 23:33:26] "OPTIONS /api/data HTTP/1.1" 200 -
10.100.140.241 - - [06/Aug/2024 23:33:26] "OPTIONS /api/data HTTP/1.1" 200 -
10.100.140.241 - - [06/Aug/2024 23:33:26] "GET /api/data HTTP/1.1" 200 -
10.100.140.241 - - [06/Aug/2024 23:33:27] "GET /api/data HTTP/1.1" 200 -
10.100.140.241 - - [06/Aug/2024 23:33:36] "OPTIONS /api/update_revenue_status HTTP/1.1" 200 -
10.100.140.241 - - [06/Aug/2024 23:33:36] "POST /api/update_revenue_status HTTP/1.1" 200 -
10.100.140.241 - - [06/Aug/2024 23:33:46] "OPTIONS /api/data HTTP/1.1" 200 -
10.100.140.241 - - [06/Aug/2024 23:33:46] "OPTIONS /api/data HTTP/1.1" 200 -
10.100.140.241 - - [06/Aug/2024 23:33:46] "GET /api/data HTTP/1.1" 200 -
10.100.140.241 - - [06/Aug/2024 23:33:47] "GET /api/data HTTP/1.1" 200 -
10.100.140.241 - - [06/Aug/2024 23:33:54] "OPTIONS /api/data HTTP/1.1" 200 -
10.100.140.241 - - [06/Aug/2024 23:33:54] "OPTIONS /api/data HTTP/1.1" 200 -
10.100.140.241 - - [06/Aug/2024 23:33:54] "GET /api/data HTTP/1.1" 200 -
10.100.140.241 - - [06/Aug/2024 23:33:55] "GET /api/data HTTP/1.1" 200 -
10.100.140.241 - - [06/Aug/2024 23:34:15] "OPTIONS /api/update_revenue_status HTTP/1.1" 200 -
10.100.140.241 - - [06/Aug/2024 23:34:15] "POST /api/update_revenue_status HTTP/1.1" 200 -
10.100.140.241 - - [06/Aug/2024 23:34:40] "OPTIONS /api/update_revenue_status HTTP/1.1" 200 -
10.100.140.241 - - [06/Aug/2024 23:34:40] "POST /api/update_revenue_status HTTP/1.1" 200 -
10.100.140.241 - - [06/Aug/2024 23:34:46] "OPTIONS /api/data HTTP/1.1" 200 -
10.100.140.241 - - [06/Aug/2024 23:34:46] "OPTIONS /api/data HTTP/1.1" 200 -
10.100.140.241 - - [06/Aug/2024 23:34:46] "GET /api/data HTTP/1.1" 200 -
10.100.140.241 - - [06/Aug/2024 23:34:46] "GET /api/data HTTP/1.1" 200 -
10.100.140.241 - - [06/Aug/2024 23:35:02] "OPTIONS /api/data HTTP/1.1" 200 -
10.100.140.241 - - [06/Aug/2024 23:35:02] "OPTIONS /api/data HTTP/1.1" 200 -
10.100.140.241 - - [06/Aug/2024 23:35:02] "GET /api/data HTTP/1.1" 200 -
10.100.140.241 - - [06/Aug/2024 23:35:03] "GET /api/data HTTP/1.1" 200 -
10.100.140.241 - - [06/Aug/2024 23:35:08] "OPTIONS /api/data HTTP/1.1" 200 -
10.100.140.241 - - [06/Aug/2024 23:35:08] "OPTIONS /api/data HTTP/1.1" 200 -
10.100.140.241 - - [06/Aug/2024 23:35:08] "GET /api/data HTTP/1.1" 200 -
10.100.140.241 - - [06/Aug/2024 23:35:08] "GET /api/data HTTP/1.1" 200 -
10.100.140.241 - - [06/Aug/2024 23:41:17] "OPTIONS /api/data HTTP/1.1" 200 -
10.100.140.241 - - [06/Aug/2024 23:41:18] "GET /api/data HTTP/1.1" 200 -
10.100.140.241 - - [06/Aug/2024 23:41:24] "OPTIONS /api/data HTTP/1.1" 200 -
10.100.140.241 - - [06/Aug/2024 23:41:24] "OPTIONS /api/data HTTP/1.1" 200 -
10.100.140.241 - - [06/Aug/2024 23:41:24] "GET /api/data HTTP/1.1" 200 -
10.100.140.241 - - [06/Aug/2024 23:41:25] "GET /api/data HTTP/1.1" 200 -
10.100.140.241 - - [06/Aug/2024 23:41:45] "OPTIONS /api/update_revenue_status HTTP/1.1" 200 -
10.100.140.241 - - [06/Aug/2024 23:41:45] "POST /api/update_revenue_status HTTP/1.1" 200 -
10.100.140.241 - - [06/Aug/2024 23:42:01] "OPTIONS /api/data HTTP/1.1" 200 -
10.100.140.241 - - [06/Aug/2024 23:42:01] "OPTIONS /api/data HTTP/1.1" 200 -
10.100.140.241 - - [06/Aug/2024 23:42:01] "GET /api/data HTTP/1.1" 200 -
10.100.140.241 - - [06/Aug/2024 23:42:01] "GET /api/data HTTP/1.1" 200 -
10.100.140.241 - - [06/Aug/2024 23:45:56] "[31m[1mGET /api/data/revenue HTTP/1.1[0m" 401 -
10.100.140.241 - - [06/Aug/2024 23:46:03] "POST /api/login HTTP/1.1" 200 -
/home/administrator/flask/app3.py:596: SAWarning: SELECT statement has a cartesian product between FROM element(s) "eod_dump" and FROM element "client_rate".  Apply join condition(s) between each element to resolve.
  revenue = db.session.query(
10.100.140.241 - - [06/Aug/2024 23:46:27] "GET /api/data/revenue HTTP/1.1" 200 -
10.100.140.241 - - [06/Aug/2024 23:49:02] "OPTIONS /api/data HTTP/1.1" 200 -
10.100.140.241 - - [06/Aug/2024 23:49:02] "OPTIONS /api/data HTTP/1.1" 200 -
10.100.140.241 - - [06/Aug/2024 23:49:02] "GET /api/data HTTP/1.1" 200 -
10.100.140.241 - - [06/Aug/2024 23:49:02] "GET /api/data HTTP/1.1" 200 -
10.100.140.241 - - [06/Aug/2024 23:49:35] "OPTIONS /api/update_revenue_status HTTP/1.1" 200 -
10.100.140.241 - - [06/Aug/2024 23:49:35] "POST /api/update_revenue_status HTTP/1.1" 200 -
10.100.140.241 - - [06/Aug/2024 23:49:40] "OPTIONS /api/data HTTP/1.1" 200 -
10.100.140.241 - - [06/Aug/2024 23:49:40] "OPTIONS /api/data HTTP/1.1" 200 -
10.100.140.241 - - [06/Aug/2024 23:49:41] "GET /api/data HTTP/1.1" 200 -
10.100.140.241 - - [06/Aug/2024 23:49:41] "GET /api/data HTTP/1.1" 200 -
10.100.140.241 - - [06/Aug/2024 23:49:59] "OPTIONS /api/data HTTP/1.1" 200 -
10.100.140.241 - - [06/Aug/2024 23:49:59] "OPTIONS /api/data HTTP/1.1" 200 -
10.100.140.241 - - [06/Aug/2024 23:50:00] "GET /api/data HTTP/1.1" 200 -
10.100.140.241 - - [06/Aug/2024 23:50:00] "GET /api/data HTTP/1.1" 200 -
10.100.140.241 - - [07/Aug/2024 00:06:58] "OPTIONS /api/data HTTP/1.1" 200 -
10.100.140.241 - - [07/Aug/2024 00:06:58] "OPTIONS /api/data HTTP/1.1" 200 -
10.100.140.241 - - [07/Aug/2024 00:06:58] "GET /api/data HTTP/1.1" 200 -
10.100.140.241 - - [07/Aug/2024 00:06:59] "GET /api/data HTTP/1.1" 200 -
10.100.140.241 - - [07/Aug/2024 00:07:27] "OPTIONS /api/data HTTP/1.1" 200 -
10.100.140.241 - - [07/Aug/2024 00:07:27] "OPTIONS /api/data HTTP/1.1" 200 -
10.100.140.241 - - [07/Aug/2024 00:07:27] "GET /api/data HTTP/1.1" 200 -
10.100.140.241 - - [07/Aug/2024 00:07:28] "GET /api/data HTTP/1.1" 200 -
10.100.140.241 - - [07/Aug/2024 00:09:37] "OPTIONS /api/data HTTP/1.1" 200 -
10.100.140.241 - - [07/Aug/2024 00:09:37] "OPTIONS /api/data HTTP/1.1" 200 -
10.100.140.241 - - [07/Aug/2024 00:09:37] "GET /api/data HTTP/1.1" 200 -
10.100.140.241 - - [07/Aug/2024 00:09:38] "GET /api/data HTTP/1.1" 200 -
10.100.140.241 - - [07/Aug/2024 00:11:55] "OPTIONS /api/data HTTP/1.1" 200 -
10.100.140.241 - - [07/Aug/2024 00:11:56] "GET /api/data HTTP/1.1" 200 -
10.100.140.241 - - [07/Aug/2024 00:12:00] "GET /api/data HTTP/1.1" 200 -
10.100.140.241 - - [07/Aug/2024 00:12:01] "GET /api/data HTTP/1.1" 200 -
10.100.140.241 - - [07/Aug/2024 00:19:17] "OPTIONS /api/data HTTP/1.1" 200 -
10.100.140.241 - - [07/Aug/2024 00:19:18] "GET /api/data HTTP/1.1" 200 -
10.100.140.241 - - [07/Aug/2024 00:19:33] "OPTIONS /api/data HTTP/1.1" 200 -
10.100.140.241 - - [07/Aug/2024 00:19:33] "OPTIONS /api/data HTTP/1.1" 200 -
10.100.140.241 - - [07/Aug/2024 00:19:34] "GET /api/data HTTP/1.1" 200 -
10.100.140.241 - - [07/Aug/2024 00:19:34] "GET /api/data HTTP/1.1" 200 -
10.100.140.241 - - [07/Aug/2024 00:19:42] "OPTIONS /api/update_revenue_status HTTP/1.1" 200 -
10.100.140.241 - - [07/Aug/2024 00:19:42] "POST /api/update_revenue_status HTTP/1.1" 200 -
10.100.140.241 - - [07/Aug/2024 00:19:47] "OPTIONS /api/data HTTP/1.1" 200 -
10.100.140.241 - - [07/Aug/2024 00:19:47] "OPTIONS /api/data HTTP/1.1" 200 -
10.100.140.241 - - [07/Aug/2024 00:19:47] "GET /api/data HTTP/1.1" 200 -
10.100.140.241 - - [07/Aug/2024 00:19:48] "GET /api/data HTTP/1.1" 200 -
10.100.140.241 - - [07/Aug/2024 00:19:54] "OPTIONS /api/data HTTP/1.1" 200 -
10.100.140.241 - - [07/Aug/2024 00:19:54] "OPTIONS /api/data HTTP/1.1" 200 -
10.100.140.241 - - [07/Aug/2024 00:19:54] "GET /api/data HTTP/1.1" 200 -
10.100.140.241 - - [07/Aug/2024 00:19:55] "GET /api/data HTTP/1.1" 200 -
10.100.140.241 - - [07/Aug/2024 00:20:19] "OPTIONS /api/update_revenue_status HTTP/1.1" 200 -
10.100.140.241 - - [07/Aug/2024 00:20:19] "POST /api/update_revenue_status HTTP/1.1" 200 -
10.100.140.241 - - [07/Aug/2024 00:20:24] "OPTIONS /api/data HTTP/1.1" 200 -
10.100.140.241 - - [07/Aug/2024 00:20:24] "OPTIONS /api/data HTTP/1.1" 200 -
10.100.140.241 - - [07/Aug/2024 00:20:24] "GET /api/data HTTP/1.1" 200 -
10.100.140.241 - - [07/Aug/2024 00:20:24] "GET /api/data HTTP/1.1" 200 -
10.100.140.241 - - [07/Aug/2024 00:20:32] "OPTIONS /api/data HTTP/1.1" 200 -
10.100.140.241 - - [07/Aug/2024 00:20:32] "OPTIONS /api/data HTTP/1.1" 200 -
10.100.140.241 - - [07/Aug/2024 00:20:32] "GET /api/data HTTP/1.1" 200 -
10.100.140.241 - - [07/Aug/2024 00:20:32] "GET /api/data HTTP/1.1" 200 -
10.100.140.241 - - [07/Aug/2024 00:45:26] "OPTIONS /api/data HTTP/1.1" 200 -
10.100.140.241 - - [07/Aug/2024 00:45:26] "OPTIONS /api/data HTTP/1.1" 200 -
10.100.140.241 - - [07/Aug/2024 00:45:26] "[31m[1mGET /api/data HTTP/1.1[0m" 401 -
10.100.140.241 - - [07/Aug/2024 00:45:26] "[31m[1mGET /api/data HTTP/1.1[0m" 401 -
10.100.140.241 - - [07/Aug/2024 00:45:31] "OPTIONS /api/data HTTP/1.1" 200 -
10.100.140.241 - - [07/Aug/2024 00:45:31] "OPTIONS /api/data HTTP/1.1" 200 -
10.100.140.241 - - [07/Aug/2024 00:45:31] "[31m[1mGET /api/data HTTP/1.1[0m" 401 -
10.100.140.241 - - [07/Aug/2024 00:45:31] "[31m[1mGET /api/data HTTP/1.1[0m" 401 -
10.100.140.241 - - [07/Aug/2024 00:45:31] "[31m[1mGET /api/data HTTP/1.1[0m" 401 -
10.100.140.241 - - [07/Aug/2024 00:45:32] "[31m[1mGET /api/data HTTP/1.1[0m" 401 -
10.100.140.241 - - [07/Aug/2024 00:45:32] "[31m[1mGET /api/data HTTP/1.1[0m" 401 -
10.100.140.241 - - [07/Aug/2024 00:45:32] "[31m[1mGET /api/data HTTP/1.1[0m" 401 -
10.100.140.241 - - [07/Aug/2024 00:45:32] "[31m[1mGET /api/data HTTP/1.1[0m" 401 -
10.100.140.241 - - [07/Aug/2024 00:45:32] "[31m[1mGET /api/data HTTP/1.1[0m" 401 -
10.100.140.241 - - [07/Aug/2024 00:45:32] "[31m[1mGET /api/data HTTP/1.1[0m" 401 -
10.100.140.241 - - [07/Aug/2024 00:45:32] "[31m[1mGET /api/data HTTP/1.1[0m" 401 -
10.100.140.241 - - [07/Aug/2024 00:45:32] "[31m[1mGET /api/data HTTP/1.1[0m" 401 -
10.100.140.241 - - [07/Aug/2024 00:45:32] "[31m[1mGET /api/data HTTP/1.1[0m" 401 -
10.100.140.241 - - [07/Aug/2024 00:45:32] "[31m[1mGET /api/data HTTP/1.1[0m" 401 -
10.100.140.241 - - [07/Aug/2024 00:45:32] "[31m[1mGET /api/data HTTP/1.1[0m" 401 -
10.100.140.241 - - [07/Aug/2024 00:45:32] "[31m[1mGET /api/data HTTP/1.1[0m" 401 -
10.100.140.241 - - [07/Aug/2024 00:45:33] "[31m[1mGET /api/data HTTP/1.1[0m" 401 -
10.100.140.241 - - [07/Aug/2024 00:45:33] "[31m[1mGET /api/data HTTP/1.1[0m" 401 -
10.100.140.241 - - [07/Aug/2024 00:45:33] "[31m[1mGET /api/data HTTP/1.1[0m" 401 -
10.100.140.241 - - [07/Aug/2024 00:45:33] "[31m[1mGET /api/data HTTP/1.1[0m" 401 -
10.100.140.241 - - [07/Aug/2024 00:45:33] "[31m[1mGET /api/data HTTP/1.1[0m" 401 -
10.100.140.241 - - [07/Aug/2024 00:45:33] "[31m[1mGET /api/data HTTP/1.1[0m" 401 -
10.100.140.241 - - [07/Aug/2024 00:45:33] "[31m[1mGET /api/data HTTP/1.1[0m" 401 -
10.100.140.241 - - [07/Aug/2024 00:45:33] "[31m[1mGET /api/data HTTP/1.1[0m" 401 -
10.100.140.241 - - [07/Aug/2024 00:45:33] "[31m[1mGET /api/data HTTP/1.1[0m" 401 -
10.100.140.241 - - [07/Aug/2024 00:45:33] "[31m[1mGET /api/data HTTP/1.1[0m" 401 -
10.100.140.241 - - [07/Aug/2024 00:45:33] "[31m[1mGET /api/data HTTP/1.1[0m" 401 -
10.100.140.241 - - [07/Aug/2024 00:45:34] "[31m[1mGET /api/data HTTP/1.1[0m" 401 -
10.100.140.241 - - [07/Aug/2024 00:45:34] "[31m[1mGET /api/data HTTP/1.1[0m" 401 -
10.100.140.241 - - [07/Aug/2024 00:45:34] "[31m[1mGET /api/data HTTP/1.1[0m" 401 -
10.100.140.241 - - [07/Aug/2024 00:45:34] "[31m[1mGET /api/data HTTP/1.1[0m" 401 -
10.100.140.241 - - [07/Aug/2024 00:45:34] "[31m[1mGET /api/data HTTP/1.1[0m" 401 -
10.100.140.241 - - [07/Aug/2024 00:45:34] "[31m[1mGET /api/data HTTP/1.1[0m" 401 -
10.100.140.241 - - [07/Aug/2024 00:45:34] "[31m[1mGET /api/data HTTP/1.1[0m" 401 -
10.100.140.241 - - [07/Aug/2024 00:45:34] "[31m[1mGET /api/data HTTP/1.1[0m" 401 -
10.100.140.241 - - [07/Aug/2024 00:45:35] "[31m[1mGET /api/data HTTP/1.1[0m" 401 -
10.100.140.241 - - [07/Aug/2024 00:45:35] "[31m[1mGET /api/data HTTP/1.1[0m" 401 -
10.100.140.241 - - [07/Aug/2024 00:45:44] "OPTIONS /api/login HTTP/1.1" 200 -
10.100.140.241 - - [07/Aug/2024 00:45:45] "POST /api/login HTTP/1.1" 200 -
10.100.140.241 - - [07/Aug/2024 00:45:45] "OPTIONS /api/data HTTP/1.1" 200 -
10.100.140.241 - - [07/Aug/2024 00:45:45] "OPTIONS /api/data HTTP/1.1" 200 -
10.100.140.241 - - [07/Aug/2024 00:45:45] "GET /api/data HTTP/1.1" 200 -
10.100.140.241 - - [07/Aug/2024 00:45:46] "GET /api/data HTTP/1.1" 200 -
10.100.140.241 - - [07/Aug/2024 00:46:55] "OPTIONS /api/data HTTP/1.1" 200 -
10.100.140.241 - - [07/Aug/2024 00:46:55] "OPTIONS /api/data HTTP/1.1" 200 -
10.100.140.241 - - [07/Aug/2024 00:46:55] "GET /api/data HTTP/1.1" 200 -
10.100.140.241 - - [07/Aug/2024 00:46:55] "GET /api/data HTTP/1.1" 200 -
10.100.140.241 - - [07/Aug/2024 00:47:10] "OPTIONS /api/update_revenue_status HTTP/1.1" 200 -
10.100.140.241 - - [07/Aug/2024 00:47:10] "POST /api/update_revenue_status HTTP/1.1" 200 -
10.100.140.241 - - [07/Aug/2024 00:47:14] "OPTIONS /api/data HTTP/1.1" 200 -
10.100.140.241 - - [07/Aug/2024 00:47:14] "OPTIONS /api/data HTTP/1.1" 200 -
10.100.140.241 - - [07/Aug/2024 00:47:14] "GET /api/data HTTP/1.1" 200 -
10.100.140.241 - - [07/Aug/2024 00:47:15] "GET /api/data HTTP/1.1" 200 -
10.100.140.241 - - [07/Aug/2024 00:47:22] "OPTIONS /api/data HTTP/1.1" 200 -
10.100.140.241 - - [07/Aug/2024 00:47:22] "OPTIONS /api/data HTTP/1.1" 200 -
10.100.140.241 - - [07/Aug/2024 00:47:22] "GET /api/data HTTP/1.1" 200 -
10.100.140.241 - - [07/Aug/2024 00:47:23] "GET /api/data HTTP/1.1" 200 -
10.100.140.241 - - [07/Aug/2024 00:47:34] "OPTIONS /api/update_revenue_status HTTP/1.1" 200 -
10.100.140.241 - - [07/Aug/2024 00:47:35] "POST /api/update_revenue_status HTTP/1.1" 200 -
10.100.140.241 - - [07/Aug/2024 00:47:38] "OPTIONS /api/data HTTP/1.1" 200 -
10.100.140.241 - - [07/Aug/2024 00:47:38] "OPTIONS /api/data HTTP/1.1" 200 -
10.100.140.241 - - [07/Aug/2024 00:47:38] "GET /api/data HTTP/1.1" 200 -
10.100.140.241 - - [07/Aug/2024 00:47:39] "GET /api/data HTTP/1.1" 200 -
10.100.140.241 - - [07/Aug/2024 10:45:54] "OPTIONS /api/data HTTP/1.1" 200 -
10.100.140.241 - - [07/Aug/2024 10:45:54] "OPTIONS /api/data HTTP/1.1" 200 -
10.100.140.241 - - [07/Aug/2024 10:45:55] "[31m[1mGET /api/data HTTP/1.1[0m" 401 -
10.100.140.241 - - [07/Aug/2024 10:45:55] "[31m[1mGET /api/data HTTP/1.1[0m" 401 -
10.100.140.241 - - [07/Aug/2024 10:45:56] "[31m[1mGET /api/data HTTP/1.1[0m" 401 -
10.100.140.241 - - [07/Aug/2024 10:45:56] "[31m[1mGET /api/data HTTP/1.1[0m" 401 -
10.100.140.241 - - [07/Aug/2024 10:45:56] "[31m[1mGET /api/data HTTP/1.1[0m" 401 -
10.100.140.241 - - [07/Aug/2024 10:45:56] "[31m[1mGET /api/data HTTP/1.1[0m" 401 -
10.100.140.241 - - [07/Aug/2024 10:45:57] "[31m[1mGET /api/data HTTP/1.1[0m" 401 -
10.100.140.241 - - [07/Aug/2024 10:45:57] "[31m[1mGET /api/data HTTP/1.1[0m" 401 -
10.100.140.241 - - [07/Aug/2024 10:45:57] "[31m[1mGET /api/data HTTP/1.1[0m" 401 -
10.100.140.241 - - [07/Aug/2024 10:45:57] "[31m[1mGET /api/data HTTP/1.1[0m" 401 -
10.100.140.241 - - [07/Aug/2024 10:45:57] "[31m[1mGET /api/data HTTP/1.1[0m" 401 -
10.100.140.241 - - [07/Aug/2024 10:45:58] "[31m[1mGET /api/data HTTP/1.1[0m" 401 -
10.100.140.241 - - [07/Aug/2024 10:46:06] "OPTIONS /api/login HTTP/1.1" 200 -
10.100.140.241 - - [07/Aug/2024 10:46:06] "POST /api/login HTTP/1.1" 200 -
10.100.140.241 - - [07/Aug/2024 10:46:06] "OPTIONS /api/data HTTP/1.1" 200 -
10.100.140.241 - - [07/Aug/2024 10:46:06] "OPTIONS /api/data HTTP/1.1" 200 -
10.100.140.241 - - [07/Aug/2024 10:46:07] "GET /api/data HTTP/1.1" 200 -
10.100.140.241 - - [07/Aug/2024 10:46:07] "GET /api/data HTTP/1.1" 200 -
10.100.140.241 - - [07/Aug/2024 10:46:12] "OPTIONS /api/data HTTP/1.1" 200 -
10.100.140.241 - - [07/Aug/2024 10:46:12] "OPTIONS /api/data HTTP/1.1" 200 -
10.100.140.241 - - [07/Aug/2024 10:46:12] "GET /api/data HTTP/1.1" 200 -
10.100.140.241 - - [07/Aug/2024 10:46:12] "GET /api/data HTTP/1.1" 200 -
10.100.140.241 - - [07/Aug/2024 10:50:43] "OPTIONS /api/update_revenue_status HTTP/1.1" 200 -
10.100.140.241 - - [07/Aug/2024 10:50:43] "POST /api/update_revenue_status HTTP/1.1" 200 -
10.100.140.241 - - [07/Aug/2024 10:50:46] "OPTIONS /api/data HTTP/1.1" 200 -
10.100.140.241 - - [07/Aug/2024 10:50:46] "OPTIONS /api/data HTTP/1.1" 200 -
10.100.140.241 - - [07/Aug/2024 10:50:47] "GET /api/data HTTP/1.1" 200 -
10.100.140.241 - - [07/Aug/2024 10:50:47] "GET /api/data HTTP/1.1" 200 -
10.100.140.241 - - [07/Aug/2024 10:51:32] "OPTIONS /api/data HTTP/1.1" 200 -
10.100.140.241 - - [07/Aug/2024 10:51:32] "OPTIONS /api/data HTTP/1.1" 200 -
10.100.140.241 - - [07/Aug/2024 10:51:33] "GET /api/data HTTP/1.1" 200 -
10.100.140.241 - - [07/Aug/2024 10:51:33] "GET /api/data HTTP/1.1" 200 -
10.100.140.241 - - [07/Aug/2024 10:51:37] "GET /api/data HTTP/1.1" 200 -
10.100.140.241 - - [07/Aug/2024 10:51:38] "GET /api/data HTTP/1.1" 200 -
10.100.140.241 - - [07/Aug/2024 11:52:16] "OPTIONS /api/data HTTP/1.1" 200 -
10.100.140.241 - - [07/Aug/2024 11:52:16] "OPTIONS /api/data HTTP/1.1" 200 -
10.100.140.241 - - [07/Aug/2024 11:52:16] "OPTIONS /api/data HTTP/1.1" 200 -
10.100.140.241 - - [07/Aug/2024 11:52:16] "OPTIONS /api/data HTTP/1.1" 200 -
10.100.140.241 - - [07/Aug/2024 11:52:16] "OPTIONS /api/data HTTP/1.1" 200 -
10.100.140.241 - - [07/Aug/2024 11:52:16] "OPTIONS /api/data HTTP/1.1" 200 -
10.100.140.241 - - [07/Aug/2024 11:52:16] "[31m[1mGET /api/data HTTP/1.1[0m" 401 -
10.100.140.241 - - [07/Aug/2024 11:52:16] "[31m[1mGET /api/data HTTP/1.1[0m" 401 -
10.100.140.241 - - [07/Aug/2024 11:52:16] "[31m[1mGET /api/data HTTP/1.1[0m" 401 -
10.100.140.241 - - [07/Aug/2024 11:52:16] "[31m[1mGET /api/data HTTP/1.1[0m" 401 -
10.100.140.241 - - [07/Aug/2024 11:52:16] "[31m[1mGET /api/data HTTP/1.1[0m" 401 -
10.100.140.241 - - [07/Aug/2024 11:52:17] "[31m[1mGET /api/data HTTP/1.1[0m" 401 -
10.100.140.241 - - [07/Aug/2024 11:52:17] "[31m[1mGET /api/data HTTP/1.1[0m" 401 -
10.100.140.241 - - [07/Aug/2024 11:52:17] "[31m[1mGET /api/data HTTP/1.1[0m" 401 -
10.100.140.241 - - [07/Aug/2024 11:52:20] "[31m[1mGET /api/data HTTP/1.1[0m" 401 -
10.100.140.241 - - [07/Aug/2024 11:52:20] "[31m[1mGET /api/data HTTP/1.1[0m" 401 -
10.100.140.241 - - [07/Aug/2024 12:24:56] "OPTIONS /api/login HTTP/1.1" 200 -
10.100.140.241 - - [07/Aug/2024 12:24:57] "POST /api/login HTTP/1.1" 200 -
10.100.140.241 - - [07/Aug/2024 12:24:57] "OPTIONS /api/data HTTP/1.1" 200 -
10.100.140.241 - - [07/Aug/2024 12:24:57] "OPTIONS /api/data HTTP/1.1" 200 -
10.100.140.241 - - [07/Aug/2024 12:24:58] "GET /api/data HTTP/1.1" 200 -
10.100.140.241 - - [07/Aug/2024 12:24:58] "GET /api/data HTTP/1.1" 200 -
10.100.140.241 - - [07/Aug/2024 12:28:55] "OPTIONS /api/data HTTP/1.1" 200 -
10.100.140.241 - - [07/Aug/2024 12:28:55] "OPTIONS /api/data HTTP/1.1" 200 -
10.100.140.241 - - [07/Aug/2024 12:28:56] "GET /api/data HTTP/1.1" 200 -
10.100.140.241 - - [07/Aug/2024 12:28:56] "GET /api/data HTTP/1.1" 200 -
10.100.140.241 - - [07/Aug/2024 12:49:09] "[31m[1mGET /api/data?Area=Burntwood&Activity=Sub-Duct&Email_ID=kenzdrew1234@icloud.com HTTP/1.1[0m" 401 -
10.100.140.241 - - [07/Aug/2024 12:49:16] "POST /api/login HTTP/1.1" 200 -
10.100.140.241 - - [07/Aug/2024 12:49:34] "GET /api/data?Area=Burntwood&Activity=Sub-Duct&Email_ID=kenzdrew1234@icloud.com HTTP/1.1" 200 -
10.100.140.241 - - [07/Aug/2024 12:50:21] "GET /api/data?Area=Burntwood&Activity=Sub-Duct&Email_ID=kenzdrew1234@icloud.com HTTP/1.1" 200 -
10.100.140.241 - - [07/Aug/2024 12:50:59] "GET /api/data HTTP/1.1" 200 -
10.100.140.241 - - [07/Aug/2024 12:51:04] "GET /api/data HTTP/1.1" 200 -
10.100.140.241 - - [07/Aug/2024 12:53:18] "GET /api/data HTTP/1.1" 200 -
 * Detected change in '/home/administrator/flask/app3.py', reloading
 * Detected change in '/home/administrator/flask/app3.py', reloading
 * Restarting with stat
 * Restarting with stat
 * Debugger is active!
 * Debugger PIN: 250-402-423
 * Debugger is active!
 * Debugger PIN: 250-402-423
10.100.140.241 - - [07/Aug/2024 13:31:22] "[33mGET /api/unique_values?table=eod_dump&column=User_Name HTTP/1.1[0m" 404 -
10.100.140.241 - - [07/Aug/2024 13:31:50] "[33mGET /api/unique_values?table=eod_dump&column=User_Name HTTP/1.1[0m" 404 -
 * Detected change in '/home/administrator/flask/app3.py', reloading
 * Detected change in '/home/administrator/flask/app3.py', reloading
 * Restarting with stat
 * Restarting with stat
 * Debugger is active!
 * Debugger PIN: 250-402-423
 * Debugger is active!
 * Debugger PIN: 250-402-423
10.100.140.241 - - [07/Aug/2024 13:33:50] "[35m[1mGET /api/unique_values?table=eod_dump&column=User_Name HTTP/1.1[0m" 500 -
10.100.140.241 - - [07/Aug/2024 13:35:06] "[35m[1mGET /api/unique_values?table=EODDump&column=User_Name HTTP/1.1[0m" 500 -
10.100.140.241 - - [07/Aug/2024 13:35:22] "[35m[1mGET /api/unique_values?table=eod_dump&column=User_Name HTTP/1.1[0m" 500 -
10.100.140.241 - - [07/Aug/2024 13:35:48] "[35m[1mGET /api/unique_values?table=eod_dump&column=seeds HTTP/1.1[0m" 500 -
10.100.140.241 - - [07/Aug/2024 13:35:50] "[35m[1mGET /api/unique_values?table=eod_dump&column=seed HTTP/1.1[0m" 500 -
10.100.140.241 - - [07/Aug/2024 13:35:53] "[31m[1mGET /api/unique_values?table=eod_dump&column= HTTP/1.1[0m" 400 -
10.100.140.241 - - [07/Aug/2024 13:40:47] "[35m[1mGET /api/unique_values?table=eod_dump&column=User_Name HTTP/1.1[0m" 500 -
 * Detected change in '/home/administrator/flask/app3.py', reloading
 * Detected change in '/home/administrator/flask/app3.py', reloading
 * Restarting with stat
 * Restarting with stat
 * Debugger is active!
 * Debugger PIN: 250-402-423
 * Debugger is active!
 * Debugger PIN: 250-402-423
 * Detected change in '/home/administrator/flask/app3.py', reloading
 * Detected change in '/home/administrator/flask/app3.py', reloading
 * Restarting with stat
 * Restarting with stat
 * Debugger is active!
 * Debugger PIN: 250-402-423
 * Debugger is active!
 * Debugger PIN: 250-402-423
 * Detected change in '/home/administrator/flask/app3.py', reloading
 * Detected change in '/home/administrator/flask/app3.py', reloading
 * Restarting with stat
 * Restarting with stat
 * Debugger is active!
 * Debugger PIN: 250-402-423
 * Debugger is active!
 * Debugger PIN: 250-402-423
10.100.140.241 - - [07/Aug/2024 13:42:42] "[35m[1mGET /api/unique_values?table=eod_dump&column=User_Name HTTP/1.1[0m" 500 -
 * Detected change in '/home/administrator/flask/app3.py', reloading
 * Restarting with stat
 * Detected change in '/home/administrator/flask/app3.py', reloading
 * Restarting with stat
 * Debugger is active!
 * Debugger PIN: 250-402-423
 * Debugger is active!
 * Debugger PIN: 250-402-423
 * Detected change in '/home/administrator/flask/app3.py', reloading
 * Detected change in '/home/administrator/flask/app3.py', reloading
 * Restarting with stat
 * Restarting with stat
 * Debugger is active!
 * Debugger PIN: 250-402-423
 * Debugger is active!
 * Debugger PIN: 250-402-423
 * Detected change in '/home/administrator/flask/app3.py', reloading
 * Detected change in '/home/administrator/flask/app3.py', reloading
 * Restarting with stat
 * Restarting with stat
 * Debugger is active!
 * Debugger PIN: 250-402-423
 * Debugger is active!
 * Debugger PIN: 250-402-423
10.100.140.241 - - [07/Aug/2024 13:44:35] "GET /api/unique_values?table=eod_dump&column=User_Name HTTP/1.1" 200 -
10.100.140.241 - - [07/Aug/2024 14:19:58] "POST /api/login HTTP/1.1" 200 -
10.100.140.241 - - [07/Aug/2024 14:20:48] "[33mGET /api/unique_values?table=eod_dump&column=area HTTP/1.1[0m" 404 -
10.100.140.241 - - [07/Aug/2024 14:21:59] "GET /api/unique_values?table=eod_dump&column=Area HTTP/1.1" 200 -
10.100.140.241 - - [07/Aug/2024 15:12:45] "[33mOPTIONS /api/api/data/revenue?start_date=2024-07-31&end_date=2024-08-07 HTTP/1.1[0m" 404 -
10.100.140.241 - - [07/Aug/2024 15:12:45] "[33mOPTIONS /api/api/data/revenue?start_date=2024-07-31&end_date=2024-08-07 HTTP/1.1[0m" 404 -
10.100.140.241 - - [07/Aug/2024 15:13:30] "[33mOPTIONS /api/api/data/revenue?start_date=2023-12-31&end_date=2024-08-07 HTTP/1.1[0m" 404 -
10.100.140.241 - - [07/Aug/2024 15:13:34] "[33mOPTIONS /api/api/data/revenue?start_date=2023-12-19&end_date=2024-08-07 HTTP/1.1[0m" 404 -
10.100.140.241 - - [07/Aug/2024 15:13:44] "[33mOPTIONS /api/api/data/revenue?start_date=2023-12-19&end_date=2023-12-07 HTTP/1.1[0m" 404 -
10.100.140.241 - - [07/Aug/2024 15:13:48] "[33mOPTIONS /api/api/data/revenue?start_date=2023-12-19&end_date=2023-12-26 HTTP/1.1[0m" 404 -
10.100.140.241 - - [07/Aug/2024 15:14:21] "[33mOPTIONS /api/api/data/revenue?start_date=2024-07-31&end_date=2024-08-07 HTTP/1.1[0m" 404 -
10.100.140.241 - - [07/Aug/2024 15:14:21] "[33mOPTIONS /api/api/data/revenue?start_date=2024-07-31&end_date=2024-08-07 HTTP/1.1[0m" 404 -
10.100.140.241 - - [07/Aug/2024 15:14:43] "[33mOPTIONS /api/api/data/revenue?start_date=2024-07-31&end_date=2024-08-07 HTTP/1.1[0m" 404 -
10.100.140.241 - - [07/Aug/2024 15:14:43] "[33mOPTIONS /api/api/data/revenue?start_date=2024-07-31&end_date=2024-08-07 HTTP/1.1[0m" 404 -
10.100.140.241 - - [07/Aug/2024 15:23:47] "[33mOPTIONS /api/api/data/revenue?start_date=2024-07-31&end_date=2024-08-07 HTTP/1.1[0m" 404 -
10.100.140.241 - - [07/Aug/2024 15:23:47] "[33mOPTIONS /api/api/data/revenue?start_date=2024-07-31&end_date=2024-08-07 HTTP/1.1[0m" 404 -
10.100.140.241 - - [07/Aug/2024 15:30:31] "[33mOPTIONS /api/api/data/revenue?Date>=2024-07-31&Date<=2024-08-07 HTTP/1.1[0m" 404 -
10.100.140.241 - - [07/Aug/2024 15:30:39] "[33mOPTIONS /api/api/data/revenue?Date>=2024-07-31&Date<=2024-08-07 HTTP/1.1[0m" 404 -
10.100.140.241 - - [07/Aug/2024 15:30:39] "[33mOPTIONS /api/api/data/revenue?Date>=2024-07-31&Date<=2024-08-07 HTTP/1.1[0m" 404 -
10.100.140.241 - - [07/Aug/2024 15:32:58] "[31m[1mGET /api/data/revenue?Date>=23-08-22%20&&%20Date<=30-08-22%20 HTTP/1.1[0m" 401 -
10.100.140.241 - - [07/Aug/2024 15:33:04] "POST /api/login HTTP/1.1" 200 -
/home/administrator/flask/app3.py:597: SAWarning: SELECT statement has a cartesian product between FROM element(s) "client_rate" and FROM element "eod_dump".  Apply join condition(s) between each element to resolve.
  revenue = db.session.query(
10.100.140.241 - - [07/Aug/2024 15:33:38] "GET /api/data/revenue?Date>=23-08-22%20&&%20Date<=30-08-22%20 HTTP/1.1" 200 -
10.100.140.241 - - [07/Aug/2024 15:45:05] "[33mOPTIONS /api/api/data/revenue?Date>%3D2024-07-31&Date<%3D2024-08-07 HTTP/1.1[0m" 404 -
10.100.140.241 - - [07/Aug/2024 15:45:11] "[33mOPTIONS /api/api/data/revenue?Date>%3D2024-07-31&Date<%3D2024-08-07 HTTP/1.1[0m" 404 -
10.100.140.241 - - [07/Aug/2024 15:45:11] "[33mOPTIONS /api/api/data/revenue?Date>%3D2024-07-31&Date<%3D2024-08-07 HTTP/1.1[0m" 404 -
10.100.140.241 - - [07/Aug/2024 15:45:29] "[33mOPTIONS /api/api/data/revenue?Date>%3D2024-07-31&Date<%3D2024-08-07 HTTP/1.1[0m" 404 -
10.100.140.241 - - [07/Aug/2024 15:45:29] "[33mOPTIONS /api/api/data/revenue?Date>%3D2024-07-31&Date<%3D2024-08-07 HTTP/1.1[0m" 404 -
10.100.140.241 - - [07/Aug/2024 15:45:45] "[33mOPTIONS /api/api/data/revenue?Date>%3D2024-07-31&Date<%3D2024-08-07 HTTP/1.1[0m" 404 -
10.100.140.241 - - [07/Aug/2024 15:45:45] "[33mOPTIONS /api/api/data/revenue?Date>%3D2024-07-31&Date<%3D2024-08-07 HTTP/1.1[0m" 404 -
10.100.140.241 - - [07/Aug/2024 15:52:50] "[33mOPTIONS /api/api/data/revenue?Date>=31-07-24%20&&%20Date<=07-08-24 HTTP/1.1[0m" 404 -
10.100.140.241 - - [07/Aug/2024 15:52:50] "[33mOPTIONS /api/api/data/revenue?Date>=31-07-24%20&&%20Date<=07-08-24 HTTP/1.1[0m" 404 -
10.100.140.241 - - [07/Aug/2024 15:53:02] "[33mOPTIONS /api/api/data/revenue?Date>=31-07-24%20&&%20Date<=07-08-24 HTTP/1.1[0m" 404 -
10.100.140.241 - - [07/Aug/2024 15:53:02] "[33mOPTIONS /api/api/data/revenue?Date>=31-07-24%20&&%20Date<=07-08-24 HTTP/1.1[0m" 404 -
10.100.140.241 - - [07/Aug/2024 15:53:22] "[33mOPTIONS /api/api/data/revenue?Date>=31-07-24%20&&%20Date<=07-08-24 HTTP/1.1[0m" 404 -
10.100.140.241 - - [07/Aug/2024 15:53:22] "[33mOPTIONS /api/api/data/revenue?Date>=31-07-24%20&&%20Date<=07-08-24 HTTP/1.1[0m" 404 -
10.100.140.241 - - [07/Aug/2024 15:55:12] "[33mOPTIONS /api/api/data/revenue?Date>=31-07-24%20&&%20Date<=07-08-24 HTTP/1.1[0m" 404 -
10.100.140.241 - - [07/Aug/2024 15:55:12] "[33mOPTIONS /api/api/data/revenue?Date>=31-07-24%20&&%20Date<=07-08-24 HTTP/1.1[0m" 404 -
10.100.140.241 - - [07/Aug/2024 15:56:30] "[33mOPTIONS /api/api/data/revenue?Date>=31-07-24%20&&%20Date<=07-08-24 HTTP/1.1[0m" 404 -
10.100.140.241 - - [07/Aug/2024 15:56:30] "[33mOPTIONS /api/api/data/revenue?Date>=31-07-24%20&&%20Date<=07-08-24 HTTP/1.1[0m" 404 -
10.100.140.241 - - [07/Aug/2024 16:12:45] "OPTIONS /api/data/revenue?Date>=31-07-24%20&&%20Date<=07-08-24 HTTP/1.1" 200 -
10.100.140.241 - - [07/Aug/2024 16:12:45] "[31m[1mGET /api/data/revenue?Date>=31-07-24%20&&%20Date<=07-08-24 HTTP/1.1[0m" 401 -
10.100.140.241 - - [07/Aug/2024 16:12:50] "[31m[1mGET /api/data/revenue?Date>=31-07-24%20&&%20Date<=07-08-24 HTTP/1.1[0m" 401 -
10.100.140.241 - - [07/Aug/2024 16:12:50] "[31m[1mGET /api/data/revenue?Date>=31-07-24%20&&%20Date<=07-08-24 HTTP/1.1[0m" 401 -
10.100.140.241 - - [07/Aug/2024 16:12:56] "OPTIONS /api/data HTTP/1.1" 200 -
10.100.140.241 - - [07/Aug/2024 16:12:56] "OPTIONS /api/data HTTP/1.1" 200 -
10.100.140.241 - - [07/Aug/2024 16:12:56] "OPTIONS /api/data HTTP/1.1" 200 -
10.100.140.241 - - [07/Aug/2024 16:12:56] "OPTIONS /api/data HTTP/1.1" 200 -
10.100.140.241 - - [07/Aug/2024 16:12:56] "[31m[1mGET /api/data HTTP/1.1[0m" 401 -
10.100.140.241 - - [07/Aug/2024 16:12:56] "[31m[1mGET /api/data HTTP/1.1[0m" 401 -
10.100.140.241 - - [07/Aug/2024 16:12:56] "[31m[1mGET /api/data HTTP/1.1[0m" 401 -
10.100.140.241 - - [07/Aug/2024 16:12:56] "[31m[1mGET /api/data HTTP/1.1[0m" 401 -
10.100.140.241 - - [07/Aug/2024 16:13:07] "OPTIONS /api/login HTTP/1.1" 200 -
10.100.140.241 - - [07/Aug/2024 16:13:08] "POST /api/login HTTP/1.1" 200 -
10.100.140.241 - - [07/Aug/2024 16:13:08] "OPTIONS /api/data HTTP/1.1" 200 -
10.100.140.241 - - [07/Aug/2024 16:13:08] "OPTIONS /api/data HTTP/1.1" 200 -
10.100.140.241 - - [07/Aug/2024 16:13:09] "GET /api/data HTTP/1.1" 200 -
10.100.140.241 - - [07/Aug/2024 16:13:09] "GET /api/data HTTP/1.1" 200 -
10.100.140.241 - - [07/Aug/2024 16:13:15] "OPTIONS /api/data/revenue?Date>=31-07-24%20&&%20Date<=07-08-24 HTTP/1.1" 200 -
10.100.140.241 - - [07/Aug/2024 16:13:15] "OPTIONS /api/data/revenue?Date>=31-07-24%20&&%20Date<=07-08-24 HTTP/1.1" 200 -
10.100.140.241 - - [07/Aug/2024 16:13:16] "GET /api/data/revenue?Date>=31-07-24%20&&%20Date<=07-08-24 HTTP/1.1" 200 -
10.100.140.241 - - [07/Aug/2024 16:13:17] "GET /api/data/revenue?Date>=31-07-24%20&&%20Date<=07-08-24 HTTP/1.1" 200 -
10.100.140.241 - - [07/Aug/2024 16:14:05] "GET /api/data/revenue HTTP/1.1" 200 -
10.100.140.241 - - [07/Aug/2024 16:14:37] "OPTIONS /api/login HTTP/1.1" 200 -
10.100.140.241 - - [07/Aug/2024 16:14:37] "POST /api/login HTTP/1.1" 200 -
10.100.140.241 - - [07/Aug/2024 16:14:37] "OPTIONS /api/data HTTP/1.1" 200 -
10.100.140.241 - - [07/Aug/2024 16:14:37] "OPTIONS /api/data HTTP/1.1" 200 -
10.100.140.241 - - [07/Aug/2024 16:14:38] "GET /api/data HTTP/1.1" 200 -
10.100.140.241 - - [07/Aug/2024 16:14:38] "GET /api/data HTTP/1.1" 200 -
10.100.140.241 - - [07/Aug/2024 16:14:40] "OPTIONS /api/data/revenue?Date>=31-07-24%20&&%20Date<=07-08-24 HTTP/1.1" 200 -
10.100.140.241 - - [07/Aug/2024 16:14:40] "OPTIONS /api/data/revenue?Date>=31-07-24%20&&%20Date<=07-08-24 HTTP/1.1" 200 -
10.100.140.241 - - [07/Aug/2024 16:14:41] "GET /api/data/revenue?Date>=31-07-24%20&&%20Date<=07-08-24 HTTP/1.1" 200 -
10.100.140.241 - - [07/Aug/2024 16:14:42] "GET /api/data/revenue?Date>=31-07-24%20&&%20Date<=07-08-24 HTTP/1.1" 200 -
10.100.140.241 - - [07/Aug/2024 16:16:50] "OPTIONS /api/data/revenue?Date>=31-07-24%20&&%20Date<=07-08-24 HTTP/1.1" 200 -
10.100.140.241 - - [07/Aug/2024 16:16:50] "OPTIONS /api/data/revenue?Date>=31-07-24%20&&%20Date<=07-08-24 HTTP/1.1" 200 -
10.100.140.241 - - [07/Aug/2024 16:16:51] "GET /api/data/revenue?Date>=31-07-24%20&&%20Date<=07-08-24 HTTP/1.1" 200 -
10.100.140.241 - - [07/Aug/2024 16:16:52] "GET /api/data/revenue?Date>=31-07-24%20&&%20Date<=07-08-24 HTTP/1.1" 200 -
10.100.140.241 - - [07/Aug/2024 16:16:55] "GET /api/data/revenue?Date>=31-07-24%20&&%20Date<=07-08-24 HTTP/1.1" 200 -
10.100.140.241 - - [07/Aug/2024 16:16:56] "GET /api/data/revenue?Date>=31-07-24%20&&%20Date<=07-08-24 HTTP/1.1" 200 -
10.100.140.241 - - [07/Aug/2024 16:17:02] "OPTIONS /api/data/revenue?Date>=08-07-24%20&&%20Date<=07-08-24 HTTP/1.1" 200 -
10.100.140.241 - - [07/Aug/2024 16:17:03] "GET /api/data/revenue?Date>=08-07-24%20&&%20Date<=07-08-24 HTTP/1.1" 200 -
10.100.140.241 - - [07/Aug/2024 16:17:17] "OPTIONS /api/data/revenue?Date>=08-08-22%20&&%20Date<=07-08-24 HTTP/1.1" 200 -
10.100.140.241 - - [07/Aug/2024 16:17:18] "GET /api/data/revenue?Date>=08-08-22%20&&%20Date<=07-08-24 HTTP/1.1" 200 -
10.100.140.241 - - [07/Aug/2024 16:17:31] "OPTIONS /api/data/revenue?Date>=23-08-22%20&&%20Date<=07-08-24 HTTP/1.1" 200 -
10.100.140.241 - - [07/Aug/2024 16:17:32] "GET /api/data/revenue?Date>=23-08-22%20&&%20Date<=07-08-24 HTTP/1.1" 200 -
10.100.140.241 - - [07/Aug/2024 16:17:41] "OPTIONS /api/data/revenue?Date>=23-08-22%20&&%20Date<=07-08-22 HTTP/1.1" 200 -
10.100.140.241 - - [07/Aug/2024 16:17:42] "GET /api/data/revenue?Date>=23-08-22%20&&%20Date<=07-08-22 HTTP/1.1" 200 -
10.100.140.241 - - [07/Aug/2024 16:17:58] "OPTIONS /api/data/revenue?Date>=23-08-22%20&&%20Date<=30-08-22 HTTP/1.1" 200 -
10.100.140.241 - - [07/Aug/2024 16:17:59] "GET /api/data/revenue?Date>=23-08-22%20&&%20Date<=30-08-22 HTTP/1.1" 200 -
 * Detected change in '/home/administrator/flask/app3.py', reloading
 * Detected change in '/home/administrator/flask/app3.py', reloading
 * Restarting with stat
 * Restarting with stat
 * Debugger is active!
 * Debugger PIN: 250-402-423
 * Debugger is active!
 * Debugger PIN: 250-402-423
 * Detected change in '/home/administrator/flask/app3.py', reloading
 * Detected change in '/home/administrator/flask/app3.py', reloading
 * Restarting with stat
 * Restarting with stat
 * Debugger is active!
 * Debugger PIN: 250-402-423
 * Debugger is active!
 * Debugger PIN: 250-402-423
 * Detected change in '/home/administrator/flask/app3.py', reloading
 * Detected change in '/home/administrator/flask/app3.py', reloading
 * Restarting with stat
 * Restarting with stat
 * Debugger is active!
 * Debugger PIN: 250-402-423
 * Debugger is active!
 * Debugger PIN: 250-402-423
 * Detected change in '/home/administrator/flask/app3.py', reloading
 * Detected change in '/home/administrator/flask/app3.py', reloading
 * Restarting with stat
 * Restarting with stat
 * Debugger is active!
 * Debugger PIN: 250-402-423
 * Debugger is active!
 * Debugger PIN: 250-402-423
 * Detected change in '/home/administrator/flask/app3.py', reloading
 * Detected change in '/home/administrator/flask/app3.py', reloading
 * Restarting with stat
 * Restarting with stat
 * Debugger is active!
 * Debugger PIN: 250-402-423
 * Debugger is active!
 * Debugger PIN: 250-402-423
 * Detected change in '/home/administrator/flask/app3.py', reloading
 * Detected change in '/home/administrator/flask/app3.py', reloading
 * Restarting with stat
 * Restarting with stat
 * Debugger is active!
 * Debugger PIN: 250-402-423
 * Debugger is active!
 * Debugger PIN: 250-402-423
 * Detected change in '/home/administrator/flask/app3.py', reloading
 * Detected change in '/home/administrator/flask/app3.py', reloading
 * Restarting with stat
 * Restarting with stat
 * Debugger is active!
 * Debugger PIN: 250-402-423
 * Debugger is active!
 * Debugger PIN: 250-402-423
 * Detected change in '/home/administrator/flask/app3.py', reloading
 * Detected change in '/home/administrator/flask/app3.py', reloading
 * Restarting with stat
 * Restarting with stat
 * Debugger is active!
 * Debugger PIN: 250-402-423
 * Debugger is active!
 * Debugger PIN: 250-402-423
 * Detected change in '/home/administrator/flask/app3.py', reloading
 * Detected change in '/home/administrator/flask/app3.py', reloading
 * Restarting with stat
 * Restarting with stat
Traceback (most recent call last):
  File "/home/administrator/flask/app3.py", line 663, in <module>
    def get_users():
  File "/home/administrator/flask/myenv/lib/python3.8/site-packages/flask/sansio/scaffold.py", line 362, in decorator
    self.add_url_rule(rule, endpoint, f, **options)
  File "/home/administrator/flask/myenv/lib/python3.8/site-packages/flask/sansio/scaffold.py", line 47, in wrapper_func
    return f(self, *args, **kwargs)
  File "/home/administrator/flask/myenv/lib/python3.8/site-packages/flask/sansio/app.py", line 657, in add_url_rule
    raise AssertionError(
AssertionError: View function mapping is overwriting an existing endpoint function: get_users
Traceback (most recent call last):
  File "/home/administrator/flask/app3.py", line 663, in <module>
    def get_users():
  File "/home/administrator/flask/myenv/lib/python3.8/site-packages/flask/sansio/scaffold.py", line 362, in decorator
    self.add_url_rule(rule, endpoint, f, **options)
  File "/home/administrator/flask/myenv/lib/python3.8/site-packages/flask/sansio/scaffold.py", line 47, in wrapper_func
    return f(self, *args, **kwargs)
  File "/home/administrator/flask/myenv/lib/python3.8/site-packages/flask/sansio/app.py", line 657, in add_url_rule
    raise AssertionError(
AssertionError: View function mapping is overwriting an existing endpoint function: get_users
Traceback (most recent call last):
  File "app3.py", line 723, in <module>
    def get_users():
  File "/home/administrator/flask/myenv/lib/python3.8/site-packages/flask/sansio/scaffold.py", line 362, in decorator
    self.add_url_rule(rule, endpoint, f, **options)
  File "/home/administrator/flask/myenv/lib/python3.8/site-packages/flask/sansio/scaffold.py", line 47, in wrapper_func
    return f(self, *args, **kwargs)
  File "/home/administrator/flask/myenv/lib/python3.8/site-packages/flask/sansio/app.py", line 657, in add_url_rule
    raise AssertionError(
AssertionError: View function mapping is overwriting an existing endpoint function: get_users
 * Serving Flask app 'app3'
 * Debug mode: on
[31m[1mWARNING: This is a development server. Do not use it in a production deployment. Use a production WSGI server instead.[0m
 * Running on all addresses (0.0.0.0)
 * Running on http://127.0.0.1:5000
 * Running on http://10.100.130.76:5000
[33mPress CTRL+C to quit[0m
 * Restarting with stat
 * Debugger is active!
 * Debugger PIN: 250-402-423
10.100.140.241 - - [07/Aug/2024 17:05:52] "[31m[1mGET /api/users HTTP/1.1[0m" 401 -
10.100.140.241 - - [07/Aug/2024 17:05:58] "POST /api/login HTTP/1.1" 200 -
10.100.140.241 - - [07/Aug/2024 17:06:19] "GET /api/users HTTP/1.1" 200 -
/home/administrator/flask/app3.py:655: LegacyAPIWarning: The Query.get() method is considered legacy as of the 1.x series of SQLAlchemy and becomes a legacy construct in 2.0. The method is now available as Session.get() (deprecated since: 2.0) (Background on SQLAlchemy 2.0 at: https://sqlalche.me/e/b8d9)
  user = User.query.get(id)
10.100.140.241 - - [07/Aug/2024 17:07:17] "GET /api/users/1 HTTP/1.1" 200 -
10.100.140.241 - - [07/Aug/2024 17:08:06] "[33mPUT /api/users/ HTTP/1.1[0m" 404 -
10.100.140.241 - - [07/Aug/2024 17:08:10] "[33mGET /api/users/ HTTP/1.1[0m" 404 -
10.100.140.241 - - [07/Aug/2024 17:08:12] "GET /api/users HTTP/1.1" 200 -
10.100.140.241 - - [07/Aug/2024 17:08:40] "GET /api/users/1 HTTP/1.1" 200 -
10.100.140.241 - - [07/Aug/2024 17:09:48] "[31m[1mPOST /api/register HTTP/1.1[0m" 401 -
10.100.140.241 - - [07/Aug/2024 17:09:55] "[31m[1mPOST /api/register HTTP/1.1[0m" 415 -
 * Detected change in '/home/administrator/flask/app3.py', reloading
 * Restarting with stat
 * Debugger is active!
 * Debugger PIN: 250-402-423
10.100.140.241 - - [07/Aug/2024 17:12:24] "[35m[1mPOST /api/register HTTP/1.1[0m" 201 -
/home/administrator/flask/app3.py:674: LegacyAPIWarning: The Query.get() method is considered legacy as of the 1.x series of SQLAlchemy and becomes a legacy construct in 2.0. The method is now available as Session.get() (deprecated since: 2.0) (Background on SQLAlchemy 2.0 at: https://sqlalche.me/e/b8d9)
  user = User.query.get(id)
10.100.140.241 - - [07/Aug/2024 17:12:56] "[31m[1mPUT /api/users/5 HTTP/1.1[0m" 415 -
10.100.140.241 - - [07/Aug/2024 17:13:00] "[31m[1mPUT /api/users/4 HTTP/1.1[0m" 415 -
10.100.140.241 - - [07/Aug/2024 17:13:02] "[31m[1mPUT /api/users/1 HTTP/1.1[0m" 415 -
/home/administrator/flask/app3.py:656: LegacyAPIWarning: The Query.get() method is considered legacy as of the 1.x series of SQLAlchemy and becomes a legacy construct in 2.0. The method is now available as Session.get() (deprecated since: 2.0) (Background on SQLAlchemy 2.0 at: https://sqlalche.me/e/b8d9)
  user = User.query.get(id)
10.100.140.241 - - [07/Aug/2024 17:13:06] "GET /api/users/1 HTTP/1.1" 200 -
10.100.140.241 - - [07/Aug/2024 17:13:08] "[33mGET /api/users/6 HTTP/1.1[0m" 404 -
10.100.140.241 - - [07/Aug/2024 17:13:11] "GET /api/users/5 HTTP/1.1" 200 -
10.100.140.241 - - [07/Aug/2024 17:14:26] "[35m[1mPUT /api/users/5 HTTP/1.1[0m" 500 -
Traceback (most recent call last):
  File "/home/administrator/flask/myenv/lib/python3.8/site-packages/flask/app.py", line 1498, in __call__
    return self.wsgi_app(environ, start_response)
  File "/home/administrator/flask/myenv/lib/python3.8/site-packages/flask/app.py", line 1476, in wsgi_app
    response = self.handle_exception(e)
  File "/home/administrator/flask/myenv/lib/python3.8/site-packages/flask_cors/extension.py", line 178, in wrapped_function
    return cors_after_request(app.make_response(f(*args, **kwargs)))
  File "/home/administrator/flask/myenv/lib/python3.8/site-packages/flask/app.py", line 1473, in wsgi_app
    response = self.full_dispatch_request()
  File "/home/administrator/flask/myenv/lib/python3.8/site-packages/flask/app.py", line 882, in full_dispatch_request
    rv = self.handle_user_exception(e)
  File "/home/administrator/flask/myenv/lib/python3.8/site-packages/flask_cors/extension.py", line 178, in wrapped_function
    return cors_after_request(app.make_response(f(*args, **kwargs)))
  File "/home/administrator/flask/myenv/lib/python3.8/site-packages/flask/app.py", line 880, in full_dispatch_request
    rv = self.dispatch_request()
  File "/home/administrator/flask/myenv/lib/python3.8/site-packages/flask/app.py", line 865, in dispatch_request
    return self.ensure_sync(self.view_functions[rule.endpoint])(**view_args)  # type: ignore[no-any-return]
  File "/home/administrator/flask/myenv/lib/python3.8/site-packages/flask_jwt_extended/view_decorators.py", line 170, in decorator
    return current_app.ensure_sync(fn)(*args, **kwargs)
  File "/home/administrator/flask/app3.py", line 235, in decorator
    return fn(*args, **kwargs)
  File "/home/administrator/flask/app3.py", line 682, in update_user
    user.password = generate_password_hash(data['password'], method='sha256')
NameError: name 'generate_password_hash' is not defined
10.100.140.241 - - [07/Aug/2024 17:14:33] "PUT /api/users/5 HTTP/1.1" 200 -
/home/administrator/flask/app3.py:700: LegacyAPIWarning: The Query.get() method is considered legacy as of the 1.x series of SQLAlchemy and becomes a legacy construct in 2.0. The method is now available as Session.get() (deprecated since: 2.0) (Background on SQLAlchemy 2.0 at: https://sqlalche.me/e/b8d9)
  user = User.query.get(id)
10.100.140.241 - - [07/Aug/2024 17:15:10] "DELETE /api/users/5 HTTP/1.1" 200 -
 * Detected change in '/home/administrator/flask/app2.py', reloading
 * Restarting with stat
 * Debugger is active!
 * Debugger PIN: 250-402-423
 * Detected change in '/home/administrator/flask/app2.py', reloading
 * Restarting with stat
 * Debugger is active!
 * Debugger PIN: 250-402-423
 * Detected change in '/home/administrator/flask/app2.py', reloading
 * Restarting with stat
 * Debugger is active!
 * Debugger PIN: 250-402-423
 * Detected change in '/home/administrator/flask/app2.py', reloading
 * Restarting with stat
 * Debugger is active!
 * Debugger PIN: 250-402-423
 * Detected change in '/home/administrator/flask/app2.py', reloading
 * Restarting with stat
 * Debugger is active!
 * Debugger PIN: 250-402-423
 * Detected change in '/home/administrator/flask/app2.py', reloading
 * Restarting with stat
 * Debugger is active!
 * Debugger PIN: 250-402-423
 * Detected change in '/home/administrator/flask/app2.py', reloading
 * Restarting with stat
 * Debugger is active!
 * Debugger PIN: 250-402-423
 * Detected change in '/home/administrator/flask/app2.py', reloading
 * Restarting with stat
 * Debugger is active!
 * Debugger PIN: 250-402-423
 * Detected change in '/home/administrator/flask/app2.py', reloading
 * Restarting with stat
 * Debugger is active!
 * Debugger PIN: 250-402-423
10.100.140.241 - - [07/Aug/2024 17:18:46] "[33mDELETE /api/pn HTTP/1.1[0m" 404 -
10.100.140.241 - - [07/Aug/2024 17:19:34] "[33mGET /api/pn HTTP/1.1[0m" 404 -
 * Detected change in '/home/administrator/flask/app2.py', reloading
 * Restarting with stat
 * Debugger is active!
 * Debugger PIN: 250-402-423
 * Detected change in '/home/administrator/flask/app3.py', reloading
 * Restarting with stat
Traceback (most recent call last):
  File "/home/administrator/flask/app3.py", line 539, in <module>
    def get_data():
  File "/home/administrator/flask/myenv/lib/python3.8/site-packages/flask/sansio/scaffold.py", line 362, in decorator
    self.add_url_rule(rule, endpoint, f, **options)
  File "/home/administrator/flask/myenv/lib/python3.8/site-packages/flask/sansio/scaffold.py", line 47, in wrapper_func
    return f(self, *args, **kwargs)
  File "/home/administrator/flask/myenv/lib/python3.8/site-packages/flask/sansio/app.py", line 657, in add_url_rule
    raise AssertionError(
AssertionError: View function mapping is overwriting an existing endpoint function: get_data
 * Serving Flask app 'app3'
 * Debug mode: on
[31m[1mWARNING: This is a development server. Do not use it in a production deployment. Use a production WSGI server instead.[0m
 * Running on all addresses (0.0.0.0)
 * Running on http://127.0.0.1:5000
 * Running on http://10.100.130.76:5000
[33mPress CTRL+C to quit[0m
 * Restarting with stat
 * Debugger is active!
 * Debugger PIN: 250-402-423
10.100.140.241 - - [07/Aug/2024 17:20:52] "GET /api/pn HTTP/1.1" 200 -
10.100.140.241 - - [07/Aug/2024 17:23:36] "OPTIONS /api/data/revenue?Date>=31-07-24%20&&%20Date<=07-08-24 HTTP/1.1" 200 -
10.100.140.241 - - [07/Aug/2024 17:23:36] "OPTIONS /api/data/revenue?Date>=31-07-24%20&&%20Date<=07-08-24 HTTP/1.1" 200 -
10.100.140.241 - - [07/Aug/2024 17:23:36] "[31m[1mGET /api/data/revenue?Date>=31-07-24%20&&%20Date<=07-08-24 HTTP/1.1[0m" 401 -
10.100.140.241 - - [07/Aug/2024 17:23:36] "[31m[1mGET /api/data/revenue?Date>=31-07-24%20&&%20Date<=07-08-24 HTTP/1.1[0m" 401 -
10.100.140.241 - - [07/Aug/2024 17:23:41] "OPTIONS /api/data HTTP/1.1" 200 -
10.100.140.241 - - [07/Aug/2024 17:23:41] "OPTIONS /api/data HTTP/1.1" 200 -
10.100.140.241 - - [07/Aug/2024 17:23:41] "[31m[1mGET /api/data HTTP/1.1[0m" 401 -
10.100.140.241 - - [07/Aug/2024 17:23:41] "[31m[1mGET /api/data HTTP/1.1[0m" 401 -
10.100.140.241 - - [07/Aug/2024 17:23:47] "OPTIONS /api/login HTTP/1.1" 200 -
10.100.140.241 - - [07/Aug/2024 17:23:48] "POST /api/login HTTP/1.1" 200 -
10.100.140.241 - - [07/Aug/2024 17:23:48] "OPTIONS /api/data HTTP/1.1" 200 -
10.100.140.241 - - [07/Aug/2024 17:23:48] "OPTIONS /api/data HTTP/1.1" 200 -
10.100.140.241 - - [07/Aug/2024 17:23:49] "GET /api/data HTTP/1.1" 200 -
10.100.140.241 - - [07/Aug/2024 17:23:49] "GET /api/data HTTP/1.1" 200 -
10.100.140.241 - - [07/Aug/2024 17:23:53] "OPTIONS /api/data/revenue?Date>=31-07-24%20&&%20Date<=07-08-24 HTTP/1.1" 200 -
10.100.140.241 - - [07/Aug/2024 17:23:53] "OPTIONS /api/data/revenue?Date>=31-07-24%20&&%20Date<=07-08-24 HTTP/1.1" 200 -
/home/administrator/flask/app3.py:634: SAWarning: SELECT statement has a cartesian product between FROM element(s) "client_rate" and FROM element "eod_dump".  Apply join condition(s) between each element to resolve.
  revenue = db.session.query(
10.100.140.241 - - [07/Aug/2024 17:23:54] "GET /api/data/revenue?Date>=31-07-24%20&&%20Date<=07-08-24 HTTP/1.1" 200 -
10.100.140.241 - - [07/Aug/2024 17:23:55] "GET /api/data/revenue?Date>=31-07-24%20&&%20Date<=07-08-24 HTTP/1.1" 200 -
10.100.140.241 - - [07/Aug/2024 17:23:59] "OPTIONS /api/data/revenue?Date>=31-07-24%20&&%20Date<=07-08-24 HTTP/1.1" 200 -
10.100.140.241 - - [07/Aug/2024 17:23:59] "OPTIONS /api/data/revenue?Date>=31-07-24%20&&%20Date<=07-08-24 HTTP/1.1" 200 -
10.100.140.241 - - [07/Aug/2024 17:24:00] "GET /api/data/revenue?Date>=31-07-24%20&&%20Date<=07-08-24 HTTP/1.1" 200 -
10.100.140.241 - - [07/Aug/2024 17:24:01] "GET /api/data/revenue?Date>=31-07-24%20&&%20Date<=07-08-24 HTTP/1.1" 200 -
10.100.140.241 - - [07/Aug/2024 17:24:14] "OPTIONS /api/data/revenue?Date>=31-08-22%20&&%20Date<=07-08-24 HTTP/1.1" 200 -
10.100.140.241 - - [07/Aug/2024 17:24:15] "GET /api/data/revenue?Date>=31-08-22%20&&%20Date<=07-08-24 HTTP/1.1" 200 -
10.100.140.241 - - [07/Aug/2024 17:24:17] "OPTIONS /api/data/revenue?Date>=23-08-22%20&&%20Date<=07-08-24 HTTP/1.1" 200 -
10.100.140.241 - - [07/Aug/2024 17:24:19] "GET /api/data/revenue?Date>=23-08-22%20&&%20Date<=07-08-24 HTTP/1.1" 200 -
10.100.140.241 - - [07/Aug/2024 17:24:27] "OPTIONS /api/data/revenue?Date>=23-08-22%20&&%20Date<=07-08-22 HTTP/1.1" 200 -
10.100.140.241 - - [07/Aug/2024 17:24:28] "GET /api/data/revenue?Date>=23-08-22%20&&%20Date<=07-08-22 HTTP/1.1" 200 -
10.100.140.241 - - [07/Aug/2024 17:24:28] "OPTIONS /api/data/revenue?Date>=23-08-22%20&&%20Date<=30-08-22 HTTP/1.1" 200 -
10.100.140.241 - - [07/Aug/2024 17:24:30] "GET /api/data/revenue?Date>=23-08-22%20&&%20Date<=30-08-22 HTTP/1.1" 200 -
10.100.140.241 - - [07/Aug/2024 17:24:58] "OPTIONS /api/data/revenue?Date>=23-08-22%20&&%20Date<=30-08-22 HTTP/1.1" 200 -
10.100.140.241 - - [07/Aug/2024 17:24:59] "GET /api/data/revenue?Date>=23-08-22%20&&%20Date<=30-08-22 HTTP/1.1" 200 -
10.100.140.241 - - [07/Aug/2024 17:25:03] "OPTIONS /api/data/revenue?Date>=31-07-24%20&&%20Date<=07-08-24 HTTP/1.1" 200 -
10.100.140.241 - - [07/Aug/2024 17:25:03] "OPTIONS /api/data/revenue?Date>=31-07-24%20&&%20Date<=07-08-24 HTTP/1.1" 200 -
10.100.140.241 - - [07/Aug/2024 17:25:04] "GET /api/data/revenue?Date>=31-07-24%20&&%20Date<=07-08-24 HTTP/1.1" 200 -
10.100.140.241 - - [07/Aug/2024 17:25:05] "GET /api/data/revenue?Date>=31-07-24%20&&%20Date<=07-08-24 HTTP/1.1" 200 -
10.100.140.241 - - [07/Aug/2024 17:25:12] "OPTIONS /api/data/revenue?Date>=31-08-22%20&&%20Date<=07-08-24 HTTP/1.1" 200 -
10.100.140.241 - - [07/Aug/2024 17:25:13] "GET /api/data/revenue?Date>=31-08-22%20&&%20Date<=07-08-24 HTTP/1.1" 200 -
10.100.140.241 - - [07/Aug/2024 17:25:18] "OPTIONS /api/data/revenue?Date>=23-08-22%20&&%20Date<=07-08-24 HTTP/1.1" 200 -
10.100.140.241 - - [07/Aug/2024 17:25:19] "GET /api/data/revenue?Date>=23-08-22%20&&%20Date<=07-08-24 HTTP/1.1" 200 -
10.100.140.241 - - [07/Aug/2024 17:25:37] "OPTIONS /api/data/revenue?Date>=23-08-22%20&&%20Date<=07-08-22 HTTP/1.1" 200 -
10.100.140.241 - - [07/Aug/2024 17:25:38] "GET /api/data/revenue?Date>=23-08-22%20&&%20Date<=07-08-22 HTTP/1.1" 200 -
10.100.140.241 - - [07/Aug/2024 17:25:39] "OPTIONS /api/data/revenue?Date>=23-08-22%20&&%20Date<=30-08-22 HTTP/1.1" 200 -
10.100.140.241 - - [07/Aug/2024 17:25:40] "GET /api/data/revenue?Date>=23-08-22%20&&%20Date<=30-08-22 HTTP/1.1" 200 -
10.100.140.241 - - [07/Aug/2024 17:26:37] "OPTIONS /api/data/revenue?Date>=23-08-22%20&&%20Date<=30-08-22 HTTP/1.1" 200 -
10.100.140.241 - - [07/Aug/2024 17:26:38] "GET /api/data/revenue?Date>=23-08-22%20&&%20Date<=30-08-22 HTTP/1.1" 200 -
10.100.140.241 - - [07/Aug/2024 17:32:11] "[31m[1mGET /api/data/revenue?Date>=23-08-22%20&&%20Date<=30-08-22%20&&%20Approved_Status="Approved" HTTP/1.1[0m" 401 -
10.100.140.241 - - [07/Aug/2024 17:32:23] "POST /api/login HTTP/1.1" 200 -
10.100.140.241 - - [07/Aug/2024 17:32:49] "GET /api/data/revenue?Date>=23-08-22%20&&%20Date<=30-08-22%20&&%20Approved_Status="Approved" HTTP/1.1" 200 -
10.100.140.241 - - [07/Aug/2024 17:33:00] "GET /api/data/revenue?Date>=23-08-22%20&&%20Date<=30-08-22%20&&%20Approved_Status=="Approved" HTTP/1.1" 200 -
10.100.140.241 - - [07/Aug/2024 17:33:29] "GET /api/data/revenue?Approved_Status=="Approved" HTTP/1.1" 200 -
